transaction_id,category,budget,amount,category_match,quantity_match,time_match,merchant_trust,historical_success,previous_violations,intent_similarity,violation_type,authorized
TXN00001,smartphone,4278,2016,1,1,1,0.4,0.46,5,0.98,none,1
TXN00002,smartphone,78397,25154,1,1,1,0.45,0.7,0,0.91,none,1
TXN00003,groceries,29893,14789,1,1,1,0.91,0.86,1,0.94,none,1
TXN00004,flight,37421,20622,1,0,1,0.57,0.62,2,0.5,quantity_violation,0
TXN00005,laptop,96647,37438,1,1,1,0.95,0.45,2,0.97,none,1
TXN00006,flight,76674,83142,1,1,1,0.46,0.57,0,0.63,budget_violation,0
TXN00007,smartphone,50823,29544,1,0,1,0.55,0.8,5,0.67,quantity_violation,0
TXN00008,smartphone,80840,54477,1,1,1,0.47,0.68,2,1.0,none,1
TXN00009,shoes,90733,76017,1,1,1,0.34,0.89,2,0.88,none,1
TXN00010,smartphone,28653,19971,1,1,1,0.8,0.53,3,0.88,none,1
TXN00011,books,19726,17210,0,1,1,0.68,0.85,3,0.65,category_mismatch,0
TXN00012,groceries,48447,36566,0,1,1,0.36,0.43,0,0.28,category_mismatch,0
TXN00013,headphones,90192,31068,1,1,1,0.57,1.0,4,0.85,none,1
TXN00014,laptop,90166,70076,1,1,1,0.68,0.56,5,0.87,none,1
TXN00015,hotel,57985,102364,1,1,1,0.91,0.56,4,0.58,budget_violation,0
TXN00016,smartphone,82959,66739,1,1,1,0.41,0.86,4,0.68,merchant_violation,0
TXN00017,laptop,79504,24935,1,1,1,0.95,0.93,2,0.85,none,1
TXN00018,shoes,75364,27127,1,1,1,0.64,0.44,4,0.95,none,1
TXN00019,headphones,87474,59907,1,1,1,0.49,0.92,3,0.99,none,1
TXN00020,shoes,94447,94126,1,1,1,0.75,0.66,4,0.89,none,1
TXN00021,shoes,30451,45409,1,1,1,0.46,0.53,0,0.55,budget_violation,0
TXN00022,laptop,31007,52548,1,1,1,0.35,0.54,5,0.44,budget_violation,0
TXN00023,headphones,95811,67041,1,1,1,0.63,0.87,3,0.84,none,1
TXN00024,smartphone,87374,52119,1,1,1,0.63,0.84,5,0.93,none,1
TXN00025,smartphone,8944,4807,1,1,1,0.9,0.55,1,0.91,none,1
TXN00026,headphones,56296,35179,1,1,0,0.95,0.67,4,0.25,time_violation,0
TXN00027,laptop,13224,11823,1,1,1,0.42,0.69,1,0.97,none,1
TXN00028,laptop,22579,22346,1,1,1,0.49,0.87,3,0.86,none,1
TXN00029,books,21289,20955,0,1,1,0.71,0.73,5,0.36,category_mismatch,0
TXN00030,laptop,77569,73191,1,1,1,0.67,0.43,4,0.82,none,1
TXN00031,headphones,9981,7711,1,1,1,0.46,0.47,4,0.85,none,1
TXN00032,laptop,82183,64317,1,1,1,0.52,0.56,5,0.56,merchant_violation,0
TXN00033,shoes,35814,27583,1,1,1,0.51,0.59,0,0.8,none,1
TXN00034,smartphone,10602,6934,1,1,1,0.39,0.61,0,0.98,none,1
TXN00035,flight,38353,32667,1,1,1,0.73,0.99,5,0.46,merchant_violation,0
TXN00036,hotel,87951,55605,0,1,1,0.92,0.85,1,0.34,category_mismatch,0
TXN00037,shoes,95058,74263,1,1,1,0.9,0.7,2,0.98,none,1
TXN00038,laptop,13097,11532,1,1,1,0.33,0.6,1,0.93,none,1
TXN00039,hotel,22178,15218,1,1,1,0.6,0.41,0,0.99,none,1
TXN00040,headphones,72511,57374,1,0,1,0.4,0.48,2,0.38,quantity_violation,0
TXN00041,laptop,47898,39921,0,1,1,0.55,0.74,3,0.69,category_mismatch,0
TXN00042,headphones,32029,31495,1,1,1,0.87,0.93,0,0.84,none,1
TXN00043,flight,54964,49733,1,1,1,0.87,0.56,5,0.82,none,1
TXN00044,laptop,62694,42307,1,1,0,0.87,0.92,1,0.21,time_violation,0
TXN00045,shoes,53227,48172,1,1,1,0.98,0.57,5,0.9,none,1
TXN00046,flight,4617,2720,1,0,1,0.97,0.56,0,0.5,quantity_violation,0
TXN00047,flight,96491,58422,1,1,1,0.99,0.47,4,0.84,none,1
TXN00048,laptop,93901,62345,1,1,1,0.86,0.81,5,0.95,none,1
TXN00049,shoes,48739,46994,1,1,1,0.94,0.77,5,0.97,none,1
TXN00050,hotel,67469,39528,1,1,1,0.58,0.58,1,0.84,none,1
TXN00051,groceries,89777,37869,1,1,1,0.7,0.64,0,0.86,none,1
TXN00052,shoes,57346,41556,1,1,1,0.53,0.67,5,0.84,none,1
TXN00053,books,97463,123080,1,1,1,0.76,0.77,0,0.61,budget_violation,0
TXN00054,shoes,89184,77107,1,1,1,0.4,0.43,3,0.92,none,1
TXN00055,smartphone,60692,44962,1,1,1,0.44,0.82,3,0.88,none,1
TXN00056,headphones,86990,80453,1,1,1,0.9,0.93,3,0.84,none,1
TXN00057,books,7582,7143,1,1,1,0.38,0.48,3,0.93,none,1
TXN00058,flight,99992,72879,1,1,1,0.8,0.7,4,0.89,none,1
TXN00059,headphones,98472,60565,1,1,1,0.83,0.9,2,0.95,none,1
TXN00060,books,83149,44795,1,1,0,0.5,0.56,2,0.65,time_violation,0
TXN00061,smartphone,19136,16207,1,1,0,0.79,0.44,3,0.37,time_violation,0
TXN00062,books,55496,38555,1,1,0,0.84,0.97,0,0.63,time_violation,0
TXN00063,groceries,63518,41242,1,0,1,0.57,0.93,3,0.47,quantity_violation,0
TXN00064,shoes,64993,48278,1,1,0,0.57,0.8,3,0.56,time_violation,0
TXN00065,books,17728,11946,1,1,1,0.93,0.76,5,0.81,none,1
TXN00066,groceries,18786,8025,1,1,1,0.48,0.6,3,0.87,none,1
TXN00067,groceries,37471,33062,1,1,1,0.48,0.45,0,0.95,none,1
TXN00068,laptop,46870,76675,1,1,1,0.76,0.85,1,0.3,budget_violation,0
TXN00069,laptop,82439,60739,0,1,1,0.38,0.97,3,0.55,category_mismatch,0
TXN00070,flight,22992,22408,1,1,1,0.8,0.87,1,0.99,none,1
TXN00071,smartphone,76849,60549,1,0,1,0.94,0.63,5,0.3,quantity_violation,0
TXN00072,shoes,14356,7337,1,1,1,0.78,0.88,4,0.96,none,1
TXN00073,flight,70827,39620,1,1,1,0.65,0.6,3,0.96,none,1
TXN00074,smartphone,57822,43072,1,1,1,0.88,0.82,3,0.84,none,1
TXN00075,hotel,81728,55307,1,1,1,0.64,0.66,5,0.92,none,1
TXN00076,flight,33177,11965,1,1,1,0.92,0.55,3,0.91,none,1
TXN00077,groceries,45092,26645,1,0,1,0.45,0.88,2,0.34,quantity_violation,0
TXN00078,hotel,73848,40085,0,1,1,0.8,0.69,1,0.55,category_mismatch,0
TXN00079,books,59743,21814,1,1,1,0.46,0.82,2,0.93,none,1
TXN00080,flight,63031,34076,1,1,1,1.0,0.73,2,0.94,none,1
TXN00081,hotel,41189,65530,1,1,1,0.52,0.85,5,0.29,budget_violation,0
TXN00082,shoes,97810,78953,1,1,1,0.98,0.71,2,1.0,none,1
TXN00083,shoes,39829,25934,0,1,1,0.8,0.48,0,0.69,category_mismatch,0
TXN00084,hotel,92411,68985,1,1,1,0.83,0.46,0,0.91,none,1
TXN00085,books,63746,27350,1,1,1,0.34,0.96,3,0.82,none,1
TXN00086,smartphone,53521,37674,1,1,1,0.78,0.49,4,0.99,none,1
TXN00087,smartphone,33530,26929,1,1,0,0.85,0.54,4,0.39,time_violation,0
TXN00088,books,39974,39695,1,1,1,0.51,0.77,4,0.99,none,1
TXN00089,smartphone,28235,13701,1,1,1,0.36,0.54,4,0.82,none,1
TXN00090,laptop,54545,39036,1,1,1,0.5,0.54,5,0.86,none,1
TXN00091,books,10329,9778,1,1,1,0.85,0.78,5,0.96,none,1
TXN00092,shoes,56723,46729,0,1,1,0.94,0.9,0,0.23,category_mismatch,0
TXN00093,hotel,78993,55172,1,1,1,0.5,0.47,5,0.86,none,1
TXN00094,groceries,36683,23684,1,1,1,0.36,0.42,3,0.95,none,1
TXN00095,hotel,4390,3483,1,1,1,0.31,0.86,2,0.49,merchant_violation,0
TXN00096,headphones,62669,38200,1,1,1,0.49,1.0,3,0.93,none,1
TXN00097,books,12959,7591,1,1,1,0.52,0.46,1,0.87,none,1
TXN00098,books,38777,22502,1,1,1,0.83,0.42,0,0.86,none,1
TXN00099,flight,16194,9439,1,1,1,0.66,0.99,5,0.97,none,1
TXN00100,books,55165,37561,1,1,1,0.83,0.78,0,0.3,merchant_violation,0
TXN00101,headphones,38752,30566,1,1,1,0.38,0.98,4,0.96,none,1
TXN00102,headphones,41730,28650,1,1,1,0.37,1.0,0,0.89,none,1
TXN00103,smartphone,85896,55734,1,1,1,0.8,0.71,2,0.88,none,1
TXN00104,books,62894,35995,1,1,1,0.43,0.76,5,0.64,merchant_violation,0
TXN00105,smartphone,37208,33416,1,1,1,0.54,0.87,2,0.96,none,1
TXN00106,hotel,96164,75965,1,1,1,0.76,0.92,3,0.47,merchant_violation,0
TXN00107,flight,44573,30327,1,1,1,0.62,0.59,1,1.0,none,1
TXN00108,shoes,75946,68291,1,1,1,0.59,0.59,3,0.94,none,1
TXN00109,groceries,51604,44104,1,1,1,0.76,0.49,0,0.83,none,1
TXN00110,flight,14154,8608,1,1,1,0.67,0.67,5,0.83,none,1
TXN00111,headphones,10807,10574,1,1,1,0.54,0.82,5,0.82,none,1
TXN00112,flight,89389,50594,1,1,1,0.52,0.83,3,0.97,none,1
TXN00113,laptop,81931,81825,1,0,1,0.82,0.66,0,0.58,quantity_violation,0
TXN00114,smartphone,59153,56296,1,0,1,0.33,0.88,2,0.38,quantity_violation,0
TXN00115,groceries,20080,15721,1,1,0,0.85,0.5,0,0.5,time_violation,0
TXN00116,groceries,82226,53312,1,1,1,0.71,0.54,5,0.85,none,1
TXN00117,hotel,88404,84037,1,1,0,0.77,0.49,3,0.67,time_violation,0
TXN00118,hotel,84746,66374,1,1,1,0.62,0.58,3,0.97,none,1
TXN00119,smartphone,32091,17690,1,1,1,0.51,0.82,0,1.0,none,1
TXN00120,groceries,36976,64078,1,1,1,0.82,0.9,2,0.59,budget_violation,0
TXN00121,shoes,80569,36522,1,1,1,0.43,0.55,5,0.95,none,1
TXN00122,headphones,83345,106823,1,1,1,0.61,0.75,5,0.27,budget_violation,0
TXN00123,hotel,43823,18534,1,1,1,0.39,0.72,2,0.91,none,1
TXN00124,hotel,22567,22198,1,1,0,0.51,0.92,0,0.43,time_violation,0
TXN00125,smartphone,19449,8906,1,1,1,0.77,0.8,3,0.99,none,1
TXN00126,flight,12836,3975,1,1,1,0.68,0.67,5,0.95,none,1
TXN00127,hotel,77619,57980,1,1,1,0.56,0.8,3,0.81,none,1
TXN00128,flight,80964,123595,1,1,1,0.62,0.82,5,0.4,budget_violation,0
TXN00129,headphones,6943,3562,1,1,1,0.64,0.46,4,0.83,none,1
TXN00130,books,49629,40705,1,1,1,0.96,0.65,5,0.95,none,1
TXN00131,groceries,86841,70152,1,1,0,0.96,0.57,5,0.39,time_violation,0
TXN00132,books,59287,53288,1,1,1,0.37,0.81,4,0.98,none,1
TXN00133,flight,8936,3868,1,1,1,0.39,0.91,3,0.82,none,1
TXN00134,shoes,85109,83386,1,1,1,0.34,0.6,1,0.96,none,1
TXN00135,shoes,9992,6873,1,1,1,0.71,0.89,1,0.87,none,1
TXN00136,headphones,79116,78622,0,1,1,0.68,0.88,0,0.53,category_mismatch,0
TXN00137,laptop,18275,14518,0,1,1,0.31,0.56,1,0.57,category_mismatch,0
TXN00138,smartphone,98735,87776,1,1,0,0.66,0.47,4,0.31,time_violation,0
TXN00139,laptop,96321,87352,1,1,1,0.67,0.67,0,0.81,none,1
TXN00140,books,53640,20145,1,1,1,0.8,0.67,0,0.86,none,1
TXN00141,headphones,9609,7846,1,1,1,0.68,0.6,4,0.47,merchant_violation,0
TXN00142,books,67263,24848,1,1,1,0.79,0.91,5,0.98,none,1
TXN00143,shoes,57370,26387,1,1,1,0.54,0.67,3,0.95,none,1
TXN00144,flight,56936,27239,1,1,1,0.97,0.81,3,0.81,none,1
TXN00145,smartphone,13219,10855,1,1,1,0.56,0.48,0,0.92,none,1
TXN00146,flight,88819,83205,1,0,1,0.96,0.65,5,0.23,quantity_violation,0
TXN00147,hotel,79696,29688,1,1,1,0.66,0.49,3,0.84,none,1
TXN00148,smartphone,46890,26131,1,1,1,0.83,0.74,3,0.97,none,1
TXN00149,laptop,80822,71173,1,1,1,0.49,0.51,5,0.95,none,1
TXN00150,flight,47009,36815,0,1,1,0.58,0.49,5,0.69,category_mismatch,0
TXN00151,smartphone,98794,55654,1,1,1,0.62,0.49,2,0.94,none,1
TXN00152,smartphone,7895,4143,1,1,1,0.36,0.67,3,0.44,merchant_violation,0
TXN00153,books,55287,30789,1,1,1,0.6,0.57,5,0.5,merchant_violation,0
TXN00154,hotel,6952,3666,1,1,1,0.44,0.97,1,0.58,merchant_violation,0
TXN00155,hotel,44007,38440,1,1,0,0.42,0.63,5,0.32,time_violation,0
TXN00156,flight,10447,8560,1,1,1,0.61,0.68,0,0.97,none,1
TXN00157,groceries,76156,56972,1,1,1,0.5,0.64,2,0.83,none,1
TXN00158,books,91388,33054,1,1,1,0.89,0.55,4,0.88,none,1
TXN00159,smartphone,52873,43464,1,1,1,0.46,0.87,0,0.9,none,1
TXN00160,smartphone,70547,65901,1,1,1,0.54,0.84,5,0.96,none,1
TXN00161,shoes,14474,8492,0,1,1,0.41,0.86,0,0.29,category_mismatch,0
TXN00162,books,61811,51421,1,1,1,0.61,0.95,4,0.93,none,1
TXN00163,flight,83210,50577,1,1,1,0.63,0.78,2,0.92,none,1
TXN00164,flight,67497,48999,1,1,0,0.34,0.9,0,0.52,time_violation,0
TXN00165,smartphone,81610,46447,1,1,1,0.71,0.97,5,0.98,none,1
TXN00166,books,75928,39867,1,1,1,0.63,0.49,0,0.89,none,1
TXN00167,flight,94626,49164,0,1,1,0.8,0.99,4,0.46,category_mismatch,0
TXN00168,headphones,48696,24251,1,1,1,0.59,0.6,4,0.81,none,1
TXN00169,flight,9639,6656,1,1,1,0.57,0.55,5,0.99,none,1
TXN00170,headphones,44694,42833,0,1,1,0.52,0.79,5,0.4,category_mismatch,0
TXN00171,smartphone,41577,31201,1,1,1,0.53,0.48,5,0.97,none,1
TXN00172,smartphone,85675,56197,1,1,1,0.31,0.59,1,0.87,none,1
TXN00173,books,26166,15110,0,1,1,0.51,0.87,4,0.59,category_mismatch,0
TXN00174,laptop,87760,73403,1,1,1,0.39,0.63,1,0.84,none,1
TXN00175,headphones,95526,56131,1,1,1,0.77,0.54,3,0.92,none,1
TXN00176,books,31671,16362,1,1,1,0.87,0.68,1,0.87,none,1
TXN00177,books,61513,51959,1,1,1,0.65,0.65,1,0.96,none,1
TXN00178,headphones,33768,31642,1,1,0,0.69,0.46,4,0.63,time_violation,0
TXN00179,hotel,11993,5888,1,1,1,0.93,0.49,3,0.82,none,1
TXN00180,shoes,60130,57203,1,1,1,0.59,0.64,2,0.85,none,1
TXN00181,smartphone,50140,48405,1,0,1,0.89,0.79,1,0.27,quantity_violation,0
TXN00182,hotel,62925,24990,1,1,1,0.79,0.67,0,0.98,none,1
TXN00183,laptop,34544,26750,0,1,1,0.81,0.72,0,0.59,category_mismatch,0
TXN00184,shoes,40472,28731,0,1,1,0.86,0.67,0,0.62,category_mismatch,0
TXN00185,books,79215,58806,1,1,1,0.7,0.83,2,0.89,none,1
TXN00186,flight,32531,14024,1,1,1,0.77,0.71,2,0.81,none,1
TXN00187,laptop,52177,17243,1,1,1,0.57,0.62,5,0.8,none,1
TXN00188,smartphone,46193,75231,1,1,1,0.81,0.6,0,0.38,budget_violation,0
TXN00189,flight,85252,84434,1,1,0,0.63,0.51,1,0.23,time_violation,0
TXN00190,books,5847,9608,1,1,1,0.92,0.59,2,0.46,budget_violation,0
TXN00191,books,34202,21993,0,1,1,0.9,0.43,5,0.37,category_mismatch,0
TXN00192,smartphone,49237,28558,1,1,1,0.61,0.97,2,0.99,none,1
TXN00193,books,91710,86850,1,1,1,0.66,0.88,5,0.88,none,1
TXN00194,groceries,79964,34090,1,1,1,0.51,0.46,2,0.93,none,1
TXN00195,hotel,59447,35566,1,1,1,0.78,0.61,0,0.95,none,1
TXN00196,flight,81589,40157,1,1,1,0.99,0.97,0,0.93,none,1
TXN00197,groceries,48619,40107,1,1,1,0.41,0.42,4,0.94,none,1
TXN00198,books,5561,4945,0,1,1,0.56,0.63,4,0.22,category_mismatch,0
TXN00199,headphones,90006,50374,1,1,1,0.61,0.45,1,0.91,none,1
TXN00200,groceries,42207,20036,1,1,1,0.38,0.84,3,0.9,none,1
TXN00201,smartphone,35311,27995,1,1,1,0.45,0.77,5,0.98,none,1
TXN00202,books,27237,37833,1,1,1,0.93,0.67,0,0.61,budget_violation,0
TXN00203,flight,88535,30585,1,1,1,0.68,0.93,1,0.94,none,1
TXN00204,headphones,48381,18624,1,1,1,0.44,0.48,3,0.81,none,1
TXN00205,flight,62263,42721,1,1,1,0.73,0.45,2,0.88,none,1
TXN00206,books,69903,41005,1,1,1,0.7,0.48,2,0.93,none,1
TXN00207,books,62057,33582,1,1,1,0.91,0.87,5,0.92,none,1
TXN00208,headphones,57704,52380,1,1,1,0.88,0.71,2,0.83,none,1
TXN00209,flight,93973,89035,1,1,1,0.89,0.55,5,0.68,merchant_violation,0
TXN00210,hotel,17406,12708,1,1,1,0.37,0.78,4,0.99,none,1
TXN00211,headphones,23439,18855,1,1,1,0.72,0.91,4,0.81,none,1
TXN00212,laptop,11646,7364,1,1,1,0.45,0.74,4,0.52,merchant_violation,0
TXN00213,books,83203,62346,1,1,1,0.51,0.55,5,0.88,none,1
TXN00214,books,10564,4338,1,1,1,0.59,0.68,2,0.92,none,1
TXN00215,flight,95157,94359,1,1,1,0.54,0.64,2,0.9,none,1
TXN00216,smartphone,42827,53559,1,1,1,0.47,0.46,2,0.67,budget_violation,0
TXN00217,groceries,33541,31247,1,1,1,0.87,0.96,5,0.86,none,1
TXN00218,headphones,66308,41559,1,1,1,0.92,0.7,0,0.99,none,1
TXN00219,books,32552,17067,1,0,1,0.5,0.76,5,0.54,quantity_violation,0
TXN00220,hotel,71345,97970,1,1,1,0.92,0.84,3,0.38,budget_violation,0
TXN00221,groceries,7705,3361,1,1,1,0.69,0.44,4,0.89,none,1
TXN00222,hotel,82689,31683,1,1,1,0.98,0.64,2,0.91,none,1
TXN00223,flight,99954,75421,1,1,1,0.65,0.43,1,0.56,merchant_violation,0
TXN00224,books,69069,50032,1,1,1,0.66,0.6,4,0.86,none,1
TXN00225,groceries,81805,41676,1,1,1,0.54,0.9,4,0.9,none,1
TXN00226,hotel,63245,35281,1,1,1,0.77,0.99,4,0.86,none,1
TXN00227,laptop,79238,77411,1,1,1,0.85,0.87,4,0.85,none,1
TXN00228,laptop,77483,51678,1,1,1,0.8,0.86,3,0.83,none,1
TXN00229,shoes,5138,4060,1,1,1,0.43,0.66,3,0.83,none,1
TXN00230,shoes,54788,39887,1,1,1,0.63,0.91,5,0.81,none,1
TXN00231,headphones,68984,68919,1,0,1,0.63,0.63,1,0.43,quantity_violation,0
TXN00232,flight,72601,61013,1,1,1,0.8,0.79,5,0.85,none,1
TXN00233,books,26200,12976,1,1,1,0.51,0.96,2,0.95,none,1
TXN00234,shoes,91471,47741,1,1,1,0.54,0.96,5,0.85,none,1
TXN00235,smartphone,76166,43093,1,1,1,0.99,0.89,1,0.86,none,1
TXN00236,hotel,94603,78329,1,1,0,0.82,0.53,4,0.34,time_violation,0
TXN00237,hotel,18992,11768,1,1,1,0.34,0.94,1,0.52,merchant_violation,0
TXN00238,laptop,14133,11336,1,1,1,0.37,0.86,0,0.99,none,1
TXN00239,headphones,54334,49794,1,1,1,0.63,0.79,2,0.86,none,1
TXN00240,laptop,12725,5886,1,1,1,0.82,0.91,0,0.98,none,1
TXN00241,headphones,55773,23594,1,1,1,0.94,1.0,3,0.96,none,1
TXN00242,headphones,99173,94038,1,1,1,0.91,0.41,4,0.92,none,1
TXN00243,flight,38298,28682,1,1,1,0.67,0.93,1,0.97,none,1
TXN00244,books,36761,47716,1,1,1,0.81,0.79,5,0.29,budget_violation,0
TXN00245,flight,39669,32929,1,1,1,0.42,0.91,3,0.97,none,1
TXN00246,flight,12368,4536,1,1,1,0.99,0.69,1,0.8,none,1
TXN00247,groceries,31870,15517,1,1,1,0.53,0.75,4,0.8,none,1
TXN00248,flight,91802,128435,1,1,1,0.41,0.81,5,0.58,budget_violation,0
TXN00249,smartphone,84717,42911,1,1,1,0.73,0.53,1,0.9,none,1
TXN00250,books,99007,55596,1,1,1,0.79,0.95,4,0.96,none,1
TXN00251,shoes,33435,23975,1,1,1,0.85,0.72,4,0.94,none,1
TXN00252,smartphone,74946,71306,1,1,1,0.44,0.72,1,0.36,merchant_violation,0
TXN00253,books,16235,13017,1,1,1,0.64,0.94,3,0.96,none,1
TXN00254,books,18294,11337,1,1,1,0.34,0.68,2,0.94,none,1
TXN00255,groceries,34352,28239,1,1,1,0.7,0.43,2,0.94,none,1
TXN00256,laptop,10046,6333,1,1,1,0.5,0.51,1,0.95,none,1
TXN00257,groceries,50081,28432,1,1,1,0.91,0.94,3,0.82,none,1
TXN00258,headphones,86660,33194,1,1,1,0.99,0.64,1,0.95,none,1
TXN00259,shoes,1455,1433,1,1,1,0.62,0.83,3,0.91,none,1
TXN00260,shoes,33441,13663,1,1,1,0.43,0.93,0,0.81,none,1
TXN00261,groceries,81599,74959,1,1,1,0.31,0.52,0,0.92,none,1
TXN00262,books,79352,72253,1,1,1,0.47,0.43,3,0.85,none,1
TXN00263,shoes,99878,33909,1,1,1,0.65,0.57,5,0.92,none,1
TXN00264,flight,32051,12829,1,1,1,0.76,0.53,2,0.86,none,1
TXN00265,headphones,83050,57229,1,1,1,0.33,0.61,5,0.93,none,1
TXN00266,flight,92266,37317,1,1,1,0.56,0.85,3,0.85,none,1
TXN00267,shoes,40418,16209,1,1,1,0.62,0.43,3,0.99,none,1
TXN00268,headphones,51910,34526,0,1,1,0.36,0.67,2,0.25,category_mismatch,0
TXN00269,shoes,7755,6215,1,1,1,0.91,0.51,4,0.56,merchant_violation,0
TXN00270,shoes,63835,41594,1,0,1,0.94,0.53,1,0.68,quantity_violation,0
TXN00271,smartphone,98894,62821,1,1,1,0.47,0.76,1,0.88,none,1
TXN00272,shoes,73362,36544,1,1,1,0.63,0.79,2,0.85,none,1
TXN00273,books,62080,54680,1,1,0,0.52,0.52,2,0.41,time_violation,0
TXN00274,shoes,98157,76234,1,0,1,0.71,0.83,2,0.28,quantity_violation,0
TXN00275,flight,31149,27515,1,1,1,0.65,0.79,5,0.87,none,1
TXN00276,books,95838,61663,1,1,1,0.42,0.88,1,0.83,none,1
TXN00277,books,25123,17070,1,1,1,0.75,0.44,0,0.97,none,1
TXN00278,smartphone,88584,120411,1,1,1,0.89,0.54,5,0.28,budget_violation,0
TXN00279,shoes,67287,23033,1,1,1,0.75,0.96,3,0.93,none,1
TXN00280,laptop,1866,1097,1,1,1,0.31,0.83,4,1.0,none,1
TXN00281,laptop,66826,51577,1,1,1,0.86,0.95,0,0.98,none,1
TXN00282,headphones,32584,20404,1,1,1,0.55,0.88,0,0.39,merchant_violation,0
TXN00283,groceries,61161,60742,1,1,1,0.46,0.81,0,0.93,none,1
TXN00284,laptop,13255,7476,1,1,1,0.63,0.78,5,0.83,none,1
TXN00285,books,57873,30782,1,1,1,0.98,0.98,4,0.98,none,1
TXN00286,shoes,28710,22525,1,1,1,0.7,0.56,0,0.94,none,1
TXN00287,hotel,72176,23315,1,1,1,0.95,0.59,1,0.92,none,1
TXN00288,groceries,11084,6874,1,1,1,0.88,0.63,4,0.37,merchant_violation,0
TXN00289,headphones,91349,59427,1,1,1,0.98,0.43,3,0.85,none,1
TXN00290,smartphone,45642,33305,1,1,1,0.72,0.98,2,0.81,none,1
TXN00291,hotel,60054,32973,1,1,1,0.96,0.66,5,0.92,none,1
TXN00292,groceries,12232,6198,1,1,1,0.47,0.44,2,0.83,none,1
TXN00293,headphones,97948,54115,1,1,1,0.36,0.97,3,0.87,none,1
TXN00294,hotel,14399,10302,0,1,1,0.69,0.71,0,0.21,category_mismatch,0
TXN00295,flight,73642,65704,1,1,1,0.9,0.41,3,0.39,merchant_violation,0
TXN00296,smartphone,96006,89635,1,1,1,0.98,0.74,1,0.94,none,1
TXN00297,headphones,19198,14332,1,0,1,0.34,0.66,3,0.35,quantity_violation,0
TXN00298,smartphone,48333,41588,0,1,1,0.65,0.77,3,0.25,category_mismatch,0
TXN00299,hotel,1887,1004,1,1,1,0.73,0.88,2,0.89,none,1
TXN00300,groceries,86332,34125,1,1,1,0.52,0.97,1,0.9,none,1
TXN00301,headphones,53198,26812,1,1,1,0.79,0.69,4,0.96,none,1
TXN00302,flight,50290,34323,1,1,0,0.95,0.52,4,0.29,time_violation,0
TXN00303,laptop,96317,76654,1,1,1,0.61,0.57,5,0.81,none,1
TXN00304,groceries,89208,66311,1,1,1,0.47,0.8,5,0.88,none,1
TXN00305,groceries,10694,7684,1,1,1,0.71,0.72,5,0.88,none,1
TXN00306,laptop,48124,41800,1,1,1,0.72,0.95,0,0.95,none,1
TXN00307,flight,22802,7547,1,1,1,0.99,0.81,3,0.99,none,1
TXN00308,flight,57420,71433,1,1,1,0.66,0.71,4,0.54,budget_violation,0
TXN00309,shoes,59429,37092,1,1,1,0.78,0.81,1,0.87,none,1
TXN00310,laptop,64277,61723,1,1,0,0.36,0.9,5,0.27,time_violation,0
TXN00311,hotel,45966,20446,1,1,1,0.64,0.69,3,0.94,none,1
TXN00312,books,42800,70946,1,1,1,0.38,0.91,5,0.25,budget_violation,0
TXN00313,headphones,98057,76087,0,1,1,0.53,0.66,3,0.32,category_mismatch,0
TXN00314,groceries,83543,58295,1,1,0,0.82,0.93,3,0.5,time_violation,0
TXN00315,groceries,1583,702,1,1,1,0.83,0.89,0,0.92,none,1
TXN00316,headphones,48945,30359,1,1,1,0.48,0.92,4,0.99,none,1
TXN00317,flight,79246,45549,1,1,1,0.38,0.61,3,0.92,none,1
TXN00318,hotel,81541,62825,1,1,1,0.52,0.54,0,0.84,none,1
TXN00319,headphones,67954,48756,1,1,1,0.7,0.65,3,0.93,none,1
TXN00320,headphones,73733,42038,1,0,1,0.52,0.67,0,0.63,quantity_violation,0
TXN00321,laptop,64518,63351,1,1,0,0.65,0.7,5,0.45,time_violation,0
TXN00322,books,65054,33530,1,1,1,0.83,0.58,2,0.31,merchant_violation,0
TXN00323,hotel,23047,16039,1,1,1,0.84,0.7,4,0.82,none,1
TXN00324,smartphone,36112,31644,1,1,1,0.56,0.89,0,0.95,none,1
TXN00325,books,72611,40023,1,1,0,0.88,0.85,2,0.64,time_violation,0
TXN00326,laptop,59947,82685,1,1,1,1.0,0.87,1,0.3,budget_violation,0
TXN00327,flight,94159,56468,1,1,1,0.73,0.87,1,0.96,none,1
TXN00328,flight,70767,41341,1,1,1,0.99,0.58,4,0.33,merchant_violation,0
TXN00329,smartphone,18771,15955,1,1,1,0.94,1.0,5,0.83,none,1
TXN00330,headphones,33725,30832,1,0,1,0.83,0.81,3,0.27,quantity_violation,0
TXN00331,hotel,83288,51338,1,1,1,0.74,0.93,0,0.88,none,1
TXN00332,hotel,92056,51399,1,1,1,0.97,0.6,0,0.97,none,1
TXN00333,smartphone,96804,72059,1,1,1,0.79,0.91,4,0.88,none,1
TXN00334,groceries,28767,15131,1,1,1,0.5,0.73,1,0.91,none,1
TXN00335,books,46054,38389,1,1,1,0.33,0.78,3,0.8,none,1
TXN00336,headphones,58840,58503,1,1,1,0.6,1.0,1,0.98,none,1
TXN00337,hotel,21837,19950,1,1,1,0.37,0.62,0,0.87,none,1
TXN00338,headphones,7787,4001,1,1,1,0.79,0.54,5,0.82,none,1
TXN00339,smartphone,1142,1312,1,1,1,0.46,0.81,0,0.2,budget_violation,0
TXN00340,flight,16806,10009,1,1,1,0.39,0.44,3,0.82,none,1
TXN00341,smartphone,14526,13315,1,1,1,0.4,0.86,1,0.93,none,1
TXN00342,headphones,9966,3048,1,1,1,0.76,0.66,5,0.84,none,1
TXN00343,headphones,54963,33509,1,1,1,0.45,0.94,1,0.95,none,1
TXN00344,groceries,47076,24486,1,1,1,0.4,0.57,0,0.85,none,1
TXN00345,hotel,91502,55150,1,0,1,0.72,0.51,3,0.35,quantity_violation,0
TXN00346,laptop,32370,12265,1,1,1,0.65,0.76,4,0.98,none,1
TXN00347,laptop,48329,18963,1,1,1,0.9,0.74,2,0.91,none,1
TXN00348,headphones,62736,52651,1,1,1,0.31,0.44,2,0.84,none,1
TXN00349,laptop,53163,39340,1,1,1,0.65,0.65,5,0.88,none,1
TXN00350,headphones,37368,53566,1,1,1,0.44,0.88,4,0.36,budget_violation,0
TXN00351,smartphone,41654,33780,1,1,1,0.89,0.43,0,0.98,none,1
TXN00352,smartphone,60424,20454,1,1,1,0.77,0.79,1,0.82,none,1
TXN00353,headphones,92946,90762,1,1,0,0.67,0.87,5,0.33,time_violation,0
TXN00354,flight,17637,16074,1,1,1,0.81,0.47,0,0.87,none,1
TXN00355,groceries,36649,17740,1,1,1,0.98,0.78,3,0.89,none,1
TXN00356,flight,8266,5759,1,1,1,0.56,0.55,0,0.98,none,1
TXN00357,smartphone,30937,9336,1,1,1,0.9,0.41,0,0.89,none,1
TXN00358,groceries,20671,30275,1,1,1,0.94,0.84,3,0.31,budget_violation,0
TXN00359,shoes,55559,29110,1,1,1,0.88,0.74,0,0.9,none,1
TXN00360,laptop,24507,24279,1,1,1,0.97,0.44,3,0.63,merchant_violation,0
TXN00361,hotel,43899,22124,1,1,0,0.44,0.74,2,0.57,time_violation,0
TXN00362,shoes,61807,60589,1,1,1,1.0,0.87,5,0.98,none,1
TXN00363,shoes,20735,10615,1,1,0,0.68,0.78,5,0.64,time_violation,0
TXN00364,flight,1191,671,1,1,1,0.82,0.58,1,0.91,none,1
TXN00365,shoes,56026,19156,1,1,1,1.0,0.83,0,0.81,none,1
TXN00366,shoes,69125,64072,1,1,1,0.62,0.85,4,0.82,none,1
TXN00367,headphones,84521,29783,1,1,1,0.7,0.66,1,0.85,none,1
TXN00368,hotel,42288,24318,1,1,1,0.88,0.6,3,0.85,none,1
TXN00369,smartphone,27569,15286,1,1,1,0.37,0.67,2,0.4,merchant_violation,0
TXN00370,flight,28215,17615,1,1,1,0.9,0.45,5,0.86,none,1
TXN00371,laptop,29183,15451,1,1,1,0.36,0.55,2,0.88,none,1
TXN00372,laptop,89759,46274,0,1,1,0.58,0.67,5,0.48,category_mismatch,0
TXN00373,smartphone,61560,34518,0,1,1,0.34,0.87,1,0.27,category_mismatch,0
TXN00374,groceries,49790,47614,1,1,1,0.36,0.75,0,0.8,none,1
TXN00375,smartphone,26919,16431,1,1,1,0.39,0.94,2,0.82,none,1
TXN00376,books,7637,5472,1,1,1,0.81,0.7,3,0.54,merchant_violation,0
TXN00377,headphones,47392,30211,0,1,1,0.61,0.49,4,0.51,category_mismatch,0
TXN00378,shoes,85840,80808,1,1,0,0.64,0.45,3,0.27,time_violation,0
TXN00379,shoes,85233,56941,1,1,1,0.74,0.88,0,1.0,none,1
TXN00380,flight,63873,40832,1,1,1,0.94,0.7,3,0.85,none,1
TXN00381,laptop,42795,13716,1,1,1,0.87,0.57,3,0.91,none,1
TXN00382,shoes,21922,13882,0,1,1,0.87,0.95,0,0.58,category_mismatch,0
TXN00383,shoes,76457,65613,1,1,1,0.55,0.9,1,0.84,none,1
TXN00384,flight,97744,91858,1,1,1,0.32,0.82,4,0.91,none,1
TXN00385,shoes,65517,27706,1,1,1,0.33,0.43,4,0.84,none,1
TXN00386,books,1089,794,1,1,1,0.86,0.6,1,0.98,none,1
TXN00387,flight,8806,7505,1,1,1,0.4,0.47,4,0.63,merchant_violation,0
TXN00388,smartphone,49967,38149,1,1,1,0.71,0.6,2,0.83,none,1
TXN00389,headphones,96990,82857,1,1,1,0.97,0.79,1,0.94,none,1
TXN00390,flight,30260,26329,1,1,1,0.56,0.84,2,0.83,none,1
TXN00391,laptop,93013,53400,1,1,1,1.0,0.98,0,0.84,none,1
TXN00392,flight,81134,44790,1,1,1,0.65,0.6,0,0.32,merchant_violation,0
TXN00393,flight,23005,22410,1,1,1,0.88,0.8,5,0.98,none,1
TXN00394,books,2493,2110,0,1,1,0.55,0.87,5,0.2,category_mismatch,0
TXN00395,groceries,58438,57174,1,1,1,0.92,0.7,3,0.87,none,1
TXN00396,groceries,14294,12180,1,1,1,0.7,0.85,1,0.83,none,1
TXN00397,smartphone,5379,3391,1,0,1,0.37,0.61,3,0.28,quantity_violation,0
TXN00398,smartphone,72702,71584,1,1,1,0.54,0.99,3,0.94,none,1
TXN00399,groceries,86673,50144,1,1,0,0.37,0.52,1,0.4,time_violation,0
TXN00400,hotel,87585,47992,0,1,1,0.58,0.73,3,0.28,category_mismatch,0
TXN00401,flight,1500,759,1,1,1,0.76,0.76,1,0.82,none,1
TXN00402,shoes,23391,23015,1,1,1,0.63,0.47,3,0.89,none,1
TXN00403,hotel,12945,7395,1,1,1,0.56,0.63,1,0.89,none,1
TXN00404,hotel,58637,26877,1,1,1,0.49,0.44,5,0.93,none,1
TXN00405,smartphone,88574,60143,1,1,1,0.98,0.75,4,0.81,none,1
TXN00406,groceries,69495,46899,1,1,1,0.91,0.68,1,0.9,none,1
TXN00407,smartphone,52747,42198,1,1,1,0.65,0.94,4,0.94,none,1
TXN00408,headphones,16765,10299,1,1,1,0.96,0.5,1,0.96,none,1
TXN00409,headphones,6593,6538,1,1,1,0.6,1.0,5,0.83,none,1
TXN00410,hotel,42910,40332,1,1,1,0.35,0.63,3,0.91,none,1
TXN00411,hotel,69116,62994,1,1,1,0.85,0.77,4,0.96,none,1
TXN00412,smartphone,55321,43923,1,1,1,0.83,0.96,0,0.48,merchant_violation,0
TXN00413,smartphone,38498,35267,1,1,1,0.91,0.56,5,0.9,none,1
TXN00414,books,5910,3380,1,1,0,0.73,0.82,0,0.4,time_violation,0
TXN00415,flight,91507,87884,1,1,0,0.93,0.41,2,0.36,time_violation,0
TXN00416,books,92250,90473,1,1,1,0.46,0.58,5,0.89,none,1
TXN00417,flight,36313,26271,1,1,1,0.36,0.67,3,0.95,none,1
TXN00418,flight,8367,3441,1,1,1,0.52,0.7,1,0.96,none,1
TXN00419,laptop,23772,21834,0,1,1,0.47,0.67,2,0.55,category_mismatch,0
TXN00420,hotel,49280,32208,1,1,1,0.74,0.47,0,0.85,none,1
TXN00421,books,78862,76682,1,1,1,0.63,0.73,2,0.83,none,1
TXN00422,hotel,99167,36024,1,1,1,0.32,0.43,4,0.96,none,1
TXN00423,shoes,30012,23240,1,1,1,0.49,0.65,0,0.97,none,1
TXN00424,laptop,63140,47554,1,1,1,0.72,0.41,2,0.92,none,1
TXN00425,hotel,94420,70807,1,1,1,0.6,0.63,2,0.89,none,1
TXN00426,shoes,62171,41309,1,1,1,0.74,0.75,0,0.9,none,1
TXN00427,flight,74591,54178,1,1,1,0.51,0.46,0,0.87,none,1
TXN00428,hotel,84964,41956,1,1,1,0.76,0.97,5,0.86,none,1
TXN00429,headphones,68802,63970,1,1,1,0.86,0.88,4,0.88,none,1
TXN00430,flight,90228,139091,1,1,1,1.0,0.56,3,0.4,budget_violation,0
TXN00431,laptop,77418,54225,1,1,1,0.43,0.84,1,0.94,none,1
TXN00432,books,89063,45434,1,1,1,0.42,0.79,4,0.84,none,1
TXN00433,smartphone,62706,54089,1,0,1,0.69,0.95,5,0.65,quantity_violation,0
TXN00434,smartphone,30131,24735,1,1,1,0.51,0.87,2,0.87,none,1
TXN00435,hotel,61786,38886,1,1,1,0.91,0.75,4,0.81,none,1
TXN00436,shoes,66598,50942,1,1,0,0.59,0.92,1,0.27,time_violation,0
TXN00437,shoes,45914,32074,1,1,1,0.93,0.67,2,0.97,none,1
TXN00438,headphones,11592,8598,1,1,1,0.42,0.78,0,0.89,none,1
TXN00439,shoes,23099,9491,1,1,1,0.85,0.87,1,0.92,none,1
TXN00440,groceries,53873,34165,1,1,1,0.3,0.72,5,0.87,none,1
TXN00441,laptop,43233,29040,1,1,1,0.31,0.4,5,0.85,none,1
TXN00442,flight,41906,31499,1,1,0,0.51,0.44,0,0.35,time_violation,0
TXN00443,hotel,60759,43592,1,1,1,0.54,0.93,1,0.87,none,1
TXN00444,books,48087,19976,1,1,1,0.93,0.89,0,0.85,none,1
TXN00445,headphones,28681,20443,1,1,1,0.42,0.62,5,0.96,none,1
TXN00446,groceries,84928,68924,1,1,1,0.72,0.43,0,0.53,merchant_violation,0
TXN00447,laptop,7322,4332,1,1,1,0.57,0.73,3,0.94,none,1
TXN00448,shoes,92120,28235,1,1,1,0.59,0.46,4,0.85,none,1
TXN00449,headphones,55896,20873,1,1,1,0.8,0.47,0,0.96,none,1
TXN00450,books,27037,22834,1,1,1,0.88,0.98,2,0.94,none,1
TXN00451,hotel,22020,21033,1,1,0,0.78,0.69,1,0.2,time_violation,0
TXN00452,smartphone,15474,11888,1,1,1,0.4,0.45,4,0.82,none,1
TXN00453,smartphone,34540,21405,1,1,1,0.98,0.56,0,0.82,none,1
TXN00454,headphones,6170,3406,1,1,1,0.77,0.66,0,0.82,none,1
TXN00455,laptop,2267,1732,1,1,1,0.42,0.61,3,0.99,none,1
TXN00456,hotel,97084,57418,1,0,1,0.58,0.98,2,0.62,quantity_violation,0
TXN00457,books,56278,48277,1,1,1,0.38,0.82,0,1.0,none,1
TXN00458,headphones,14593,10412,1,1,1,0.86,0.81,1,0.92,none,1
TXN00459,flight,81131,60161,0,1,1,0.64,0.93,3,0.22,category_mismatch,0
TXN00460,hotel,86848,68887,1,1,1,0.77,0.86,4,0.94,none,1
TXN00461,shoes,88797,58905,1,1,1,0.78,0.77,3,0.93,none,1
TXN00462,shoes,64167,49627,1,1,1,0.57,0.9,4,0.98,none,1
TXN00463,laptop,2526,1035,1,1,1,0.89,0.91,1,0.81,none,1
TXN00464,books,43026,22596,1,0,1,0.46,0.79,3,0.61,quantity_violation,0
TXN00465,smartphone,61174,42890,1,1,1,0.36,0.7,2,0.82,none,1
TXN00466,books,98679,36693,1,1,1,0.59,0.73,0,0.97,none,1
TXN00467,hotel,67628,51276,1,1,1,0.62,0.6,0,0.96,none,1
TXN00468,books,44512,32664,1,1,1,0.63,0.79,5,0.89,none,1
TXN00469,smartphone,87364,59195,1,0,1,0.74,0.88,4,0.46,quantity_violation,0
TXN00470,smartphone,7000,4512,1,1,1,0.88,0.85,3,0.82,none,1
TXN00471,shoes,25581,15547,1,1,0,0.88,0.51,2,0.25,time_violation,0
TXN00472,groceries,7094,6286,1,1,1,0.71,0.86,3,0.89,none,1
TXN00473,headphones,66382,97244,1,1,1,0.6,0.75,4,0.59,budget_violation,0
TXN00474,headphones,91677,74381,1,1,1,0.39,0.63,4,0.92,none,1
TXN00475,flight,67074,39779,1,1,1,0.73,0.82,1,0.85,none,1
TXN00476,flight,39557,15560,1,1,1,0.59,0.82,5,0.9,none,1
TXN00477,flight,94306,64836,1,1,1,0.45,0.53,5,0.86,none,1
TXN00478,flight,89129,67020,0,1,1,0.79,0.59,0,0.58,category_mismatch,0
TXN00479,books,77389,59358,1,1,1,0.59,0.85,4,0.86,none,1
TXN00480,groceries,2673,849,1,1,1,0.4,0.8,1,0.85,none,1
TXN00481,headphones,38567,15523,1,1,1,0.34,0.87,1,0.95,none,1
TXN00482,laptop,48013,17848,1,1,1,0.91,0.84,1,0.95,none,1
TXN00483,groceries,32142,27570,1,1,1,0.79,0.82,0,0.99,none,1
TXN00484,groceries,55600,54659,1,1,1,0.52,0.73,0,0.95,none,1
TXN00485,shoes,82338,74294,1,1,1,0.61,0.54,5,0.94,none,1
TXN00486,flight,99973,81669,1,1,1,0.44,0.83,1,0.86,none,1
TXN00487,headphones,90477,78492,0,1,1,0.38,0.42,2,0.48,category_mismatch,0
TXN00488,headphones,22093,10571,1,1,1,0.53,0.83,1,0.81,none,1
TXN00489,flight,79234,73019,1,1,1,0.51,0.87,4,0.38,merchant_violation,0
TXN00490,flight,69864,53117,0,1,1,0.85,0.5,4,0.47,category_mismatch,0
TXN00491,smartphone,46796,38918,0,1,1,0.53,0.58,4,0.47,category_mismatch,0
TXN00492,laptop,16036,9813,1,1,1,0.93,0.77,4,0.85,none,1
TXN00493,laptop,90463,51288,1,1,1,0.86,0.47,2,0.91,none,1
TXN00494,hotel,4238,3710,1,1,1,0.56,0.88,3,0.9,none,1
TXN00495,hotel,86397,46755,1,1,1,0.37,0.98,4,0.47,merchant_violation,0
TXN00496,smartphone,28627,24089,1,1,1,0.91,0.65,0,0.84,none,1
TXN00497,groceries,85746,30052,1,1,1,0.78,0.41,5,0.87,none,1
TXN00498,smartphone,10600,8257,1,0,1,0.7,0.54,2,0.4,quantity_violation,0
TXN00499,books,83603,43597,1,1,1,0.57,0.47,0,0.93,none,1
TXN00500,smartphone,98773,78091,1,1,1,0.35,0.96,0,0.86,none,1
TXN00501,hotel,80503,55603,1,1,0,0.88,0.42,1,0.47,time_violation,0
TXN00502,headphones,98878,84860,1,1,1,0.68,0.98,1,0.86,none,1
TXN00503,flight,2461,1694,1,1,1,0.39,0.4,4,0.88,none,1
TXN00504,smartphone,40936,24801,1,0,1,0.93,0.91,1,0.28,quantity_violation,0
TXN00505,shoes,81856,35691,1,1,1,0.43,0.88,0,0.97,none,1
TXN00506,books,85498,43044,1,1,1,0.35,0.46,5,0.92,none,1
TXN00507,flight,47810,26296,0,1,1,0.73,0.94,2,0.44,category_mismatch,0
TXN00508,flight,81785,64235,1,1,1,0.41,0.74,2,0.99,none,1
TXN00509,headphones,1633,1387,1,1,1,0.8,0.78,2,0.97,none,1
TXN00510,headphones,90073,82373,1,1,1,0.62,0.62,2,0.9,none,1
TXN00511,smartphone,24038,8590,1,1,1,0.5,0.9,4,0.84,none,1
TXN00512,smartphone,96345,162552,1,1,1,0.74,0.89,4,0.4,budget_violation,0
TXN00513,shoes,5804,3949,1,1,1,1.0,0.68,1,0.87,none,1
TXN00514,shoes,78280,39429,1,1,1,0.63,0.71,3,0.87,none,1
TXN00515,laptop,87858,73983,1,1,1,0.83,0.48,1,0.29,merchant_violation,0
TXN00516,headphones,97458,93308,1,1,1,0.33,0.86,1,0.81,none,1
TXN00517,flight,31673,24037,0,1,1,0.85,0.63,3,0.64,category_mismatch,0
TXN00518,laptop,86003,68167,1,1,1,0.66,0.9,5,0.85,none,1
TXN00519,headphones,50369,27990,1,1,1,0.76,0.9,4,0.85,none,1
TXN00520,shoes,68681,59894,1,1,1,0.54,0.88,4,0.8,none,1
TXN00521,headphones,58658,84227,1,1,1,0.5,0.49,1,0.38,budget_violation,0
TXN00522,smartphone,87652,75391,1,0,1,0.64,0.69,1,0.5,quantity_violation,0
TXN00523,groceries,3942,3101,0,1,1,0.41,0.78,0,0.65,category_mismatch,0
TXN00524,headphones,8328,6315,0,1,1,0.58,0.98,5,0.21,category_mismatch,0
TXN00525,hotel,12239,12194,1,1,1,0.91,0.5,3,0.5,merchant_violation,0
TXN00526,headphones,82685,40115,1,1,1,0.81,0.61,3,0.92,none,1
TXN00527,smartphone,31122,12216,1,1,1,0.31,0.71,4,0.94,none,1
TXN00528,headphones,80365,76411,1,1,0,0.72,0.93,4,0.45,time_violation,0
TXN00529,smartphone,13214,5169,1,1,1,0.72,0.9,5,0.93,none,1
TXN00530,groceries,49546,39059,1,1,1,0.6,0.96,3,0.96,none,1
TXN00531,groceries,46943,38445,1,1,1,0.83,0.82,0,0.89,none,1
TXN00532,hotel,63539,59539,1,1,1,0.36,0.76,4,0.88,none,1
TXN00533,shoes,1716,1463,1,1,1,0.7,0.47,0,0.88,none,1
TXN00534,shoes,91146,53429,1,1,1,0.37,0.66,4,0.85,none,1
TXN00535,groceries,75012,36972,1,1,1,0.78,0.85,3,0.91,none,1
TXN00536,books,24425,16815,1,1,1,0.48,0.58,2,0.95,none,1
TXN00537,groceries,97440,156962,1,1,1,0.61,0.82,1,0.25,budget_violation,0
TXN00538,groceries,45359,33103,1,1,1,0.78,0.43,3,0.99,none,1
TXN00539,laptop,12939,8153,1,1,1,0.72,0.45,2,0.84,none,1
TXN00540,smartphone,80826,78024,1,1,0,0.58,0.79,2,0.56,time_violation,0
TXN00541,laptop,23973,14558,1,1,1,0.44,0.79,4,0.86,none,1
TXN00542,laptop,79579,62781,1,1,1,0.73,0.8,2,0.85,none,1
TXN00543,laptop,21636,19252,1,0,1,0.55,0.64,4,0.3,quantity_violation,0
TXN00544,laptop,97590,92068,1,1,1,0.68,0.84,4,0.98,none,1
TXN00545,flight,46544,22972,1,1,1,0.72,0.52,3,0.91,none,1
TXN00546,hotel,23942,8966,1,1,1,0.35,0.58,0,0.96,none,1
TXN00547,hotel,71504,50226,1,1,1,0.79,0.98,4,0.9,none,1
TXN00548,shoes,45520,28276,1,1,1,0.62,0.75,0,0.9,none,1
TXN00549,hotel,9854,8396,1,1,1,0.45,0.82,2,0.88,none,1
TXN00550,flight,68699,54311,1,1,1,0.48,0.57,3,0.93,none,1
TXN00551,flight,10965,4659,1,1,1,0.52,0.53,4,0.85,none,1
TXN00552,shoes,66404,30838,1,1,1,0.47,0.56,1,0.84,none,1
TXN00553,shoes,82080,69378,1,1,1,0.38,0.45,5,0.9,none,1
TXN00554,laptop,71972,64314,1,1,1,0.56,0.59,4,0.97,none,1
TXN00555,books,24969,23500,1,1,1,0.5,0.53,4,0.83,none,1
TXN00556,groceries,63694,20560,1,1,1,0.54,0.92,1,0.89,none,1
TXN00557,smartphone,92520,48198,1,1,1,0.31,0.8,3,0.92,none,1
TXN00558,flight,48395,23316,1,1,1,0.68,0.54,3,0.99,none,1
TXN00559,flight,48962,29635,1,1,0,0.79,0.62,3,0.34,time_violation,0
TXN00560,headphones,75895,63979,1,1,1,0.87,0.83,1,0.48,merchant_violation,0
TXN00561,groceries,26698,19662,0,1,1,0.31,0.65,1,0.7,category_mismatch,0
TXN00562,flight,64782,44926,1,1,1,0.7,0.64,5,0.83,none,1
TXN00563,shoes,34330,25435,1,1,1,0.61,0.6,2,0.87,none,1
TXN00564,hotel,46107,60553,1,1,1,0.78,0.76,4,0.49,budget_violation,0
TXN00565,headphones,38304,29541,1,1,1,0.64,0.84,0,0.88,none,1
TXN00566,hotel,61784,24799,1,1,1,0.42,0.88,2,0.88,none,1
TXN00567,groceries,10351,6356,1,0,1,0.52,0.57,2,0.5,quantity_violation,0
TXN00568,groceries,36553,30948,1,1,1,0.96,0.85,4,0.99,none,1
TXN00569,groceries,22930,26226,1,1,1,0.46,0.55,5,0.55,budget_violation,0
TXN00570,smartphone,28600,32079,1,1,1,0.96,0.68,0,0.21,budget_violation,0
TXN00571,groceries,69679,24964,1,1,1,0.48,0.49,5,0.99,none,1
TXN00572,groceries,41549,29980,1,0,1,0.39,0.72,1,0.21,quantity_violation,0
TXN00573,flight,43624,27353,1,1,1,0.91,0.96,4,0.89,none,1
TXN00574,headphones,78441,58182,1,1,1,0.75,0.74,4,0.93,none,1
TXN00575,hotel,46504,21344,1,1,1,0.36,0.58,3,0.85,none,1
TXN00576,hotel,2383,1601,0,1,1,0.63,0.4,3,0.67,category_mismatch,0
TXN00577,books,40270,36202,1,1,0,0.72,0.88,4,0.39,time_violation,0
TXN00578,groceries,74472,35368,1,1,1,0.8,0.79,3,0.84,none,1
TXN00579,smartphone,56343,37278,1,1,1,0.86,0.77,5,0.94,none,1
TXN00580,hotel,85994,74485,1,1,1,0.59,0.91,1,0.83,none,1
TXN00581,smartphone,84478,52117,1,1,1,0.79,0.7,2,0.8,none,1
TXN00582,laptop,71119,89722,1,1,1,0.39,0.66,0,0.32,budget_violation,0
TXN00583,headphones,2930,1580,1,1,1,0.52,0.88,2,0.89,none,1
TXN00584,laptop,44286,23383,0,1,1,0.84,0.44,3,0.29,category_mismatch,0
TXN00585,hotel,51014,19659,1,1,1,0.84,0.55,3,0.85,none,1
TXN00586,laptop,27106,22760,1,1,1,0.66,0.99,3,0.88,none,1
TXN00587,hotel,43344,69720,1,1,1,0.68,0.47,3,0.52,budget_violation,0
TXN00588,shoes,48241,43636,1,1,1,0.45,0.47,5,0.89,none,1
TXN00589,laptop,22936,16268,1,1,1,0.58,0.55,0,0.92,none,1
TXN00590,books,91230,51086,1,1,1,0.36,0.49,0,0.94,none,1
TXN00591,flight,82937,68198,1,0,1,0.79,0.87,1,0.44,quantity_violation,0
TXN00592,flight,74184,61549,1,1,1,0.86,0.66,1,0.8,none,1
TXN00593,groceries,47945,22797,1,1,1,0.33,0.82,4,0.86,none,1
TXN00594,books,25874,17608,1,1,1,0.53,0.68,4,0.98,none,1
TXN00595,headphones,10027,6162,1,1,1,0.87,0.72,3,0.8,none,1
TXN00596,groceries,97161,147179,1,1,1,0.55,0.77,2,0.56,budget_violation,0
TXN00597,groceries,25886,16781,1,1,1,0.69,0.77,2,0.88,none,1
TXN00598,flight,15478,16760,1,1,1,0.96,0.51,0,0.3,budget_violation,0
TXN00599,books,26115,21437,1,1,1,0.57,0.69,4,0.55,merchant_violation,0
TXN00600,hotel,7433,5382,1,1,1,0.35,0.96,1,0.93,none,1
TXN00601,smartphone,62349,21353,1,1,1,0.69,0.96,3,0.96,none,1
TXN00602,laptop,81862,131038,1,1,1,0.88,0.45,1,0.68,budget_violation,0
TXN00603,smartphone,14267,9589,1,1,1,0.43,0.72,1,0.91,none,1
TXN00604,headphones,74193,43820,1,1,1,0.37,0.78,2,0.93,none,1
TXN00605,groceries,14644,11348,0,1,1,0.65,0.79,4,0.7,category_mismatch,0
TXN00606,books,47179,32320,1,1,1,1.0,0.91,3,0.95,none,1
TXN00607,groceries,96140,45042,1,1,1,0.68,0.63,4,0.99,none,1
TXN00608,hotel,48187,29550,1,1,1,0.58,0.84,2,0.92,none,1
TXN00609,headphones,40562,24637,0,1,1,0.52,0.86,5,0.61,category_mismatch,0
TXN00610,headphones,13358,7721,1,0,1,0.49,0.93,1,0.32,quantity_violation,0
TXN00611,hotel,13046,9110,1,1,1,0.45,0.45,2,0.96,none,1
TXN00612,headphones,64999,50875,1,1,1,0.7,0.94,4,0.93,none,1
TXN00613,laptop,96786,54885,1,1,1,0.85,0.95,2,0.87,none,1
TXN00614,groceries,55594,21369,1,1,1,0.84,0.85,4,0.99,none,1
TXN00615,groceries,8094,2661,1,1,1,0.68,0.49,4,0.94,none,1
TXN00616,headphones,7621,7606,1,1,1,0.98,0.85,4,0.9,none,1
TXN00617,shoes,57614,33070,1,1,0,0.54,0.69,5,0.22,time_violation,0
TXN00618,groceries,35413,25399,1,1,1,0.79,0.86,3,0.48,merchant_violation,0
TXN00619,books,52815,23094,1,1,1,0.73,0.84,1,0.85,none,1
TXN00620,hotel,57369,54322,1,1,1,0.36,0.8,3,0.87,none,1
TXN00621,shoes,43039,32657,1,1,1,0.84,0.5,2,0.92,none,1
TXN00622,books,82681,144126,1,1,1,0.46,0.81,1,0.58,budget_violation,0
TXN00623,smartphone,15728,7394,1,1,1,0.73,0.49,2,0.8,none,1
TXN00624,smartphone,40992,12950,1,1,1,0.45,0.72,1,0.91,none,1
TXN00625,hotel,72932,59143,1,1,1,0.4,0.82,0,0.88,none,1
TXN00626,laptop,34483,20701,1,0,1,0.79,0.56,3,0.53,quantity_violation,0
TXN00627,laptop,9729,4766,1,1,1,0.9,0.8,0,0.8,none,1
TXN00628,groceries,31299,20531,1,1,1,0.8,0.94,3,0.97,none,1
TXN00629,smartphone,25434,19847,1,1,0,0.8,0.42,4,0.35,time_violation,0
TXN00630,books,52563,16444,1,1,1,0.78,0.61,2,0.85,none,1
TXN00631,hotel,9127,8351,1,1,1,0.92,0.89,0,0.99,none,1
TXN00632,hotel,30567,25323,1,1,0,0.36,0.63,5,0.51,time_violation,0
TXN00633,shoes,55700,39727,0,1,1,0.52,0.76,3,0.47,category_mismatch,0
TXN00634,shoes,86520,72851,1,1,1,0.44,0.48,5,0.55,merchant_violation,0
TXN00635,headphones,57369,56396,1,1,1,0.4,0.96,1,0.86,none,1
TXN00636,smartphone,25134,23016,1,1,1,0.81,0.86,3,0.99,none,1
TXN00637,hotel,59065,51693,1,1,1,0.75,0.84,1,0.96,none,1
TXN00638,smartphone,18241,14747,1,1,1,0.72,0.77,4,0.32,merchant_violation,0
TXN00639,laptop,48089,27268,1,1,0,0.89,0.68,5,0.39,time_violation,0
TXN00640,groceries,65414,27123,1,1,1,0.46,0.65,0,0.99,none,1
TXN00641,groceries,30170,29921,1,1,1,0.83,0.44,3,0.97,none,1
TXN00642,books,91159,56544,1,1,1,0.47,0.64,0,0.92,none,1
TXN00643,groceries,95398,69454,1,1,1,0.82,0.76,4,0.93,none,1
TXN00644,laptop,69242,63252,1,1,0,0.33,1.0,4,0.47,time_violation,0
TXN00645,laptop,74098,61917,1,1,1,0.97,0.51,3,0.88,none,1
TXN00646,hotel,38475,22920,1,1,1,0.73,0.43,4,0.98,none,1
TXN00647,books,85685,69049,1,1,1,0.38,0.87,5,0.91,none,1
TXN00648,groceries,55206,17524,1,1,1,0.62,0.94,1,0.98,none,1
TXN00649,smartphone,33778,25468,1,1,1,0.8,0.5,5,0.82,none,1
TXN00650,smartphone,93566,51841,1,1,1,0.67,0.63,4,0.92,none,1
TXN00651,headphones,50634,16746,1,1,1,0.42,0.6,5,0.97,none,1
TXN00652,headphones,19953,27229,1,1,1,0.52,0.86,3,0.34,budget_violation,0
TXN00653,headphones,16408,15953,1,1,1,0.3,0.86,0,0.89,none,1
TXN00654,books,72237,52414,1,1,1,0.65,0.53,5,0.9,none,1
TXN00655,groceries,58917,29652,1,1,1,0.92,0.57,5,0.48,merchant_violation,0
TXN00656,shoes,7411,11412,1,1,1,0.33,0.91,5,0.49,budget_violation,0
TXN00657,hotel,44399,14843,1,1,1,0.59,0.51,5,0.86,none,1
TXN00658,headphones,60682,33504,1,1,1,0.33,0.86,2,0.87,none,1
TXN00659,groceries,9869,8786,1,1,1,0.35,0.68,0,0.94,none,1
TXN00660,hotel,44150,29459,1,1,1,0.79,0.77,0,0.91,none,1
TXN00661,smartphone,64394,46579,1,1,1,0.85,0.82,3,0.92,none,1
TXN00662,flight,35034,34911,1,1,1,0.55,0.48,4,0.9,none,1
TXN00663,books,65553,60214,1,1,1,0.46,0.57,1,0.8,none,1
TXN00664,laptop,61933,23692,1,1,1,0.89,0.88,3,0.88,none,1
TXN00665,flight,46829,34946,1,1,1,0.31,0.52,2,0.85,none,1
TXN00666,smartphone,41340,28317,1,1,1,0.84,0.47,2,0.87,none,1
TXN00667,laptop,24020,23086,1,0,1,0.64,0.68,0,0.52,quantity_violation,0
TXN00668,books,21366,19751,1,1,1,0.68,0.6,3,0.99,none,1
TXN00669,laptop,69298,53885,1,0,1,0.31,0.75,2,0.6,quantity_violation,0
TXN00670,flight,9678,4803,1,1,1,0.32,0.99,5,0.91,none,1
TXN00671,headphones,75839,32699,1,1,1,0.38,0.87,2,0.94,none,1
TXN00672,flight,94040,51101,1,1,0,0.91,0.62,2,0.31,time_violation,0
TXN00673,hotel,23939,39100,1,1,1,0.94,0.67,0,0.6,budget_violation,0
TXN00674,headphones,25931,16555,1,1,1,0.91,0.59,2,0.83,none,1
TXN00675,smartphone,68652,26973,1,1,1,0.81,0.68,5,0.97,none,1
TXN00676,smartphone,1538,508,1,1,1,0.89,0.92,2,0.89,none,1
TXN00677,laptop,14513,11048,1,1,1,0.52,0.75,2,0.93,none,1
TXN00678,shoes,43058,27484,1,0,1,0.52,0.66,0,0.34,quantity_violation,0
TXN00679,headphones,36866,28748,1,1,1,0.37,0.73,4,0.36,merchant_violation,0
TXN00680,headphones,93321,65498,1,1,1,0.42,0.59,2,0.91,none,1
TXN00681,laptop,18049,20385,1,1,1,0.34,0.66,1,0.55,budget_violation,0
TXN00682,books,81781,43559,1,1,1,0.44,0.86,4,0.82,none,1
TXN00683,books,75421,41378,1,1,0,0.52,0.79,3,0.44,time_violation,0
TXN00684,shoes,19837,14517,1,1,1,0.94,0.64,5,0.98,none,1
TXN00685,flight,43567,13993,1,1,1,0.63,0.61,3,0.97,none,1
TXN00686,hotel,46693,18171,1,1,1,0.37,0.89,0,0.87,none,1
TXN00687,smartphone,40599,23570,1,1,1,0.59,0.77,4,0.83,none,1
TXN00688,books,51307,46533,0,1,1,0.71,0.87,3,0.48,category_mismatch,0
TXN00689,flight,72372,30480,1,1,1,0.77,0.84,5,0.91,none,1
TXN00690,books,15984,9974,1,1,1,0.69,0.89,1,0.86,none,1
TXN00691,groceries,10123,7894,1,1,1,0.72,0.89,2,0.9,none,1
TXN00692,laptop,12866,12140,0,1,1,0.93,0.78,0,0.58,category_mismatch,0
TXN00693,headphones,60372,34592,1,1,1,0.7,0.52,5,0.98,none,1
TXN00694,hotel,75747,58756,1,1,1,0.94,0.96,5,1.0,none,1
TXN00695,flight,12703,9248,1,1,1,0.66,0.91,2,0.81,none,1
TXN00696,laptop,1110,970,1,1,1,0.55,0.92,0,0.85,none,1
TXN00697,groceries,82948,47110,1,1,1,0.57,0.73,5,0.83,none,1
TXN00698,headphones,25671,22855,1,1,1,0.55,0.65,2,1.0,none,1
TXN00699,headphones,18600,21538,1,1,1,0.92,0.79,1,0.24,budget_violation,0
TXN00700,groceries,60772,47813,1,1,1,0.95,0.77,3,0.9,none,1
TXN00701,books,51425,22115,1,1,1,0.72,0.75,5,0.85,none,1
TXN00702,hotel,54849,38583,1,1,1,0.32,0.42,3,0.94,none,1
TXN00703,smartphone,77056,60361,1,1,1,0.4,0.84,2,0.89,none,1
TXN00704,smartphone,69597,25188,1,1,1,0.63,0.85,5,0.82,none,1
TXN00705,hotel,81352,62439,1,0,1,0.31,0.67,3,0.49,quantity_violation,0
TXN00706,flight,56183,55308,1,1,1,0.51,0.5,5,0.98,none,1
TXN00707,hotel,96285,46439,1,1,1,0.74,0.75,4,0.81,none,1
TXN00708,hotel,97649,48899,1,1,1,0.36,0.7,2,0.85,none,1
TXN00709,hotel,37073,11490,1,1,1,0.38,0.5,4,0.95,none,1
TXN00710,books,49466,23885,1,1,1,0.79,0.69,4,0.97,none,1
TXN00711,flight,12062,8647,1,1,1,0.88,0.9,3,0.95,none,1
TXN00712,shoes,87594,65371,1,1,1,0.45,0.84,2,0.81,none,1
TXN00713,hotel,16203,11331,1,1,0,0.51,0.85,4,0.32,time_violation,0
TXN00714,groceries,63205,59105,1,1,1,0.31,0.96,3,0.39,merchant_violation,0
TXN00715,flight,70501,23174,1,1,1,0.94,0.78,3,0.92,none,1
TXN00716,hotel,44904,55748,1,1,1,0.71,0.68,5,0.57,budget_violation,0
TXN00717,shoes,69151,54158,1,1,1,0.43,0.73,5,0.8,none,1
TXN00718,smartphone,2567,1713,1,1,1,0.78,0.61,5,0.86,none,1
TXN00719,shoes,5461,5967,1,1,1,0.72,0.94,1,0.68,budget_violation,0
TXN00720,smartphone,93808,33815,1,1,1,0.72,0.63,5,0.91,none,1
TXN00721,headphones,15528,7412,1,1,1,0.63,0.96,5,0.89,none,1
TXN00722,hotel,56965,43709,1,1,1,0.84,0.55,0,0.86,none,1
TXN00723,laptop,51174,51029,1,1,1,0.48,0.89,1,0.89,none,1
TXN00724,books,27302,11600,1,1,1,0.64,0.49,3,0.84,none,1
TXN00725,smartphone,58878,21920,1,1,1,0.35,0.74,2,0.96,none,1
TXN00726,laptop,66234,115887,1,1,1,0.77,0.56,5,0.36,budget_violation,0
TXN00727,groceries,76319,56405,1,1,0,0.58,0.84,0,0.47,time_violation,0
TXN00728,laptop,51387,44839,1,1,1,0.64,0.74,2,0.87,none,1
TXN00729,hotel,53509,70846,1,1,1,0.9,0.6,3,0.58,budget_violation,0
TXN00730,hotel,85907,44642,1,1,1,0.57,0.51,5,0.4,merchant_violation,0
TXN00731,smartphone,83656,53586,1,1,1,0.92,0.66,1,0.83,none,1
TXN00732,shoes,4324,3091,1,1,1,0.64,0.44,4,0.93,none,1
TXN00733,books,70984,61631,1,1,1,0.98,0.41,2,0.81,none,1
TXN00734,laptop,54150,39485,1,1,1,0.77,0.92,1,0.57,merchant_violation,0
TXN00735,shoes,10441,7772,0,1,1,0.31,0.94,4,0.22,category_mismatch,0
TXN00736,headphones,2882,4981,1,1,1,0.87,0.46,4,0.29,budget_violation,0
TXN00737,smartphone,14937,13437,1,1,1,0.45,0.88,3,0.37,merchant_violation,0
TXN00738,groceries,43498,33621,1,1,1,0.53,0.98,1,0.58,merchant_violation,0
TXN00739,headphones,44975,25663,1,0,1,0.59,0.82,4,0.28,quantity_violation,0
TXN00740,shoes,77282,126996,1,1,1,0.74,0.63,1,0.21,budget_violation,0
TXN00741,books,11580,11152,0,1,1,0.79,0.76,2,0.41,category_mismatch,0
TXN00742,books,91748,75225,0,1,1,0.67,0.65,1,0.51,category_mismatch,0
TXN00743,laptop,79154,63800,1,1,0,0.36,0.9,2,0.37,time_violation,0
TXN00744,laptop,74100,132635,1,1,1,0.98,0.77,4,0.45,budget_violation,0
TXN00745,books,83111,41015,1,1,1,0.44,0.88,5,0.97,none,1
TXN00746,books,66210,72203,1,1,1,0.55,0.53,2,0.37,budget_violation,0
TXN00747,books,6677,11642,1,1,1,0.42,0.87,3,0.46,budget_violation,0
TXN00748,smartphone,31841,22762,1,1,1,0.53,0.52,5,0.98,none,1
TXN00749,shoes,15435,5690,1,1,1,0.82,0.92,3,0.98,none,1
TXN00750,smartphone,62733,21206,1,1,1,0.61,0.53,4,0.89,none,1
TXN00751,groceries,49953,40762,0,1,1,0.98,0.52,1,0.22,category_mismatch,0
TXN00752,laptop,37779,27551,1,1,0,0.42,0.61,2,0.5,time_violation,0
TXN00753,headphones,76775,68982,1,1,1,0.36,0.91,3,0.97,none,1
TXN00754,shoes,78539,49003,1,1,1,0.31,0.66,1,0.85,none,1
TXN00755,groceries,76951,74883,1,1,1,0.94,0.94,3,0.69,merchant_violation,0
TXN00756,laptop,62689,40932,1,1,1,0.6,0.64,5,0.96,none,1
TXN00757,books,65918,57779,1,1,1,0.79,0.64,1,0.27,merchant_violation,0
TXN00758,hotel,32334,11753,1,1,1,0.64,0.58,5,0.89,none,1
TXN00759,laptop,60616,24066,1,1,1,0.79,0.51,2,0.93,none,1
TXN00760,laptop,83222,63703,1,0,1,0.51,0.85,5,0.67,quantity_violation,0
TXN00761,shoes,90740,78751,1,0,1,0.34,0.97,5,0.38,quantity_violation,0
TXN00762,laptop,15544,9726,1,1,1,0.33,0.62,5,0.91,none,1
TXN00763,smartphone,74499,33025,1,1,1,0.99,0.54,0,0.93,none,1
TXN00764,shoes,99719,45651,1,1,1,0.55,0.56,5,0.88,none,1
TXN00765,laptop,9305,5738,1,1,1,0.65,0.9,3,0.94,none,1
TXN00766,hotel,60241,51803,1,1,1,0.96,0.89,0,0.84,none,1
TXN00767,books,12443,8015,0,1,1,0.97,0.47,2,0.26,category_mismatch,0
TXN00768,headphones,66054,50223,0,1,1,0.74,0.58,5,0.47,category_mismatch,0
TXN00769,headphones,63115,38544,1,1,1,0.75,0.57,0,0.8,none,1
TXN00770,shoes,69107,40647,1,1,1,0.54,0.79,2,0.9,none,1
TXN00771,books,61031,23946,1,1,1,0.85,0.5,2,0.85,none,1
TXN00772,flight,38767,12914,1,1,1,0.55,0.67,1,0.92,none,1
TXN00773,headphones,94298,40321,1,1,1,0.42,0.82,5,0.96,none,1
TXN00774,headphones,32182,25335,1,0,1,0.61,0.62,1,0.48,quantity_violation,0
TXN00775,laptop,88235,47708,1,1,1,0.56,0.72,1,0.91,none,1
TXN00776,smartphone,4266,2771,1,1,1,0.4,0.67,2,0.83,none,1
TXN00777,flight,85835,54225,1,1,1,0.5,0.97,4,0.93,none,1
TXN00778,books,45392,36865,1,1,1,0.93,0.48,4,0.82,none,1
TXN00779,laptop,53642,24367,1,1,1,0.55,0.6,4,0.93,none,1
TXN00780,shoes,37428,54413,1,1,1,0.61,0.8,0,0.69,budget_violation,0
TXN00781,groceries,26486,19128,1,1,1,0.66,0.43,5,0.87,none,1
TXN00782,headphones,94842,52992,1,1,1,0.56,0.57,2,0.86,none,1
TXN00783,books,74535,64902,1,1,0,0.59,0.67,1,0.6,time_violation,0
TXN00784,groceries,96499,38377,1,1,1,0.71,0.45,1,0.86,none,1
TXN00785,flight,9665,6895,1,1,1,0.56,0.4,5,0.98,none,1
TXN00786,groceries,23923,19070,1,1,1,0.83,0.48,1,0.97,none,1
TXN00787,hotel,73596,64467,1,1,1,0.51,0.75,3,0.91,none,1
TXN00788,books,30428,35464,1,1,1,0.51,0.78,5,0.44,budget_violation,0
TXN00789,hotel,55677,28630,0,1,1,0.84,0.7,0,0.5,category_mismatch,0
TXN00790,flight,77161,46701,1,1,1,0.48,0.81,5,0.96,none,1
TXN00791,flight,68177,21290,1,1,1,0.48,0.75,1,0.86,none,1
TXN00792,headphones,47843,32561,1,0,1,0.75,0.97,0,0.34,quantity_violation,0
TXN00793,smartphone,68353,60310,0,1,1,0.72,0.5,2,0.64,category_mismatch,0
TXN00794,hotel,36580,28599,1,1,1,0.37,0.75,1,0.8,none,1
TXN00795,hotel,49891,29355,1,1,1,0.94,0.5,1,0.83,none,1
TXN00796,shoes,25696,17757,1,1,1,0.78,0.97,4,0.94,none,1
TXN00797,smartphone,55702,19689,1,1,1,0.87,0.95,3,0.87,none,1
TXN00798,flight,19220,17736,1,1,1,0.72,0.86,2,0.83,none,1
TXN00799,hotel,4769,1826,1,1,1,0.39,0.82,5,0.85,none,1
TXN00800,headphones,28504,39010,1,1,1,0.83,0.47,0,0.59,budget_violation,0
TXN00801,groceries,6572,10809,1,1,1,0.66,0.44,0,0.65,budget_violation,0
TXN00802,laptop,9683,2974,1,1,1,0.37,0.47,4,0.84,none,1
TXN00803,shoes,25219,8082,1,1,1,0.4,0.85,2,0.99,none,1
TXN00804,flight,47163,41993,1,1,1,0.73,0.7,0,0.25,merchant_violation,0
TXN00805,laptop,70315,69058,0,1,1,0.42,0.85,0,0.69,category_mismatch,0
TXN00806,smartphone,29051,26027,1,1,1,0.63,0.82,1,0.89,none,1
TXN00807,smartphone,24704,24380,1,1,1,0.6,0.71,3,0.82,none,1
TXN00808,flight,17202,11418,1,1,1,0.65,0.62,2,0.91,none,1
TXN00809,laptop,11780,4488,1,1,1,0.5,0.76,2,0.94,none,1
TXN00810,books,30605,15406,1,1,1,0.9,0.51,0,0.98,none,1
TXN00811,books,90015,27810,1,1,1,0.77,0.8,3,0.89,none,1
TXN00812,smartphone,16626,14090,1,1,0,0.98,0.84,1,0.23,time_violation,0
TXN00813,shoes,45385,25478,1,1,0,0.89,0.84,2,0.58,time_violation,0
TXN00814,hotel,85388,46900,1,1,1,0.77,0.97,3,0.9,none,1
TXN00815,headphones,60589,45118,1,0,1,0.46,0.97,0,0.25,quantity_violation,0
TXN00816,laptop,9942,3168,1,1,1,0.43,0.76,2,0.83,none,1
TXN00817,smartphone,11029,7322,1,1,1,0.64,0.68,2,0.93,none,1
TXN00818,books,67164,60766,1,0,1,0.68,0.41,0,0.7,quantity_violation,0
TXN00819,smartphone,51283,46001,1,1,1,0.61,0.42,1,0.91,none,1
TXN00820,hotel,93544,53062,1,1,0,0.8,0.69,0,0.48,time_violation,0
TXN00821,books,87517,59299,1,1,1,0.63,0.74,1,0.9,none,1
TXN00822,groceries,35523,34798,1,1,1,0.73,0.61,2,0.86,none,1
TXN00823,laptop,78393,52871,1,0,1,0.82,0.42,5,0.37,quantity_violation,0
TXN00824,smartphone,57118,31423,1,1,1,0.55,0.8,1,0.85,none,1
TXN00825,hotel,78664,133862,1,1,1,0.38,0.5,4,0.36,budget_violation,0
TXN00826,books,87214,60843,1,1,1,0.93,0.56,5,0.89,none,1
TXN00827,laptop,42486,24353,1,1,1,0.7,0.88,0,0.94,none,1
TXN00828,shoes,45035,39091,1,1,1,0.77,0.5,2,0.87,none,1
TXN00829,groceries,27444,24511,1,1,1,0.85,0.9,4,0.84,none,1
TXN00830,hotel,7230,5068,1,1,1,0.46,0.85,0,0.56,merchant_violation,0
TXN00831,smartphone,78576,27272,1,1,1,0.86,0.69,1,0.87,none,1
TXN00832,smartphone,86398,56439,1,1,1,0.51,0.8,2,0.84,none,1
TXN00833,groceries,33933,20945,1,1,1,0.83,0.51,0,0.93,none,1
TXN00834,headphones,76608,58418,1,1,1,0.88,0.96,2,0.99,none,1
TXN00835,groceries,75202,25712,1,1,1,0.44,0.68,1,0.83,none,1
TXN00836,hotel,58067,52383,1,1,1,0.94,0.78,3,0.85,none,1
TXN00837,hotel,85678,52954,1,1,1,0.47,0.49,0,0.32,merchant_violation,0
TXN00838,hotel,61838,61461,1,1,1,0.6,0.94,1,0.83,none,1
TXN00839,headphones,4819,3996,1,0,1,0.42,0.91,5,0.44,quantity_violation,0
TXN00840,laptop,8251,2960,1,1,1,0.72,0.92,3,0.98,none,1
TXN00841,smartphone,53021,42786,1,1,1,0.4,0.47,5,0.9,none,1
TXN00842,smartphone,69414,49026,1,1,1,0.84,0.72,3,0.98,none,1
TXN00843,shoes,79619,52918,1,0,1,0.71,0.63,5,0.57,quantity_violation,0
TXN00844,groceries,29574,17953,0,1,1,0.49,0.65,4,0.23,category_mismatch,0
TXN00845,flight,92700,48347,1,1,1,0.6,0.81,2,0.98,none,1
TXN00846,headphones,48578,27078,1,1,1,0.52,0.79,4,0.81,none,1
TXN00847,laptop,91529,70488,1,1,1,0.48,0.63,5,0.99,none,1
TXN00848,flight,90816,84352,0,1,1,0.57,0.95,3,0.66,category_mismatch,0
TXN00849,hotel,40438,26232,0,1,1,0.9,0.5,3,0.52,category_mismatch,0
TXN00850,groceries,5440,9070,1,1,1,0.96,0.68,3,0.66,budget_violation,0
TXN00851,flight,95029,89610,1,1,1,0.37,0.5,2,0.9,none,1
TXN00852,flight,56164,48828,1,1,1,0.82,0.67,0,0.95,none,1
TXN00853,headphones,83595,62593,1,1,1,0.3,0.52,2,0.86,none,1
TXN00854,smartphone,15526,13302,1,1,1,0.84,0.79,1,0.62,merchant_violation,0
TXN00855,groceries,42864,39068,1,1,1,0.39,0.5,4,0.97,none,1
TXN00856,hotel,27039,15978,1,0,1,0.91,0.97,4,0.31,quantity_violation,0
TXN00857,laptop,74207,54812,1,1,1,0.93,0.98,1,0.85,none,1
TXN00858,headphones,7525,4516,1,1,1,0.48,0.45,2,0.83,none,1
TXN00859,smartphone,2850,1723,1,1,1,0.94,0.67,5,0.9,none,1
TXN00860,shoes,94528,60874,1,0,1,0.65,0.48,1,0.5,quantity_violation,0
TXN00861,hotel,96251,57060,1,1,1,0.59,0.49,2,1.0,none,1
TXN00862,shoes,81960,38834,1,1,1,0.71,0.79,0,0.8,none,1
TXN00863,headphones,43368,25079,1,1,1,0.45,0.63,3,0.95,none,1
TXN00864,hotel,10575,11517,1,1,1,0.95,0.68,2,0.7,budget_violation,0
TXN00865,laptop,1702,1175,1,1,1,0.98,0.8,1,0.68,merchant_violation,0
TXN00866,laptop,77085,57958,0,1,1,0.95,0.93,1,0.24,category_mismatch,0
TXN00867,groceries,19585,10224,1,0,1,0.39,0.92,2,0.57,quantity_violation,0
TXN00868,groceries,38083,18441,1,1,1,0.88,0.96,4,0.86,none,1
TXN00869,headphones,42358,27273,1,1,1,0.97,0.73,5,0.93,none,1
TXN00870,books,7975,9748,1,1,1,0.33,0.56,5,0.43,budget_violation,0
TXN00871,smartphone,65868,65499,1,0,1,0.69,0.67,0,0.62,quantity_violation,0
TXN00872,headphones,17207,7616,1,1,1,0.5,0.9,5,0.9,none,1
TXN00873,hotel,74825,53123,1,1,1,0.71,0.98,4,0.95,none,1
TXN00874,headphones,55580,26251,1,1,1,0.65,0.46,2,0.81,none,1
TXN00875,smartphone,52664,50052,1,1,1,0.37,0.59,0,0.82,none,1
TXN00876,books,60513,29561,1,1,1,0.76,0.6,0,0.93,none,1
TXN00877,books,43587,43581,1,1,1,0.93,0.88,1,0.84,none,1
TXN00878,laptop,85363,137250,1,1,1,0.68,0.76,0,0.4,budget_violation,0
TXN00879,headphones,32467,29410,1,1,1,0.36,0.91,1,0.88,none,1
TXN00880,groceries,38347,37123,1,1,1,0.41,0.58,3,0.95,none,1
TXN00881,hotel,90779,50049,1,1,1,0.37,0.62,1,0.9,none,1
TXN00882,groceries,63447,45144,1,1,1,0.83,0.89,4,0.29,merchant_violation,0
TXN00883,groceries,13182,13005,1,0,1,0.77,0.79,5,0.28,quantity_violation,0
TXN00884,books,70111,46783,1,1,1,0.5,0.66,3,0.86,none,1
TXN00885,headphones,90694,80633,1,1,1,0.67,0.58,0,0.91,none,1
TXN00886,laptop,68294,48250,1,1,0,0.63,0.83,2,0.38,time_violation,0
TXN00887,smartphone,66987,39507,1,1,0,0.43,0.64,0,0.41,time_violation,0
TXN00888,hotel,42149,26069,1,1,1,0.77,0.77,2,0.87,none,1
TXN00889,headphones,28665,18049,1,1,1,0.77,0.66,0,0.2,merchant_violation,0
TXN00890,smartphone,2743,2002,1,1,0,0.58,0.79,5,0.5,time_violation,0
TXN00891,books,40688,39945,1,1,1,0.55,0.8,5,0.94,none,1
TXN00892,hotel,12486,14897,1,1,1,0.87,0.82,1,0.63,budget_violation,0
TXN00893,shoes,64060,48353,1,1,1,0.61,0.78,4,0.84,none,1
TXN00894,hotel,61742,31544,1,1,0,0.42,0.49,5,0.42,time_violation,0
TXN00895,books,62799,49775,1,1,0,0.44,0.74,3,0.23,time_violation,0
TXN00896,laptop,14456,11552,1,1,1,0.99,0.91,5,0.92,none,1
TXN00897,hotel,5851,3746,1,1,1,0.71,0.77,5,0.98,none,1
TXN00898,books,31396,21029,1,1,1,0.6,0.59,0,0.85,none,1
TXN00899,groceries,63041,61117,1,1,1,0.54,0.82,0,0.28,merchant_violation,0
TXN00900,shoes,62504,28906,1,1,1,0.45,0.95,2,0.98,none,1
TXN00901,books,18191,14663,1,1,1,0.57,0.65,5,0.93,none,1
TXN00902,flight,62908,56061,1,1,1,0.74,0.57,5,0.82,none,1
TXN00903,books,17920,14387,0,1,1,0.37,0.65,3,0.35,category_mismatch,0
TXN00904,shoes,73984,97591,1,1,1,0.48,0.81,1,0.61,budget_violation,0
TXN00905,laptop,9344,3548,1,1,1,0.46,0.74,3,0.85,none,1
TXN00906,flight,47562,39907,1,1,1,0.69,0.94,5,0.97,none,1
TXN00907,smartphone,93589,84182,1,1,0,0.97,0.85,0,0.59,time_violation,0
TXN00908,smartphone,74724,87821,1,1,1,0.38,0.52,2,0.28,budget_violation,0
TXN00909,hotel,93820,61370,1,1,1,0.81,0.46,5,0.87,none,1
TXN00910,headphones,17119,10397,1,1,1,0.59,0.86,1,0.97,none,1
TXN00911,books,45737,24817,0,1,1,0.56,0.85,2,0.51,category_mismatch,0
TXN00912,shoes,20871,13999,1,1,1,0.85,0.48,3,0.88,none,1
TXN00913,groceries,61129,40425,1,1,1,0.78,0.97,3,0.83,none,1
TXN00914,laptop,95060,91309,1,1,1,0.36,0.59,1,0.89,none,1
TXN00915,groceries,5861,4390,1,1,1,0.93,0.43,5,1.0,none,1
TXN00916,hotel,55959,43458,1,1,1,0.69,0.58,5,0.86,none,1
TXN00917,flight,2035,1892,1,1,1,0.73,0.49,3,0.89,none,1
TXN00918,shoes,72358,53018,1,1,1,0.61,0.61,5,0.88,none,1
TXN00919,shoes,40522,27038,1,1,1,0.81,0.84,1,0.46,merchant_violation,0
TXN00920,hotel,29014,19036,1,1,1,0.54,0.78,0,0.21,merchant_violation,0
TXN00921,hotel,32632,16732,1,1,1,0.6,0.7,5,0.81,none,1
TXN00922,flight,35046,19209,1,1,1,0.33,0.79,0,0.89,none,1
TXN00923,laptop,60394,28099,1,1,1,0.82,0.75,5,0.98,none,1
TXN00924,shoes,46919,39234,1,1,1,0.8,0.71,1,0.25,merchant_violation,0
TXN00925,shoes,48352,19465,1,1,1,0.6,0.65,0,0.81,none,1
TXN00926,headphones,63423,84160,1,1,1,0.67,0.75,4,0.59,budget_violation,0
TXN00927,hotel,77585,46271,1,1,1,0.61,0.96,3,0.95,none,1
TXN00928,groceries,22344,16587,0,1,1,0.62,0.98,4,0.63,category_mismatch,0
TXN00929,smartphone,92025,47512,1,1,0,0.41,0.74,0,0.5,time_violation,0
TXN00930,groceries,15461,9969,1,1,1,0.67,0.47,2,0.7,merchant_violation,0
TXN00931,hotel,39532,33754,1,1,1,0.4,0.75,0,0.99,none,1
TXN00932,hotel,38156,19117,1,1,0,0.68,0.44,0,0.41,time_violation,0
TXN00933,hotel,75155,40318,1,1,1,0.56,0.9,4,0.83,none,1
TXN00934,headphones,67160,55956,1,1,1,0.77,0.49,5,0.87,none,1
TXN00935,groceries,51755,34649,1,1,0,0.33,0.8,3,0.57,time_violation,0
TXN00936,smartphone,22707,15903,1,1,1,0.86,0.82,4,0.93,none,1
TXN00937,smartphone,26221,17811,1,1,1,0.83,0.97,4,0.84,none,1
TXN00938,books,66881,25695,1,1,1,0.96,0.51,0,0.85,none,1
TXN00939,shoes,33150,29412,1,1,1,0.71,0.45,4,0.92,none,1
TXN00940,groceries,78187,102031,1,1,1,0.43,0.41,4,0.36,budget_violation,0
TXN00941,hotel,12930,18830,1,1,1,0.5,0.51,0,0.28,budget_violation,0
TXN00942,groceries,89946,88197,1,1,1,0.43,0.83,2,0.39,merchant_violation,0
TXN00943,flight,19672,10366,1,1,1,0.56,0.9,0,0.81,none,1
TXN00944,shoes,99583,46360,1,1,1,0.66,0.7,0,0.85,none,1
TXN00945,flight,61925,21414,1,1,1,0.32,0.78,0,0.85,none,1
TXN00946,smartphone,33285,25166,1,1,1,0.39,0.74,3,0.82,none,1
TXN00947,shoes,19660,19457,1,1,1,0.85,0.72,3,0.99,none,1
TXN00948,books,6477,6351,1,1,0,0.73,0.79,1,0.2,time_violation,0
TXN00949,books,36822,32684,1,1,1,0.57,0.61,5,0.84,none,1
TXN00950,hotel,6961,5440,1,1,1,0.51,0.64,0,0.62,merchant_violation,0
TXN00951,hotel,57618,56391,1,1,1,0.52,0.81,2,0.52,merchant_violation,0
TXN00952,books,36784,24675,1,0,1,0.62,0.76,0,0.66,quantity_violation,0
TXN00953,headphones,85730,62252,1,1,1,0.3,0.41,1,0.88,none,1
TXN00954,books,52483,44668,1,1,1,0.75,0.45,0,0.98,none,1
TXN00955,books,89112,81424,1,1,0,0.55,0.51,5,0.69,time_violation,0
TXN00956,smartphone,61646,26821,1,1,1,0.31,0.85,2,0.94,none,1
TXN00957,flight,26101,21210,1,1,1,0.87,0.53,3,0.68,merchant_violation,0
TXN00958,laptop,37799,29968,1,1,1,0.72,0.4,5,0.88,none,1
TXN00959,hotel,75593,31698,1,1,1,0.44,0.84,5,0.94,none,1
TXN00960,headphones,9566,7864,1,1,1,0.39,0.96,1,0.98,none,1
TXN00961,hotel,26146,8266,1,1,1,0.98,0.81,4,0.85,none,1
TXN00962,books,1256,940,1,1,1,0.96,0.43,2,0.89,none,1
TXN00963,groceries,36918,27071,1,1,1,0.55,0.86,5,0.31,merchant_violation,0
TXN00964,hotel,56058,29226,1,1,1,0.57,0.6,4,0.96,none,1
TXN00965,shoes,91380,32175,1,1,1,0.47,0.5,2,0.81,none,1
TXN00966,smartphone,4653,4027,1,1,1,0.71,0.78,2,0.97,none,1
TXN00967,shoes,15134,14697,1,1,1,0.88,0.89,4,0.96,none,1
TXN00968,smartphone,79638,66487,1,1,1,0.74,0.75,0,0.99,none,1
TXN00969,laptop,50465,45084,1,1,1,0.35,0.48,3,0.81,none,1
TXN00970,groceries,9623,14140,1,1,1,0.51,0.63,0,0.51,budget_violation,0
TXN00971,groceries,31554,26859,1,1,1,0.74,0.67,3,0.96,none,1
TXN00972,smartphone,45514,35184,1,1,1,0.32,0.71,4,0.84,none,1
TXN00973,smartphone,2610,906,1,1,1,0.85,0.52,4,0.83,none,1
TXN00974,hotel,47581,38409,1,1,1,0.61,0.55,0,0.81,none,1
TXN00975,hotel,77614,75426,1,1,1,0.83,0.59,4,0.96,none,1
TXN00976,headphones,62541,33774,1,1,1,0.56,0.4,4,0.93,none,1
TXN00977,headphones,8512,7910,1,1,1,0.6,0.52,1,0.52,merchant_violation,0
TXN00978,shoes,9965,7648,1,1,1,0.79,0.99,4,0.94,none,1
TXN00979,flight,81753,47509,1,0,1,0.62,0.87,0,0.45,quantity_violation,0
TXN00980,laptop,84724,62125,0,1,1,0.45,0.69,2,0.6,category_mismatch,0
TXN00981,groceries,27911,24513,1,1,1,0.3,0.41,2,0.81,none,1
TXN00982,smartphone,19664,16039,0,1,1,0.94,0.62,0,0.3,category_mismatch,0
TXN00983,hotel,23825,20475,1,0,1,0.54,0.73,1,0.3,quantity_violation,0
TXN00984,headphones,35313,11112,1,1,1,0.77,0.63,0,0.87,none,1
TXN00985,shoes,40986,22900,1,1,1,0.56,0.5,4,1.0,none,1
TXN00986,groceries,94184,88661,0,1,1,0.39,0.51,4,0.39,category_mismatch,0
TXN00987,flight,42674,41986,1,1,1,0.47,0.43,4,0.92,none,1
TXN00988,hotel,20472,6904,1,1,1,0.86,0.92,4,0.99,none,1
TXN00989,books,28425,24140,1,1,1,0.85,0.77,1,0.9,none,1
TXN00990,flight,66350,28218,1,1,1,0.8,0.72,3,0.94,none,1
TXN00991,books,63096,51678,1,1,0,0.85,0.79,1,0.31,time_violation,0
TXN00992,shoes,60255,34774,1,1,1,0.51,0.93,4,0.83,none,1
TXN00993,flight,34361,13539,1,1,1,0.36,0.67,2,0.85,none,1
TXN00994,laptop,61981,33188,1,1,1,0.62,0.66,2,0.96,none,1
TXN00995,flight,36785,15659,1,1,1,0.46,0.79,2,0.98,none,1
TXN00996,hotel,66767,50112,1,1,1,0.85,0.96,0,0.82,none,1
TXN00997,flight,6017,3210,1,1,1,0.77,0.55,5,0.96,none,1
TXN00998,hotel,25987,25950,1,1,1,1.0,0.85,5,0.91,none,1
TXN00999,hotel,2118,1053,1,1,1,0.54,1.0,3,0.96,none,1
TXN01000,laptop,62866,62394,1,1,1,0.97,0.92,1,0.85,none,1
TXN01001,shoes,63185,56423,1,1,1,0.83,0.83,3,0.37,merchant_violation,0
TXN01002,smartphone,42035,25227,1,1,1,0.96,0.65,3,0.89,none,1
TXN01003,laptop,50112,32712,0,1,1,0.82,0.7,5,0.62,category_mismatch,0
TXN01004,flight,30555,23833,1,1,1,0.58,0.87,4,0.86,none,1
TXN01005,laptop,75393,71284,1,1,1,0.41,0.97,2,0.91,none,1
TXN01006,groceries,50980,27113,1,1,0,0.57,0.68,2,0.48,time_violation,0
TXN01007,books,84755,30958,1,1,1,0.37,0.73,0,0.97,none,1
TXN01008,books,4517,7830,1,1,1,0.57,0.52,2,0.53,budget_violation,0
TXN01009,smartphone,60593,30631,1,1,1,0.53,0.95,3,0.28,merchant_violation,0
TXN01010,smartphone,17926,11378,1,1,1,0.35,0.97,1,0.83,none,1
TXN01011,shoes,41600,33145,1,1,1,0.63,0.76,2,0.92,none,1
TXN01012,books,37102,26819,0,1,1,0.88,0.76,1,0.46,category_mismatch,0
TXN01013,books,61319,20073,1,1,1,0.36,0.79,3,0.87,none,1
TXN01014,hotel,52260,45308,1,1,1,0.42,0.55,4,0.95,none,1
TXN01015,books,51418,22028,1,1,1,0.7,0.64,0,0.85,none,1
TXN01016,headphones,36884,24948,1,1,1,0.77,0.44,5,0.94,none,1
TXN01017,shoes,65682,54732,1,1,1,0.38,0.62,0,0.9,none,1
TXN01018,flight,54752,26113,1,1,1,0.65,0.68,0,0.93,none,1
TXN01019,books,50958,29532,1,1,1,0.44,0.42,2,0.82,none,1
TXN01020,headphones,43875,27420,1,1,1,0.62,0.45,5,0.85,none,1
TXN01021,books,19383,9602,1,1,1,0.41,0.9,4,0.82,none,1
TXN01022,hotel,17272,9907,1,1,1,0.35,0.86,5,0.85,none,1
TXN01023,books,47935,82424,1,1,1,0.67,0.67,0,0.62,budget_violation,0
TXN01024,smartphone,52199,31882,1,1,1,0.72,0.43,3,0.95,none,1
TXN01025,shoes,50105,22045,1,1,1,0.31,0.42,0,0.87,none,1
TXN01026,shoes,90123,40951,1,1,1,0.92,0.88,5,0.83,none,1
TXN01027,headphones,6768,2540,1,1,1,0.53,0.74,1,0.92,none,1
TXN01028,groceries,57083,31563,0,1,1,0.53,0.41,5,0.36,category_mismatch,0
TXN01029,groceries,28887,10001,1,1,1,0.87,0.79,2,0.81,none,1
TXN01030,shoes,54883,39472,1,1,1,0.99,0.46,4,0.96,none,1
TXN01031,headphones,34022,24492,1,1,1,0.99,0.82,5,0.98,none,1
TXN01032,headphones,44522,44032,1,0,1,0.77,0.44,0,0.5,quantity_violation,0
TXN01033,books,51118,41879,1,1,1,0.65,0.82,0,0.85,none,1
TXN01034,smartphone,41481,36446,1,1,0,0.73,0.44,2,0.45,time_violation,0
TXN01035,shoes,20879,15647,1,1,1,0.47,0.84,3,0.95,none,1
TXN01036,flight,18598,26793,1,1,1,0.98,0.79,2,0.58,budget_violation,0
TXN01037,shoes,97059,45576,1,1,1,0.68,0.94,5,1.0,none,1
TXN01038,shoes,80700,53667,1,1,1,0.43,0.78,0,0.97,none,1
TXN01039,smartphone,26226,25416,0,1,1,0.39,0.5,4,0.62,category_mismatch,0
TXN01040,shoes,31973,19131,1,1,1,0.63,0.5,1,0.85,none,1
TXN01041,headphones,80410,63380,1,0,1,0.98,0.52,3,0.24,quantity_violation,0
TXN01042,flight,53198,33488,1,1,1,0.6,0.77,3,0.95,none,1
TXN01043,books,3596,2154,1,1,1,0.36,0.94,2,0.92,none,1
TXN01044,headphones,73463,35269,1,1,1,0.62,0.67,3,0.91,none,1
TXN01045,books,10429,8347,1,1,1,0.44,0.95,0,0.8,none,1
TXN01046,flight,65415,38665,1,1,1,0.58,0.85,3,0.9,none,1
TXN01047,smartphone,54580,54292,1,1,1,0.39,0.96,1,0.84,none,1
TXN01048,groceries,34457,28465,1,1,1,0.54,0.83,5,0.94,none,1
TXN01049,laptop,86315,51515,1,1,1,0.47,0.69,2,0.93,none,1
TXN01050,laptop,92418,37292,1,1,1,0.72,0.97,1,0.85,none,1
TXN01051,headphones,2617,4012,1,1,1,0.94,0.64,4,0.69,budget_violation,0
TXN01052,smartphone,68965,62979,1,1,1,0.42,0.66,5,0.86,none,1
TXN01053,groceries,77818,45766,1,1,1,0.91,0.84,0,0.82,none,1
TXN01054,flight,19705,19015,0,1,1,0.58,0.58,1,0.61,category_mismatch,0
TXN01055,laptop,13697,10443,1,1,0,0.76,0.84,1,0.29,time_violation,0
TXN01056,headphones,93280,55127,1,1,0,0.96,0.67,1,0.29,time_violation,0
TXN01057,laptop,99292,62521,0,1,1,0.93,0.65,5,0.66,category_mismatch,0
TXN01058,smartphone,84418,45826,1,0,1,0.39,0.44,0,0.49,quantity_violation,0
TXN01059,books,64595,23936,1,1,1,0.34,0.85,0,0.93,none,1
TXN01060,laptop,13693,18235,1,1,1,0.66,0.98,2,0.67,budget_violation,0
TXN01061,books,45175,24195,1,1,1,0.78,0.61,2,0.96,none,1
TXN01062,flight,88173,64151,1,1,1,0.98,0.92,0,0.8,none,1
TXN01063,groceries,96056,91015,1,1,1,0.32,0.47,4,0.86,none,1
TXN01064,shoes,49290,38462,1,1,1,0.91,0.71,5,0.84,none,1
TXN01065,flight,3179,2897,1,1,1,0.98,0.84,5,0.89,none,1
TXN01066,books,53450,45741,1,1,1,0.54,0.96,3,1.0,none,1
TXN01067,smartphone,97243,70503,1,1,1,0.8,0.92,4,0.96,none,1
TXN01068,laptop,17759,6410,1,1,1,0.88,1.0,3,0.83,none,1
TXN01069,books,16162,10965,1,1,1,0.47,0.5,5,0.94,none,1
TXN01070,smartphone,58002,18587,1,1,1,0.95,0.6,3,0.95,none,1
TXN01071,shoes,95263,92953,1,1,0,0.77,0.8,4,0.52,time_violation,0
TXN01072,books,12854,6850,1,1,1,0.46,0.75,4,0.81,none,1
TXN01073,flight,50415,41344,1,1,1,0.81,0.79,4,0.99,none,1
TXN01074,groceries,31587,40059,1,1,1,0.38,0.6,4,0.67,budget_violation,0
TXN01075,smartphone,76083,68271,1,1,1,0.97,0.75,0,0.86,none,1
TXN01076,shoes,51875,27169,1,1,1,0.56,0.81,1,0.9,none,1
TXN01077,shoes,14970,10131,1,1,1,0.62,0.49,2,0.97,none,1
TXN01078,books,90126,64983,1,1,1,0.4,0.8,5,0.81,none,1
TXN01079,flight,41487,32443,1,1,1,0.49,0.91,4,0.9,none,1
TXN01080,shoes,65883,34878,1,1,0,0.87,0.49,5,0.31,time_violation,0
TXN01081,shoes,92803,87811,1,1,1,0.84,0.91,5,0.88,none,1
TXN01082,headphones,3826,2051,1,1,1,0.77,0.99,3,0.88,none,1
TXN01083,hotel,38010,16593,1,1,1,0.9,0.64,1,0.86,none,1
TXN01084,laptop,94007,71280,1,1,1,0.7,0.67,3,0.86,none,1
TXN01085,headphones,28494,24723,0,1,1,0.31,0.84,4,0.25,category_mismatch,0
TXN01086,headphones,50355,30161,1,1,1,0.89,0.96,0,0.87,none,1
TXN01087,books,24544,9379,1,1,1,0.66,0.6,3,0.99,none,1
TXN01088,groceries,33112,23122,0,1,1,0.51,0.76,1,0.53,category_mismatch,0
TXN01089,groceries,91674,70544,1,1,1,0.36,0.68,5,0.88,none,1
TXN01090,books,49145,54648,1,1,1,0.64,0.8,4,0.31,budget_violation,0
TXN01091,books,36877,13503,1,1,1,0.72,0.63,5,0.94,none,1
TXN01092,hotel,75897,40358,1,0,1,0.94,0.88,1,0.4,quantity_violation,0
TXN01093,laptop,52615,35540,1,1,1,0.87,0.69,4,0.97,none,1
TXN01094,smartphone,99763,97366,1,1,1,0.93,0.51,4,0.94,none,1
TXN01095,laptop,73708,38328,1,1,1,0.33,0.75,5,0.83,none,1
TXN01096,hotel,99706,142540,1,1,1,0.55,0.73,3,0.69,budget_violation,0
TXN01097,laptop,33550,32286,1,1,1,0.66,0.87,5,0.91,none,1
TXN01098,headphones,76637,39778,1,1,1,0.94,1.0,4,0.91,none,1
TXN01099,shoes,91168,111938,1,1,1,0.43,0.58,1,0.68,budget_violation,0
TXN01100,shoes,78566,30636,1,1,1,0.74,0.44,2,0.85,none,1
TXN01101,headphones,53436,51369,1,1,1,0.77,0.96,1,0.91,none,1
TXN01102,smartphone,83518,83246,1,1,1,0.79,0.52,2,0.91,none,1
TXN01103,headphones,56009,29206,1,1,1,0.85,0.63,4,0.85,none,1
TXN01104,hotel,17334,13499,1,1,1,0.58,0.6,0,0.87,none,1
TXN01105,flight,36815,23444,0,1,1,0.37,0.99,1,0.39,category_mismatch,0
TXN01106,smartphone,17187,13653,1,0,1,0.86,0.46,2,0.55,quantity_violation,0
TXN01107,hotel,73291,126238,1,1,1,0.42,0.97,3,0.29,budget_violation,0
TXN01108,groceries,63503,30566,1,1,1,0.78,0.83,5,0.83,none,1
TXN01109,groceries,75391,25407,1,1,1,0.81,0.98,5,0.96,none,1
TXN01110,groceries,93639,56864,1,1,1,0.55,0.68,2,0.86,none,1
TXN01111,groceries,69235,63486,1,1,1,0.87,0.58,0,0.99,none,1
TXN01112,groceries,41991,31252,1,1,1,0.35,0.54,0,0.83,none,1
TXN01113,laptop,12086,8314,1,1,1,0.64,0.92,3,0.94,none,1
TXN01114,headphones,63869,49791,1,1,1,0.77,0.72,0,0.88,none,1
TXN01115,shoes,98768,84080,1,1,0,0.82,0.55,5,0.53,time_violation,0
TXN01116,laptop,80609,33692,1,1,1,0.95,0.86,1,0.83,none,1
TXN01117,flight,18474,17859,1,1,1,0.6,0.63,2,0.99,none,1
TXN01118,flight,90006,83290,1,1,1,0.9,0.57,3,0.35,merchant_violation,0
TXN01119,shoes,1292,902,1,1,1,0.45,0.58,5,0.9,none,1
TXN01120,laptop,61693,55144,1,1,1,0.34,0.4,3,0.87,none,1
TXN01121,flight,15046,10547,0,1,1,0.31,0.66,1,0.24,category_mismatch,0
TXN01122,headphones,54833,27605,1,1,0,0.84,0.55,3,0.4,time_violation,0
TXN01123,hotel,48775,20852,1,1,1,0.87,0.47,3,0.93,none,1
TXN01124,books,22211,11170,1,1,0,0.92,0.83,0,0.29,time_violation,0
TXN01125,laptop,18521,15201,1,1,1,0.93,0.5,1,0.99,none,1
TXN01126,hotel,16570,11351,1,1,1,0.86,0.83,2,0.95,none,1
TXN01127,groceries,66779,54713,1,1,1,0.88,0.48,0,0.96,none,1
TXN01128,headphones,21387,6620,1,1,1,0.78,0.43,2,0.89,none,1
TXN01129,laptop,57928,28822,1,1,1,0.36,0.66,4,0.83,none,1
TXN01130,headphones,33698,57223,1,1,1,1.0,0.55,3,0.3,budget_violation,0
TXN01131,smartphone,92900,67609,1,1,1,0.43,0.91,5,0.93,none,1
TXN01132,shoes,16789,21076,1,1,1,0.43,0.49,0,0.51,budget_violation,0
TXN01133,smartphone,7678,5124,1,1,1,0.79,0.99,1,0.87,none,1
TXN01134,books,9041,6787,1,1,1,0.51,0.56,2,0.99,none,1
TXN01135,groceries,33370,11121,1,1,1,0.33,0.43,5,0.86,none,1
TXN01136,hotel,62873,34604,1,1,1,0.43,0.97,2,0.37,merchant_violation,0
TXN01137,smartphone,13699,10658,1,1,1,0.84,0.48,2,0.95,none,1
TXN01138,flight,98377,65932,1,1,1,0.56,0.79,1,0.92,none,1
TXN01139,smartphone,14941,8369,1,1,1,0.71,0.95,5,0.61,merchant_violation,0
TXN01140,shoes,93361,34454,1,1,1,0.96,0.77,2,0.95,none,1
TXN01141,shoes,70934,23455,1,1,1,0.43,0.73,2,0.98,none,1
TXN01142,flight,48973,39282,1,1,1,0.94,0.44,3,0.9,none,1
TXN01143,laptop,22880,18022,1,1,1,0.39,0.43,4,0.81,none,1
TXN01144,shoes,98087,63415,1,1,1,0.67,0.71,0,0.83,none,1
TXN01145,groceries,74727,43386,1,1,1,0.49,0.51,1,0.91,none,1
TXN01146,laptop,68213,54258,1,1,1,0.67,0.58,1,0.86,none,1
TXN01147,hotel,73371,38358,0,1,1,0.47,0.42,1,0.67,category_mismatch,0
TXN01148,hotel,18428,28228,1,1,1,0.47,0.89,4,0.26,budget_violation,0
TXN01149,flight,83927,46862,1,1,1,0.36,0.82,4,0.85,none,1
TXN01150,headphones,54522,27611,1,1,1,0.99,0.78,0,0.96,none,1
TXN01151,shoes,96745,40992,1,1,1,0.98,0.72,4,0.82,none,1
TXN01152,groceries,86698,67229,1,1,1,0.87,0.53,2,0.3,merchant_violation,0
TXN01153,groceries,21400,17352,1,1,1,0.6,0.49,3,0.82,none,1
TXN01154,headphones,61213,36386,0,1,1,0.64,0.84,5,0.34,category_mismatch,0
TXN01155,hotel,22354,19498,1,1,1,0.78,0.51,1,0.81,none,1
TXN01156,shoes,60640,59382,1,1,1,0.37,0.72,5,0.95,none,1
TXN01157,laptop,80074,40866,1,1,0,0.88,0.86,5,0.67,time_violation,0
TXN01158,headphones,33550,16350,1,1,1,0.96,0.76,0,0.99,none,1
TXN01159,smartphone,72089,38702,1,1,1,0.8,0.52,3,0.95,none,1
TXN01160,books,22383,14218,1,1,1,0.47,0.73,2,0.93,none,1
TXN01161,smartphone,3779,1405,1,1,1,0.51,0.71,3,0.83,none,1
TXN01162,shoes,4145,2377,1,1,0,0.76,0.54,5,0.39,time_violation,0
TXN01163,smartphone,65463,79759,1,1,1,0.97,0.57,0,0.51,budget_violation,0
TXN01164,smartphone,48250,45543,1,1,1,0.93,0.76,1,0.89,none,1
TXN01165,flight,79592,45774,1,1,0,0.77,0.58,2,0.37,time_violation,0
TXN01166,smartphone,36532,27881,1,1,1,0.95,0.89,5,0.96,none,1
TXN01167,laptop,20482,8246,1,1,1,0.4,0.67,3,0.96,none,1
TXN01168,smartphone,76739,62058,1,1,1,0.4,0.59,1,0.84,none,1
TXN01169,groceries,47217,28173,1,1,1,0.79,0.65,5,0.87,none,1
TXN01170,shoes,51224,33191,1,1,1,0.67,0.72,1,0.88,none,1
TXN01171,groceries,70067,55034,1,1,1,0.82,0.82,1,0.87,none,1
TXN01172,shoes,3248,2051,1,1,1,0.39,0.47,2,0.87,none,1
TXN01173,headphones,39626,35056,1,1,1,0.69,0.96,3,0.85,none,1
TXN01174,shoes,8322,3179,1,1,1,0.79,0.49,5,0.81,none,1
TXN01175,groceries,49717,76915,1,1,1,0.35,0.9,1,0.22,budget_violation,0
TXN01176,flight,19517,20675,1,1,1,0.88,0.65,1,0.43,budget_violation,0
TXN01177,headphones,99055,95502,1,1,1,0.63,0.83,3,0.96,none,1
TXN01178,laptop,38587,66017,1,1,1,0.32,0.85,4,0.28,budget_violation,0
TXN01179,groceries,56524,51616,1,1,1,0.69,0.9,4,0.9,none,1
TXN01180,shoes,56531,27715,1,1,1,0.36,0.63,1,0.95,none,1
TXN01181,groceries,82139,48613,1,1,0,0.82,0.74,0,0.61,time_violation,0
TXN01182,books,63575,47638,1,1,1,0.88,0.5,2,0.93,none,1
TXN01183,shoes,36378,48092,1,1,1,0.85,0.6,1,0.34,budget_violation,0
TXN01184,smartphone,9561,15463,1,1,1,0.52,0.73,5,0.66,budget_violation,0
TXN01185,shoes,36280,28385,1,1,1,0.69,0.87,0,0.22,merchant_violation,0
TXN01186,smartphone,41449,36302,1,0,1,0.97,0.7,2,0.58,quantity_violation,0
TXN01187,flight,17976,6618,1,1,1,0.59,0.84,0,0.9,none,1
TXN01188,headphones,4104,2328,1,1,1,0.71,0.91,2,0.83,none,1
TXN01189,books,11322,4135,1,1,1,0.8,0.93,5,0.93,none,1
TXN01190,headphones,66748,54072,1,1,1,0.76,0.96,2,0.89,none,1
TXN01191,headphones,45436,42163,1,1,1,0.6,0.93,5,0.39,merchant_violation,0
TXN01192,shoes,81004,78623,1,1,1,0.7,1.0,0,0.96,none,1
TXN01193,headphones,41572,40668,1,1,1,0.85,0.45,0,0.89,none,1
TXN01194,headphones,39745,31329,1,0,1,0.55,0.44,5,0.59,quantity_violation,0
TXN01195,hotel,63031,52580,1,1,1,0.61,0.95,0,0.99,none,1
TXN01196,books,6189,3098,1,1,1,0.59,0.77,5,0.83,none,1
TXN01197,flight,68171,65882,1,1,1,0.56,0.81,4,0.89,none,1
TXN01198,laptop,82345,27992,1,1,1,0.85,0.82,4,0.8,none,1
TXN01199,smartphone,39097,27332,1,1,1,0.9,0.53,3,0.93,none,1
TXN01200,flight,62063,41866,1,1,1,0.87,0.47,1,0.95,none,1
TXN01201,groceries,57769,30746,1,0,1,0.54,0.76,1,0.55,quantity_violation,0
TXN01202,books,15984,23317,1,1,1,0.96,0.49,1,0.36,budget_violation,0
TXN01203,laptop,79784,27420,1,1,1,0.87,0.87,3,0.84,none,1
TXN01204,shoes,4007,3119,1,1,1,0.49,0.78,0,0.83,none,1
TXN01205,hotel,54093,50611,1,1,0,0.67,0.8,2,0.29,time_violation,0
TXN01206,laptop,13116,7869,1,1,1,0.97,0.58,1,0.87,none,1
TXN01207,groceries,64127,50158,1,1,1,0.41,0.82,2,0.98,none,1
TXN01208,groceries,2301,2129,1,1,1,0.44,0.83,4,0.92,none,1
TXN01209,flight,88040,84278,1,1,1,0.82,0.84,2,0.8,none,1
TXN01210,books,20331,10602,1,1,1,0.85,0.8,2,0.9,none,1
TXN01211,laptop,60055,54054,1,1,1,0.74,0.78,4,0.82,none,1
TXN01212,shoes,98741,58664,1,1,1,0.68,0.5,3,0.84,none,1
TXN01213,shoes,26055,18337,1,1,1,0.31,0.89,0,0.86,none,1
TXN01214,hotel,66809,25876,1,1,1,0.65,1.0,3,0.88,none,1
TXN01215,flight,72102,70793,1,1,1,0.54,0.96,3,0.89,none,1
TXN01216,headphones,73450,49941,1,1,1,0.57,0.91,5,0.94,none,1
TXN01217,hotel,93024,88149,1,1,1,0.9,1.0,0,0.82,none,1
TXN01218,laptop,81774,30466,1,1,1,0.82,0.77,4,0.82,none,1
TXN01219,books,66976,21622,1,1,1,0.5,0.65,1,0.96,none,1
TXN01220,groceries,16007,15611,1,1,0,0.55,0.88,3,0.41,time_violation,0
TXN01221,groceries,1996,1691,1,1,1,0.66,0.56,5,0.85,none,1
TXN01222,groceries,89250,46083,1,1,0,0.32,0.87,4,0.61,time_violation,0
TXN01223,flight,44920,44758,1,1,1,0.47,0.98,1,0.51,merchant_violation,0
TXN01224,groceries,7760,5466,1,1,1,0.39,0.78,5,0.83,none,1
TXN01225,flight,68800,37825,0,1,1,0.86,0.7,5,0.49,category_mismatch,0
TXN01226,groceries,83223,73746,1,1,1,0.41,0.59,0,0.82,none,1
TXN01227,groceries,2512,1796,1,1,1,0.32,0.82,0,0.91,none,1
TXN01228,laptop,98299,97157,1,1,1,0.74,0.87,1,0.85,none,1
TXN01229,shoes,39918,34455,0,1,1,0.86,0.63,2,0.53,category_mismatch,0
TXN01230,hotel,11874,8777,1,1,1,0.75,0.75,0,0.82,none,1
TXN01231,smartphone,15034,14241,1,0,1,0.36,0.7,2,0.66,quantity_violation,0
TXN01232,shoes,52222,71038,1,1,1,0.64,0.78,1,0.54,budget_violation,0
TXN01233,groceries,42102,25918,1,1,1,0.41,0.58,1,0.93,none,1
TXN01234,laptop,16362,16290,1,1,1,0.64,0.77,4,0.8,none,1
TXN01235,hotel,16937,24591,1,1,1,0.66,0.86,1,0.63,budget_violation,0
TXN01236,smartphone,29437,17953,0,1,1,0.81,0.96,2,0.34,category_mismatch,0
TXN01237,shoes,13054,8955,1,1,1,0.51,0.85,3,0.89,none,1
TXN01238,groceries,26304,22188,0,1,1,0.92,0.57,3,0.25,category_mismatch,0
TXN01239,hotel,22712,21976,1,1,1,0.64,0.93,3,0.92,none,1
TXN01240,hotel,42779,31019,1,1,1,0.6,0.74,2,0.98,none,1
TXN01241,smartphone,59904,105944,1,1,1,0.48,0.65,4,0.61,budget_violation,0
TXN01242,flight,53206,48125,0,1,1,0.6,0.51,1,0.24,category_mismatch,0
TXN01243,flight,49754,27919,1,0,1,0.52,0.41,2,0.31,quantity_violation,0
TXN01244,flight,31493,17948,1,1,1,0.72,0.72,0,0.91,none,1
TXN01245,smartphone,76228,45372,1,1,1,0.83,0.59,2,0.84,none,1
TXN01246,laptop,65740,65291,1,1,1,0.59,0.47,1,0.92,none,1
TXN01247,groceries,31988,15978,1,1,1,0.75,0.91,0,0.98,none,1
TXN01248,hotel,18178,10579,1,1,1,0.93,0.95,0,0.87,none,1
TXN01249,laptop,10103,8899,1,1,1,0.59,0.58,2,0.95,none,1
TXN01250,groceries,11455,5947,1,1,1,0.73,0.64,5,1.0,none,1
TXN01251,books,85029,32735,1,1,1,0.56,0.77,0,0.84,none,1
TXN01252,laptop,19184,17854,1,0,1,0.81,0.54,0,0.3,quantity_violation,0
TXN01253,flight,71458,68162,1,1,1,0.91,0.56,0,0.82,none,1
TXN01254,hotel,10835,9706,1,1,1,0.57,0.82,1,0.49,merchant_violation,0
TXN01255,smartphone,17552,7084,1,1,1,0.71,0.91,3,0.93,none,1
TXN01256,smartphone,69388,48885,1,1,1,0.76,0.99,2,0.95,none,1
TXN01257,books,30600,26184,1,0,1,0.55,0.9,1,0.53,quantity_violation,0
TXN01258,shoes,92090,48819,1,1,0,0.31,0.53,3,0.29,time_violation,0
TXN01259,smartphone,45623,40184,1,1,1,0.66,0.59,2,0.55,merchant_violation,0
TXN01260,headphones,67127,40906,0,1,1,0.55,0.99,4,0.46,category_mismatch,0
TXN01261,groceries,25635,14922,1,1,0,0.52,0.92,5,0.25,time_violation,0
TXN01262,books,15047,7047,1,1,1,0.93,0.51,0,0.9,none,1
TXN01263,books,47131,25546,1,1,1,0.6,0.49,4,0.42,merchant_violation,0
TXN01264,flight,7967,4452,1,1,1,0.33,0.63,3,0.84,none,1
TXN01265,shoes,53781,41130,1,0,1,0.65,0.66,5,0.22,quantity_violation,0
TXN01266,shoes,15559,26781,1,1,1,0.7,0.54,4,0.25,budget_violation,0
TXN01267,shoes,82293,47992,1,1,1,0.58,0.53,5,0.85,none,1
TXN01268,shoes,23417,12723,1,1,1,0.5,0.76,5,0.8,none,1
TXN01269,headphones,66960,49247,1,1,1,0.82,0.91,5,0.85,none,1
TXN01270,flight,90318,60158,0,1,1,0.62,0.98,5,0.44,category_mismatch,0
TXN01271,flight,3729,3507,1,0,1,0.42,0.86,0,0.5,quantity_violation,0
TXN01272,books,77435,57014,0,1,1,0.33,0.41,5,0.7,category_mismatch,0
TXN01273,shoes,69848,57868,1,1,1,0.84,0.46,5,0.87,none,1
TXN01274,books,97313,66367,1,1,1,0.76,0.55,3,0.8,none,1
TXN01275,flight,40470,37392,1,1,1,0.84,0.91,4,0.9,none,1
TXN01276,hotel,90887,67970,1,1,1,0.4,0.65,1,0.93,none,1
TXN01277,headphones,47818,22525,1,1,1,0.82,0.98,2,0.84,none,1
TXN01278,smartphone,26407,14905,1,1,1,0.38,0.56,5,0.94,none,1
TXN01279,books,70062,66138,1,0,1,0.57,0.65,2,0.35,quantity_violation,0
TXN01280,laptop,76958,41579,1,1,1,0.73,0.66,3,0.91,none,1
TXN01281,flight,38802,55261,1,1,1,0.78,0.68,1,0.46,budget_violation,0
TXN01282,hotel,82762,34248,1,1,1,0.64,0.44,2,0.8,none,1
TXN01283,laptop,29485,16562,1,1,1,0.64,0.4,2,0.53,merchant_violation,0
TXN01284,laptop,7540,7082,1,0,1,0.85,0.7,4,0.28,quantity_violation,0
TXN01285,smartphone,94480,67650,0,1,1,0.94,0.57,0,0.44,category_mismatch,0
TXN01286,flight,33601,25064,1,1,1,0.6,0.98,0,0.98,none,1
TXN01287,hotel,79255,55061,1,1,1,0.78,0.59,4,0.83,none,1
TXN01288,shoes,33770,20253,1,1,1,0.51,0.58,5,0.43,merchant_violation,0
TXN01289,headphones,50278,44430,1,1,1,0.37,0.72,5,0.86,none,1
TXN01290,flight,62391,39093,1,1,1,0.97,0.68,4,0.81,none,1
TXN01291,groceries,12590,9198,1,1,1,0.51,0.55,4,0.87,none,1
TXN01292,hotel,8017,4608,1,1,1,0.58,0.4,4,0.89,none,1
TXN01293,laptop,12096,15726,1,1,1,0.37,0.57,3,0.55,budget_violation,0
TXN01294,laptop,16917,13061,1,1,1,0.82,0.43,1,0.9,none,1
TXN01295,books,18878,12279,0,1,1,0.52,0.99,0,0.6,category_mismatch,0
TXN01296,shoes,16035,12858,0,1,1,0.38,0.46,1,0.25,category_mismatch,0
TXN01297,laptop,67296,22810,1,1,1,0.39,0.64,1,0.96,none,1
TXN01298,hotel,81315,73307,1,1,1,0.73,0.66,5,0.8,none,1
TXN01299,headphones,98596,41365,1,1,1,0.82,0.73,3,0.9,none,1
TXN01300,hotel,88495,66059,1,1,1,0.77,0.63,5,0.6,merchant_violation,0
TXN01301,books,55643,22464,1,1,1,0.5,0.47,3,0.8,none,1
TXN01302,hotel,5467,5058,1,1,1,0.73,0.43,2,0.99,none,1
TXN01303,books,95773,29343,1,1,1,0.41,0.7,4,0.84,none,1
TXN01304,groceries,68245,46129,0,1,1,0.8,0.6,5,0.63,category_mismatch,0
TXN01305,headphones,37482,28520,1,1,1,0.95,0.44,5,0.9,none,1
TXN01306,books,80408,56545,1,1,1,0.95,0.87,4,0.85,none,1
TXN01307,flight,78182,42504,1,1,1,0.73,0.64,0,0.81,none,1
TXN01308,headphones,31369,44687,1,1,1,0.78,0.59,1,0.69,budget_violation,0
TXN01309,shoes,14819,6250,1,1,1,0.92,0.85,3,0.98,none,1
TXN01310,laptop,81203,136835,1,1,1,0.35,0.86,4,0.52,budget_violation,0
TXN01311,laptop,23815,18792,1,1,1,0.56,0.99,4,0.91,none,1
TXN01312,shoes,34095,26430,1,1,1,0.46,0.85,3,0.96,none,1
TXN01313,shoes,12274,9087,1,1,1,0.77,0.52,1,0.98,none,1
TXN01314,flight,54480,49312,1,1,1,0.54,0.81,5,0.93,none,1
TXN01315,books,25921,18125,1,1,1,0.63,0.61,4,0.98,none,1
TXN01316,headphones,9802,7232,1,1,1,0.91,0.74,1,0.96,none,1
TXN01317,hotel,14226,7479,0,1,1,0.68,0.41,2,0.66,category_mismatch,0
TXN01318,hotel,52173,18133,1,1,1,0.91,0.98,0,0.91,none,1
TXN01319,shoes,68863,44763,1,1,1,0.58,0.43,5,0.98,none,1
TXN01320,books,35478,11444,1,1,1,0.59,0.52,0,0.83,none,1
TXN01321,flight,87944,30220,1,1,1,0.65,0.88,4,0.98,none,1
TXN01322,laptop,46330,44705,1,1,1,0.72,0.77,0,0.98,none,1
TXN01323,books,17969,20269,1,1,1,0.65,0.54,2,0.42,budget_violation,0
TXN01324,hotel,30852,33004,1,1,1,0.85,0.52,4,0.63,budget_violation,0
TXN01325,laptop,73416,41919,1,1,1,0.56,0.48,5,0.89,none,1
TXN01326,headphones,16149,14986,1,1,1,0.99,0.62,1,0.87,none,1
TXN01327,laptop,32217,16270,1,1,1,0.59,0.85,4,0.48,merchant_violation,0
TXN01328,laptop,95349,105595,1,1,1,0.39,0.51,0,0.36,budget_violation,0
TXN01329,shoes,39327,29076,1,1,0,0.39,0.45,2,0.67,time_violation,0
TXN01330,shoes,65871,57268,1,1,1,0.93,0.92,3,0.94,none,1
TXN01331,flight,73273,55938,0,1,1,0.49,0.82,4,0.25,category_mismatch,0
TXN01332,flight,54848,40330,1,1,1,0.5,0.52,1,0.97,none,1
TXN01333,shoes,40968,18334,1,1,1,0.56,0.89,1,0.81,none,1
TXN01334,shoes,92533,77258,1,1,1,0.97,0.41,0,0.85,none,1
TXN01335,groceries,40375,14500,1,1,1,0.5,0.77,3,0.8,none,1
TXN01336,groceries,51418,23503,1,1,1,0.57,0.8,4,0.81,none,1
TXN01337,hotel,5103,2773,1,1,1,0.32,0.77,2,0.98,none,1
TXN01338,hotel,99738,82790,1,1,1,0.54,0.9,3,0.97,none,1
TXN01339,laptop,15314,14804,1,1,1,0.95,0.57,4,0.89,none,1
TXN01340,hotel,22305,13988,1,1,1,0.99,0.54,0,0.86,none,1
TXN01341,hotel,12211,10256,1,1,1,0.51,0.74,0,0.92,none,1
TXN01342,flight,36225,30707,1,1,1,0.87,0.76,0,0.86,none,1
TXN01343,flight,35670,21782,1,1,1,0.31,0.41,0,0.99,none,1
TXN01344,books,84590,38276,1,1,1,0.34,0.96,2,0.98,none,1
TXN01345,flight,9394,4514,1,1,1,0.85,0.56,3,0.83,none,1
TXN01346,headphones,20254,15376,1,1,1,0.46,0.79,1,0.94,none,1
TXN01347,books,77007,52933,1,1,1,0.46,0.97,2,1.0,none,1
TXN01348,laptop,89917,80438,1,1,1,0.68,0.43,1,0.87,none,1
TXN01349,smartphone,67445,44360,1,1,1,0.47,0.6,2,0.97,none,1
TXN01350,groceries,10357,9456,1,1,1,0.4,0.6,2,0.87,none,1
TXN01351,groceries,86456,82974,1,1,1,0.51,0.42,2,0.81,none,1
TXN01352,headphones,78493,47546,1,1,1,0.52,0.83,5,0.45,merchant_violation,0
TXN01353,flight,29163,20643,1,1,1,0.76,0.49,5,0.82,none,1
TXN01354,smartphone,30436,30389,1,1,1,0.74,0.84,4,0.95,none,1
TXN01355,laptop,80574,53752,1,1,1,0.61,0.56,4,0.86,none,1
TXN01356,shoes,44081,27129,1,0,1,0.52,0.98,5,0.32,quantity_violation,0
TXN01357,groceries,48432,36460,1,1,1,0.94,0.79,4,0.32,merchant_violation,0
TXN01358,groceries,31115,27342,1,1,1,0.39,0.72,3,0.93,none,1
TXN01359,headphones,80370,53911,1,0,1,0.38,0.65,4,0.69,quantity_violation,0
TXN01360,books,83920,36813,1,1,1,0.43,0.67,1,0.82,none,1
TXN01361,hotel,73689,46343,1,1,1,0.37,0.92,3,0.8,none,1
TXN01362,headphones,10570,10139,1,1,1,0.93,0.61,3,0.55,merchant_violation,0
TXN01363,shoes,94321,89483,1,0,1,0.93,0.75,4,0.25,quantity_violation,0
TXN01364,laptop,10666,5849,1,1,1,0.61,0.65,3,0.95,none,1
TXN01365,groceries,38917,30747,1,1,1,0.81,0.83,4,0.98,none,1
TXN01366,smartphone,20956,14993,1,1,1,0.56,0.79,3,0.86,none,1
TXN01367,headphones,67672,33532,1,1,1,0.84,0.54,3,0.87,none,1
TXN01368,groceries,38389,20077,1,1,1,0.42,0.49,5,0.98,none,1
TXN01369,shoes,57431,40350,1,1,1,0.73,0.46,2,0.83,none,1
TXN01370,hotel,36893,16843,1,1,1,0.42,0.96,2,1.0,none,1
TXN01371,smartphone,31366,12505,1,1,1,0.44,0.9,1,0.81,none,1
TXN01372,laptop,71756,31328,1,1,1,0.64,0.89,2,0.84,none,1
TXN01373,groceries,96956,37650,1,1,1,0.62,0.95,5,0.94,none,1
TXN01374,smartphone,59249,38232,1,1,1,0.36,0.48,2,0.95,none,1
TXN01375,smartphone,47362,38883,1,1,1,0.46,0.44,1,0.9,none,1
TXN01376,hotel,60436,39826,1,1,1,0.84,0.82,2,0.98,none,1
TXN01377,laptop,57803,38078,1,1,1,0.89,0.8,5,0.22,merchant_violation,0
TXN01378,laptop,33232,31107,1,1,0,0.45,0.52,3,0.28,time_violation,0
TXN01379,headphones,97149,38107,1,1,1,0.74,0.45,4,0.97,none,1
TXN01380,shoes,1419,913,1,1,1,0.73,0.83,0,0.88,none,1
TXN01381,hotel,81396,57687,1,1,1,0.75,0.69,5,0.99,none,1
TXN01382,hotel,31394,24097,1,1,1,0.64,0.78,4,0.87,none,1
TXN01383,books,39720,70391,1,1,1,0.93,0.86,3,0.68,budget_violation,0
TXN01384,flight,33426,12737,1,1,1,0.63,0.59,0,0.87,none,1
TXN01385,groceries,93382,85917,1,1,0,0.9,0.76,5,0.32,time_violation,0
TXN01386,hotel,36117,33331,1,1,1,0.85,0.44,2,0.85,none,1
TXN01387,flight,54900,33454,1,1,1,0.58,0.95,2,0.9,none,1
TXN01388,shoes,45543,15117,1,1,1,0.61,0.53,1,0.91,none,1
TXN01389,smartphone,81386,31777,1,1,1,0.68,0.97,0,0.96,none,1
TXN01390,smartphone,93370,51063,1,1,1,0.84,0.44,0,0.9,none,1
TXN01391,flight,71185,65424,0,1,1,0.58,0.83,2,0.6,category_mismatch,0
TXN01392,flight,44450,30540,1,1,1,0.47,0.41,0,0.95,none,1
TXN01393,smartphone,66732,42670,1,1,1,0.41,0.58,1,0.93,none,1
TXN01394,shoes,5427,9007,1,1,1,0.56,0.64,5,0.64,budget_violation,0
TXN01395,smartphone,11030,5626,1,1,0,0.82,0.73,1,0.25,time_violation,0
TXN01396,groceries,26465,23858,1,1,1,0.85,0.66,5,0.8,none,1
TXN01397,hotel,61149,60209,1,0,1,0.7,0.63,3,0.25,quantity_violation,0
TXN01398,groceries,74530,71089,1,0,1,0.67,0.55,0,0.7,quantity_violation,0
TXN01399,groceries,49855,39894,1,1,1,0.62,0.75,0,0.88,none,1
TXN01400,shoes,59600,41374,1,1,1,0.75,0.6,5,1.0,none,1
TXN01401,smartphone,74516,59367,1,1,0,0.36,0.64,3,0.46,time_violation,0
TXN01402,shoes,8724,4156,1,1,1,0.52,0.6,1,0.81,none,1
TXN01403,groceries,1730,1518,0,1,1,0.86,0.73,2,0.68,category_mismatch,0
TXN01404,shoes,43183,27554,1,1,1,0.69,0.84,5,0.82,none,1
TXN01405,smartphone,56797,31975,1,1,1,0.83,0.5,5,0.82,none,1
TXN01406,shoes,58357,22150,1,1,1,0.92,0.7,5,0.96,none,1
TXN01407,books,19332,13202,1,1,1,0.58,0.58,3,1.0,none,1
TXN01408,hotel,69482,64109,1,1,1,0.69,0.5,2,0.9,none,1
TXN01409,shoes,81478,45617,1,1,1,0.72,0.68,1,0.99,none,1
TXN01410,headphones,22527,19836,1,1,1,0.31,0.65,1,0.89,none,1
TXN01411,laptop,41873,18402,1,1,1,0.37,0.68,0,0.81,none,1
TXN01412,books,78916,64566,1,0,1,0.92,0.61,0,0.66,quantity_violation,0
TXN01413,hotel,38249,34717,1,1,1,0.71,0.58,4,0.95,none,1
TXN01414,hotel,74546,56771,1,1,1,0.35,0.49,5,0.84,none,1
TXN01415,headphones,35463,13784,1,1,1,0.67,0.79,3,0.87,none,1
TXN01416,hotel,97634,74977,1,1,1,0.63,0.5,1,1.0,none,1
TXN01417,smartphone,81599,60198,0,1,1,0.3,0.45,0,0.27,category_mismatch,0
TXN01418,books,56758,30022,1,1,1,0.65,0.47,4,0.88,none,1
TXN01419,groceries,93568,48490,1,1,1,0.67,0.72,4,0.97,none,1
TXN01420,headphones,84069,67082,1,1,1,0.89,0.74,3,0.94,none,1
TXN01421,hotel,90832,75031,1,1,0,0.42,0.92,3,0.59,time_violation,0
TXN01422,flight,96484,70614,1,1,1,0.91,0.95,1,0.88,none,1
TXN01423,headphones,98993,43268,1,1,1,0.55,0.52,4,0.86,none,1
TXN01424,smartphone,49348,32172,1,1,1,0.31,0.56,5,0.85,none,1
TXN01425,books,53205,33896,1,0,1,0.34,0.74,0,0.63,quantity_violation,0
TXN01426,books,80632,51863,1,1,1,0.63,0.92,4,0.96,none,1
TXN01427,laptop,49435,42159,0,1,1,0.42,0.91,0,0.41,category_mismatch,0
TXN01428,smartphone,8346,6655,1,1,1,0.52,0.91,2,1.0,none,1
TXN01429,shoes,86865,27073,1,1,1,0.89,0.91,2,0.98,none,1
TXN01430,headphones,77919,43352,1,1,1,0.31,0.8,3,0.97,none,1
TXN01431,laptop,9513,5458,1,1,1,0.49,0.5,0,0.34,merchant_violation,0
TXN01432,shoes,91271,38432,1,1,1,0.82,0.9,0,0.86,none,1
TXN01433,flight,16429,11462,1,1,1,0.79,0.74,3,0.82,none,1
TXN01434,smartphone,24920,10714,1,1,1,0.71,0.98,1,0.96,none,1
TXN01435,shoes,84616,30198,1,1,1,0.81,0.55,5,0.93,none,1
TXN01436,shoes,98964,38884,1,1,1,0.34,0.82,1,0.86,none,1
TXN01437,flight,55261,35168,0,1,1,0.44,0.99,2,0.55,category_mismatch,0
TXN01438,hotel,13112,9245,1,1,1,0.54,0.79,3,0.97,none,1
TXN01439,headphones,5814,4125,1,1,1,0.41,0.74,5,0.89,none,1
TXN01440,hotel,28190,27568,1,1,1,0.69,0.85,2,0.82,none,1
TXN01441,shoes,34844,17969,1,0,1,0.38,0.79,1,0.44,quantity_violation,0
TXN01442,books,77915,54122,1,1,1,0.76,0.94,2,0.94,none,1
TXN01443,flight,2035,1358,1,1,0,0.75,0.46,2,0.35,time_violation,0
TXN01444,books,72667,100226,1,1,1,0.73,0.76,5,0.42,budget_violation,0
TXN01445,groceries,63072,30072,1,1,1,0.56,0.6,5,0.88,none,1
TXN01446,laptop,31710,29509,1,1,1,0.65,0.65,2,0.99,none,1
TXN01447,groceries,78735,45917,1,1,1,0.51,0.76,5,0.67,merchant_violation,0
TXN01448,shoes,75447,29494,1,1,1,0.53,0.98,0,0.86,none,1
TXN01449,headphones,46364,19275,1,1,1,0.3,0.49,1,0.86,none,1
TXN01450,smartphone,25195,18096,0,1,1,0.81,0.49,4,0.62,category_mismatch,0
TXN01451,flight,1648,892,1,1,1,0.63,0.81,5,0.84,none,1
TXN01452,books,88613,55333,1,1,1,0.47,0.95,3,0.83,none,1
TXN01453,headphones,53413,49600,1,1,1,0.87,0.84,3,0.92,none,1
TXN01454,smartphone,46464,38021,1,1,1,0.71,0.53,4,0.84,none,1
TXN01455,shoes,49382,32148,1,1,1,0.3,0.76,3,0.98,none,1
TXN01456,shoes,19098,6320,1,1,1,0.51,0.46,3,0.93,none,1
TXN01457,groceries,20758,17387,1,1,0,0.64,0.56,3,0.29,time_violation,0
TXN01458,groceries,90435,33868,1,1,1,0.86,0.61,5,0.82,none,1
TXN01459,groceries,2602,2048,0,1,1,0.57,0.67,3,0.53,category_mismatch,0
TXN01460,groceries,56372,28866,1,1,1,0.48,0.78,4,0.96,none,1
TXN01461,books,66806,42186,1,1,1,0.53,0.72,2,0.82,none,1
TXN01462,headphones,56583,32163,1,1,1,0.77,0.49,2,0.99,none,1
TXN01463,hotel,26901,19642,1,1,1,0.91,0.66,3,0.86,none,1
TXN01464,smartphone,65175,21836,1,1,1,0.72,0.62,3,0.87,none,1
TXN01465,hotel,4084,1736,1,1,1,0.55,0.41,2,0.86,none,1
TXN01466,laptop,79089,114556,1,1,1,0.58,0.51,4,0.25,budget_violation,0
TXN01467,headphones,83958,77652,1,1,1,0.54,0.67,4,0.85,none,1
TXN01468,books,6326,3284,1,0,1,0.73,0.83,0,0.39,quantity_violation,0
TXN01469,smartphone,45272,37326,1,1,1,0.6,0.41,5,0.85,none,1
TXN01470,smartphone,57811,49460,1,1,1,0.7,1.0,4,0.9,none,1
TXN01471,shoes,91997,51699,1,1,1,0.63,0.86,3,0.85,none,1
TXN01472,headphones,37287,12380,1,1,1,0.58,0.51,2,0.85,none,1
TXN01473,groceries,28149,23324,1,1,0,0.49,0.68,5,0.36,time_violation,0
TXN01474,shoes,30468,18601,1,0,1,0.73,0.84,4,0.61,quantity_violation,0
TXN01475,groceries,84200,57173,1,1,1,0.63,0.73,2,0.87,none,1
TXN01476,flight,59246,35862,1,1,0,0.79,0.8,2,0.4,time_violation,0
TXN01477,smartphone,83756,82873,1,1,1,0.36,0.85,4,0.87,none,1
TXN01478,hotel,99416,76764,1,1,1,0.32,0.77,1,0.92,none,1
TXN01479,groceries,55446,17542,1,1,1,0.98,0.73,3,1.0,none,1
TXN01480,groceries,71463,69634,1,1,1,0.39,0.64,1,0.7,merchant_violation,0
TXN01481,hotel,24412,20428,1,1,1,0.99,0.99,4,0.88,none,1
TXN01482,shoes,55811,27638,1,1,1,0.84,0.78,5,0.98,none,1
TXN01483,flight,66838,38399,1,1,1,0.9,0.7,3,0.86,none,1
TXN01484,books,21574,9154,1,1,1,0.5,0.72,2,0.95,none,1
TXN01485,headphones,90568,51474,1,1,1,0.76,0.98,3,0.84,none,1
TXN01486,laptop,82117,66511,1,1,1,1.0,0.76,5,0.4,merchant_violation,0
TXN01487,laptop,43601,18160,1,1,1,0.74,0.81,2,0.8,none,1
TXN01488,groceries,73359,31920,1,1,1,0.94,0.67,5,0.97,none,1
TXN01489,headphones,62888,59427,1,1,1,0.53,0.58,0,0.84,none,1
TXN01490,books,61187,44166,1,1,1,0.47,0.51,3,0.45,merchant_violation,0
TXN01491,smartphone,80168,72989,1,1,1,0.94,0.55,5,0.99,none,1
TXN01492,laptop,99121,92532,1,1,0,1.0,0.92,0,0.59,time_violation,0
TXN01493,hotel,94844,75975,1,1,1,0.72,0.99,5,0.8,none,1
TXN01494,books,96162,87906,1,1,0,0.81,0.42,3,0.56,time_violation,0
TXN01495,books,57175,21299,1,1,1,0.89,0.85,4,0.95,none,1
TXN01496,smartphone,95633,79209,1,1,0,0.4,0.55,3,0.31,time_violation,0
TXN01497,smartphone,44257,15571,1,1,1,0.93,0.69,1,0.95,none,1
TXN01498,flight,39704,21101,1,1,1,0.62,0.55,2,0.92,none,1
TXN01499,headphones,20401,6490,1,1,1,0.92,0.74,5,0.86,none,1
TXN01500,headphones,75401,47706,1,1,1,0.61,0.58,5,0.96,none,1
TXN01501,headphones,20205,18212,1,1,1,0.48,0.54,1,0.92,none,1
TXN01502,headphones,77576,66759,1,0,1,0.82,1.0,3,0.44,quantity_violation,0
TXN01503,headphones,46116,32788,1,1,1,0.65,0.71,3,0.97,none,1
TXN01504,books,85984,63716,1,1,1,0.64,0.63,5,0.67,merchant_violation,0
TXN01505,flight,30468,13924,1,1,1,0.49,0.87,0,0.93,none,1
TXN01506,flight,66377,62320,1,1,1,0.93,0.9,4,0.98,none,1
TXN01507,shoes,48652,28166,1,1,1,0.37,0.6,0,0.85,none,1
TXN01508,smartphone,8336,5552,1,1,1,0.47,0.88,1,0.94,none,1
TXN01509,shoes,30928,19152,1,1,1,0.33,0.77,4,0.86,none,1
TXN01510,shoes,97119,33464,1,1,1,0.93,0.71,0,0.84,none,1
TXN01511,shoes,77765,49310,1,1,1,0.37,0.93,0,0.86,none,1
TXN01512,smartphone,26745,16296,1,1,1,0.63,0.46,4,0.84,none,1
TXN01513,books,40316,28511,1,1,1,0.9,0.47,3,0.96,none,1
TXN01514,shoes,78193,57087,1,1,1,0.62,0.4,3,0.92,none,1
TXN01515,books,83723,62092,1,1,1,0.5,0.79,2,0.63,merchant_violation,0
TXN01516,shoes,45714,34355,1,1,1,0.74,0.47,1,0.44,merchant_violation,0
TXN01517,flight,67787,28076,1,1,1,0.35,0.66,2,0.82,none,1
TXN01518,books,45883,31063,1,1,1,0.43,0.87,1,0.84,none,1
TXN01519,hotel,42945,27068,1,1,1,0.78,0.96,1,0.91,none,1
TXN01520,headphones,43436,38784,1,1,0,0.9,0.77,1,0.36,time_violation,0
TXN01521,books,86654,51284,1,1,1,0.81,0.54,2,0.89,none,1
TXN01522,hotel,49600,42822,1,0,1,0.88,0.59,2,0.41,quantity_violation,0
TXN01523,groceries,55673,29376,1,1,0,0.59,0.79,1,0.69,time_violation,0
TXN01524,hotel,3553,1568,1,1,1,0.76,0.55,2,0.8,none,1
TXN01525,groceries,51122,35375,1,1,1,0.44,0.53,4,0.89,none,1
TXN01526,hotel,15003,9943,0,1,1,0.64,0.83,3,0.68,category_mismatch,0
TXN01527,laptop,87431,84966,1,1,1,0.79,0.55,4,0.92,none,1
TXN01528,laptop,14295,9120,1,0,1,0.56,0.95,0,0.44,quantity_violation,0
TXN01529,smartphone,43538,35383,1,1,1,0.88,0.92,4,0.86,none,1
TXN01530,shoes,74641,49555,0,1,1,0.68,0.8,4,0.47,category_mismatch,0
TXN01531,hotel,91383,155629,1,1,1,0.79,0.84,2,0.65,budget_violation,0
TXN01532,books,98946,42437,1,1,1,0.63,0.68,2,0.84,none,1
TXN01533,hotel,34470,32845,1,1,1,0.4,0.79,3,0.88,none,1
TXN01534,books,7295,2496,1,1,1,0.99,0.62,4,0.89,none,1
TXN01535,laptop,67088,35486,1,1,1,0.68,0.57,2,0.93,none,1
TXN01536,smartphone,75095,66856,1,1,1,0.67,0.88,0,0.49,merchant_violation,0
TXN01537,books,80958,35105,1,1,1,0.35,0.81,2,0.89,none,1
TXN01538,headphones,86254,36845,1,1,1,0.7,0.67,5,0.95,none,1
TXN01539,groceries,3815,1929,1,1,1,0.74,0.63,0,0.85,none,1
TXN01540,groceries,20725,16418,0,1,1,0.84,0.72,5,0.53,category_mismatch,0
TXN01541,flight,94703,38527,1,1,1,0.84,0.52,1,0.82,none,1
TXN01542,laptop,17688,17126,1,1,1,0.53,0.59,1,0.93,none,1
TXN01543,shoes,40705,25094,1,0,1,0.94,0.86,0,0.27,quantity_violation,0
TXN01544,books,17136,9640,1,1,1,0.61,0.85,5,0.84,none,1
TXN01545,laptop,59564,26151,1,1,1,0.84,0.75,0,0.82,none,1
TXN01546,headphones,67414,54414,1,1,1,0.39,0.85,0,0.99,none,1
TXN01547,flight,99262,58623,1,1,1,0.45,0.45,4,0.87,none,1
TXN01548,hotel,67680,34386,1,1,0,0.57,0.65,0,0.38,time_violation,0
TXN01549,hotel,9559,8540,1,1,1,0.51,1.0,0,0.93,none,1
TXN01550,groceries,62782,54294,1,0,1,0.93,0.43,1,0.29,quantity_violation,0
TXN01551,laptop,17770,7075,1,1,1,0.63,0.42,4,0.96,none,1
TXN01552,hotel,49719,43567,1,1,1,0.59,0.5,4,0.99,none,1
TXN01553,headphones,48850,18395,1,1,1,0.41,0.7,2,0.88,none,1
TXN01554,flight,35757,11439,1,1,1,0.32,0.42,3,0.81,none,1
TXN01555,headphones,54432,47968,1,1,0,0.81,0.5,0,0.21,time_violation,0
TXN01556,shoes,13074,4529,1,1,1,0.98,0.68,3,0.97,none,1
TXN01557,books,18616,16132,1,1,1,0.3,0.69,2,0.83,none,1
TXN01558,flight,81427,29922,1,1,1,0.64,0.9,4,0.84,none,1
TXN01559,shoes,68467,41954,0,1,1,0.36,0.46,3,0.34,category_mismatch,0
TXN01560,smartphone,33739,29184,0,1,1,0.51,0.83,3,0.53,category_mismatch,0
TXN01561,hotel,18263,10270,1,1,1,0.4,0.84,0,0.95,none,1
TXN01562,groceries,83821,82963,0,1,1,0.31,0.78,1,0.28,category_mismatch,0
TXN01563,flight,2535,1619,1,1,1,0.54,0.78,4,0.88,none,1
TXN01564,shoes,60400,41199,1,1,1,0.38,0.57,4,0.98,none,1
TXN01565,flight,25421,22523,1,1,0,0.62,0.46,2,0.58,time_violation,0
TXN01566,hotel,9272,5549,1,1,1,0.32,0.73,0,0.85,none,1
TXN01567,books,15566,8765,1,0,1,0.54,0.67,4,0.69,quantity_violation,0
TXN01568,smartphone,67155,40121,1,1,1,0.89,0.53,0,0.3,merchant_violation,0
TXN01569,flight,69888,28391,1,1,1,0.9,0.72,4,0.87,none,1
TXN01570,shoes,91923,61736,1,1,1,0.56,0.46,1,0.93,none,1
TXN01571,shoes,99448,67482,1,1,1,0.97,0.65,1,0.86,none,1
TXN01572,groceries,39862,26517,1,1,1,0.59,0.69,2,0.83,none,1
TXN01573,hotel,1046,872,1,1,1,0.45,0.84,4,0.68,merchant_violation,0
TXN01574,laptop,99981,40057,1,1,1,0.88,0.86,1,0.88,none,1
TXN01575,headphones,85683,61176,1,1,1,0.47,0.61,1,0.99,none,1
TXN01576,hotel,19407,7499,1,1,1,0.82,0.97,1,0.84,none,1
TXN01577,headphones,89111,45035,1,0,1,0.38,0.59,0,0.59,quantity_violation,0
TXN01578,books,31432,16004,1,1,1,0.39,0.85,3,0.83,none,1
TXN01579,flight,36665,12051,1,1,1,0.89,0.55,5,0.89,none,1
TXN01580,headphones,94029,80500,1,1,1,0.83,0.53,0,0.82,none,1
TXN01581,flight,32626,24973,1,1,1,0.89,0.98,3,0.81,none,1
TXN01582,smartphone,37726,30660,1,1,1,0.93,0.78,2,0.88,none,1
TXN01583,hotel,47748,75672,1,1,1,0.64,0.75,1,0.5,budget_violation,0
TXN01584,hotel,14626,12847,1,1,1,0.64,0.76,4,0.88,none,1
TXN01585,groceries,6518,4648,1,1,1,0.86,0.97,4,0.82,none,1
TXN01586,shoes,48277,38453,1,1,1,0.72,0.89,5,0.95,none,1
TXN01587,flight,85815,76938,1,1,1,0.7,0.71,3,0.96,none,1
TXN01588,groceries,88696,40022,1,1,1,0.43,0.78,2,0.82,none,1
TXN01589,groceries,4719,4221,1,1,1,0.48,0.89,2,0.87,none,1
TXN01590,shoes,37258,12424,1,1,1,0.62,0.99,2,0.95,none,1
TXN01591,headphones,28443,25724,1,1,1,0.75,0.84,2,0.96,none,1
TXN01592,headphones,66514,35494,1,1,1,0.73,0.84,1,0.86,none,1
TXN01593,hotel,14277,5186,1,1,1,0.58,0.77,5,0.84,none,1
TXN01594,groceries,27496,18567,1,1,0,0.86,0.94,1,0.68,time_violation,0
TXN01595,flight,3087,2022,1,1,1,0.65,0.79,2,0.58,merchant_violation,0
TXN01596,headphones,53162,18774,1,1,1,0.37,0.83,5,0.88,none,1
TXN01597,hotel,20105,13530,1,1,1,0.58,0.95,0,0.97,none,1
TXN01598,hotel,81402,29105,1,1,1,1.0,0.67,0,0.85,none,1
TXN01599,headphones,88493,28180,1,1,1,0.46,0.82,1,0.85,none,1
TXN01600,shoes,58718,26492,1,1,1,0.31,0.55,0,0.97,none,1
TXN01601,books,58534,40146,1,1,1,0.7,0.65,4,0.92,none,1
TXN01602,groceries,98883,89164,1,0,1,0.48,0.62,1,0.36,quantity_violation,0
TXN01603,flight,11097,4373,1,1,1,0.9,0.99,1,0.96,none,1
TXN01604,headphones,13664,11600,1,1,1,0.66,0.69,2,0.82,none,1
TXN01605,shoes,95385,75497,1,1,1,0.98,0.89,1,0.89,none,1
TXN01606,laptop,61324,39737,1,1,1,0.61,0.97,1,0.8,none,1
TXN01607,books,74268,68853,1,1,1,0.63,0.82,0,0.94,none,1
TXN01608,smartphone,95223,92716,1,0,1,0.81,0.83,3,0.42,quantity_violation,0
TXN01609,headphones,52936,34668,1,1,0,0.79,0.58,1,0.48,time_violation,0
TXN01610,groceries,19904,19627,1,1,1,0.71,0.92,4,0.81,none,1
TXN01611,flight,77997,117805,1,1,1,0.67,0.84,5,0.3,budget_violation,0
TXN01612,headphones,24755,21396,1,1,0,0.53,0.46,3,0.49,time_violation,0
TXN01613,groceries,54421,34398,1,1,1,0.89,0.51,2,0.87,none,1
TXN01614,groceries,34031,14605,1,1,1,0.58,0.54,5,0.93,none,1
TXN01615,flight,60208,40141,1,1,1,0.31,0.76,4,0.81,none,1
TXN01616,flight,13516,6843,1,1,1,0.53,0.58,4,0.48,merchant_violation,0
TXN01617,smartphone,23595,17675,1,1,1,0.67,0.99,0,0.64,merchant_violation,0
TXN01618,headphones,79606,33740,1,1,1,0.61,0.91,1,0.9,none,1
TXN01619,books,4976,4750,1,1,1,0.92,0.88,0,0.96,none,1
TXN01620,hotel,39198,31164,0,1,1,0.42,0.46,1,0.5,category_mismatch,0
TXN01621,flight,60594,41421,1,1,1,0.57,0.67,0,0.93,none,1
TXN01622,smartphone,45347,28102,0,1,1,0.87,0.51,3,0.22,category_mismatch,0
TXN01623,laptop,63970,59925,1,1,1,0.8,0.9,0,0.97,none,1
TXN01624,smartphone,87967,82540,1,1,1,0.69,0.82,4,0.88,none,1
TXN01625,shoes,38035,23335,1,1,1,0.44,0.97,3,0.88,none,1
TXN01626,groceries,11798,7596,1,1,1,0.53,0.69,3,0.86,none,1
TXN01627,hotel,90660,60677,1,1,1,0.33,0.97,2,0.98,none,1
TXN01628,headphones,85008,28356,1,1,1,0.32,0.98,3,0.84,none,1
TXN01629,laptop,90674,74078,1,1,1,0.67,0.51,2,0.94,none,1
TXN01630,laptop,29114,27547,0,1,1,0.8,0.44,1,0.45,category_mismatch,0
TXN01631,laptop,6928,3077,1,1,1,0.78,0.95,0,0.98,none,1
TXN01632,flight,24207,21268,1,1,1,0.56,0.9,0,0.83,none,1
TXN01633,shoes,82495,75677,1,1,1,0.6,0.74,5,0.86,none,1
TXN01634,hotel,54635,32295,1,1,1,0.59,0.57,1,0.96,none,1
TXN01635,books,34216,25271,1,1,1,0.58,0.82,3,0.83,none,1
TXN01636,shoes,10243,3899,1,1,1,0.93,0.69,1,0.91,none,1
TXN01637,headphones,98005,62958,1,1,0,0.5,0.91,2,0.25,time_violation,0
TXN01638,smartphone,52761,48477,1,1,1,0.97,0.73,3,0.84,none,1
TXN01639,laptop,62467,23611,1,1,1,0.33,0.63,0,0.95,none,1
TXN01640,smartphone,32686,18292,1,1,1,0.82,0.67,0,0.93,none,1
TXN01641,shoes,28581,9449,1,1,1,0.31,0.49,2,0.98,none,1
TXN01642,flight,61559,82703,1,1,1,0.41,0.58,0,0.31,budget_violation,0
TXN01643,shoes,45025,27339,1,1,1,0.91,0.44,1,0.92,none,1
TXN01644,hotel,73987,72661,1,1,1,0.34,0.81,3,0.46,merchant_violation,0
TXN01645,laptop,82079,66225,1,1,1,0.53,0.42,0,0.94,none,1
TXN01646,laptop,50966,84617,1,1,1,0.84,0.47,1,0.58,budget_violation,0
TXN01647,laptop,74877,23500,1,1,1,0.88,0.69,4,0.93,none,1
TXN01648,hotel,90864,55860,1,1,1,0.82,0.81,4,0.85,none,1
TXN01649,books,63800,25979,1,1,1,0.68,0.62,1,0.86,none,1
TXN01650,headphones,51915,47624,1,1,1,0.56,0.41,2,0.83,none,1
TXN01651,books,54788,37203,1,1,1,0.46,0.64,5,0.87,none,1
TXN01652,groceries,56199,34978,1,1,1,0.62,0.97,3,0.87,none,1
TXN01653,flight,88211,71125,1,1,1,0.44,0.53,1,0.91,none,1
TXN01654,flight,61735,51535,1,1,1,0.59,0.79,1,0.88,none,1
TXN01655,books,15240,9397,1,1,1,0.93,0.97,4,0.88,none,1
TXN01656,shoes,29465,27194,1,1,1,0.76,0.96,3,0.84,none,1
TXN01657,books,4124,2351,1,1,1,0.77,0.56,5,0.94,none,1
TXN01658,headphones,85048,72061,1,1,1,0.44,0.65,3,0.85,none,1
TXN01659,headphones,64790,61752,1,1,1,0.73,0.84,0,0.94,none,1
TXN01660,smartphone,12239,15893,1,1,1,0.36,0.96,2,0.3,budget_violation,0
TXN01661,headphones,28919,10012,1,1,1,0.74,0.59,3,0.9,none,1
TXN01662,headphones,38976,33583,1,1,1,0.41,0.93,1,0.88,none,1
TXN01663,groceries,21746,16093,1,1,1,0.79,0.57,1,1.0,none,1
TXN01664,headphones,59314,68311,1,1,1,0.57,0.63,1,0.58,budget_violation,0
TXN01665,flight,58794,25121,1,1,1,0.93,0.98,5,0.91,none,1
TXN01666,flight,12142,4228,1,1,1,0.39,0.58,3,0.98,none,1
TXN01667,smartphone,88674,57298,1,0,1,0.85,0.87,2,0.5,quantity_violation,0
TXN01668,books,3091,2204,1,1,1,0.99,0.62,2,0.84,none,1
TXN01669,hotel,69214,21900,1,1,1,0.52,0.5,5,0.85,none,1
TXN01670,hotel,35486,21400,1,1,1,0.33,0.85,5,0.89,none,1
TXN01671,smartphone,44636,17472,1,1,1,0.98,0.77,5,0.91,none,1
TXN01672,hotel,50895,35117,1,1,0,0.33,0.8,5,0.39,time_violation,0
TXN01673,flight,68185,57881,1,1,1,0.59,0.61,2,0.94,none,1
TXN01674,shoes,65071,112899,1,1,1,0.94,0.45,5,0.66,budget_violation,0
TXN01675,smartphone,4015,3470,1,1,1,0.37,0.44,2,0.81,none,1
TXN01676,shoes,12453,3819,1,1,1,0.31,0.88,4,0.81,none,1
TXN01677,books,83706,71174,1,1,1,0.37,0.47,5,0.83,none,1
TXN01678,smartphone,25323,26662,1,1,1,0.85,0.54,0,0.56,budget_violation,0
TXN01679,groceries,42996,18696,1,1,1,0.87,0.82,3,0.92,none,1
TXN01680,headphones,62500,58281,1,1,1,0.34,0.51,0,0.24,merchant_violation,0
TXN01681,shoes,35506,27968,1,1,1,0.43,0.47,0,0.29,merchant_violation,0
TXN01682,flight,30847,19999,1,1,1,0.59,0.78,1,0.41,merchant_violation,0
TXN01683,flight,97396,150100,1,1,1,0.98,0.55,1,0.23,budget_violation,0
TXN01684,smartphone,65739,53448,1,1,1,0.73,0.89,0,0.93,none,1
TXN01685,books,2572,1985,1,1,1,0.52,0.86,2,0.94,none,1
TXN01686,smartphone,75606,54844,1,0,1,0.82,0.69,3,0.35,quantity_violation,0
TXN01687,books,42087,34573,1,1,1,0.46,0.5,5,0.87,none,1
TXN01688,books,61508,52735,1,1,1,0.96,0.64,3,0.89,none,1
TXN01689,headphones,97712,58013,1,1,1,0.32,0.48,2,0.88,none,1
TXN01690,headphones,53352,32228,1,1,1,0.87,0.94,1,0.92,none,1
TXN01691,headphones,29441,21672,1,1,0,0.49,0.52,3,0.4,time_violation,0
TXN01692,hotel,73001,54259,0,1,1,0.81,0.66,1,0.44,category_mismatch,0
TXN01693,laptop,47316,16410,1,1,1,0.53,0.69,2,0.83,none,1
TXN01694,books,29364,9075,1,1,1,0.52,0.5,5,0.86,none,1
TXN01695,groceries,81167,62078,0,1,1,0.54,0.62,5,0.63,category_mismatch,0
TXN01696,flight,75098,25847,1,1,1,0.61,0.65,1,0.99,none,1
TXN01697,shoes,41964,39080,1,1,1,0.63,0.57,2,0.92,none,1
TXN01698,flight,92531,90933,0,1,1,0.85,0.74,1,0.55,category_mismatch,0
TXN01699,shoes,33649,21159,1,1,1,0.31,0.71,0,0.88,none,1
TXN01700,headphones,82737,55472,1,1,1,0.62,0.94,5,0.85,none,1
TXN01701,books,52062,44455,1,1,1,0.49,0.49,0,0.89,none,1
TXN01702,shoes,83977,76622,1,0,1,0.64,0.49,2,0.68,quantity_violation,0
TXN01703,books,42178,28487,1,1,1,0.88,0.79,4,0.92,none,1
TXN01704,hotel,97130,73988,0,1,1,0.65,0.55,3,0.41,category_mismatch,0
TXN01705,laptop,40082,25975,0,1,1,0.32,0.79,3,0.24,category_mismatch,0
TXN01706,books,20348,11545,1,1,1,0.41,0.67,2,0.82,none,1
TXN01707,hotel,60761,44152,1,1,1,0.41,0.48,0,0.26,merchant_violation,0
TXN01708,flight,73427,29314,1,1,1,0.88,0.63,0,0.93,none,1
TXN01709,flight,52843,48511,1,1,1,0.32,0.57,4,0.58,merchant_violation,0
TXN01710,laptop,68070,50939,0,1,1,0.95,0.48,0,0.46,category_mismatch,0
TXN01711,shoes,13040,12787,1,1,1,0.54,0.65,0,0.9,none,1
TXN01712,laptop,69770,59500,1,1,1,0.79,0.73,0,0.96,none,1
TXN01713,books,21848,13408,1,0,1,0.34,0.81,0,0.23,quantity_violation,0
TXN01714,shoes,63743,56046,0,1,1,0.96,0.97,1,0.45,category_mismatch,0
TXN01715,flight,51793,39838,1,1,1,0.31,0.86,3,0.8,none,1
TXN01716,groceries,73093,58096,0,1,1,0.45,0.75,0,0.37,category_mismatch,0
TXN01717,smartphone,77229,50693,1,1,1,0.88,0.64,1,0.91,none,1
TXN01718,hotel,35818,23554,1,1,1,0.41,0.52,4,0.85,none,1
TXN01719,shoes,43868,25217,1,1,1,0.76,0.67,3,0.92,none,1
TXN01720,groceries,27816,37289,1,1,1,0.37,0.96,1,0.3,budget_violation,0
TXN01721,hotel,91406,84153,1,1,1,0.87,0.62,0,0.93,none,1
TXN01722,shoes,75297,67051,1,1,1,0.45,0.41,0,0.84,none,1
TXN01723,headphones,44769,38500,1,1,0,0.62,0.63,1,0.66,time_violation,0
TXN01724,books,74509,63817,1,1,1,0.77,0.96,0,0.92,none,1
TXN01725,laptop,5089,4580,1,1,1,0.96,0.96,2,0.89,none,1
TXN01726,headphones,13744,11309,0,1,1,0.98,0.85,2,0.24,category_mismatch,0
TXN01727,groceries,86672,149413,1,1,1,0.51,0.56,1,0.26,budget_violation,0
TXN01728,laptop,63456,70726,1,1,1,0.46,0.92,4,0.55,budget_violation,0
TXN01729,hotel,36398,26929,1,1,1,0.81,0.49,0,0.4,merchant_violation,0
TXN01730,groceries,4918,4501,1,1,0,0.59,0.98,4,0.65,time_violation,0
TXN01731,smartphone,37808,30367,1,1,1,0.44,0.56,5,0.85,none,1
TXN01732,shoes,31778,27559,1,1,1,1.0,0.43,4,0.97,none,1
TXN01733,groceries,74261,47673,1,1,1,0.46,0.91,0,0.86,none,1
TXN01734,smartphone,79387,69423,1,1,1,0.68,0.62,2,0.95,none,1
TXN01735,headphones,43036,23357,1,1,1,0.42,0.64,3,1.0,none,1
TXN01736,hotel,20350,16812,1,1,1,0.65,0.73,2,0.99,none,1
TXN01737,smartphone,79925,53262,0,1,1,0.55,0.68,4,0.63,category_mismatch,0
TXN01738,headphones,6604,6226,1,1,1,0.99,0.49,2,0.91,none,1
TXN01739,headphones,76195,69515,0,1,1,0.58,0.89,0,0.7,category_mismatch,0
TXN01740,laptop,69100,85755,1,1,1,0.69,0.97,5,0.31,budget_violation,0
TXN01741,flight,65117,50415,1,0,1,0.58,0.79,3,0.31,quantity_violation,0
TXN01742,flight,99281,82015,1,1,1,0.37,0.78,3,0.83,none,1
TXN01743,shoes,94874,85383,1,1,1,0.65,0.95,5,0.68,merchant_violation,0
TXN01744,shoes,54230,24212,1,1,1,0.75,0.97,1,0.8,none,1
TXN01745,laptop,39769,36342,0,1,1,0.78,0.44,3,0.68,category_mismatch,0
TXN01746,groceries,47860,14712,1,1,1,0.72,0.61,2,0.84,none,1
TXN01747,groceries,82167,52168,1,1,1,0.73,0.43,3,1.0,none,1
TXN01748,books,42894,20548,1,1,1,0.63,0.88,4,0.95,none,1
TXN01749,groceries,91255,83630,1,1,1,0.96,0.81,0,0.88,none,1
TXN01750,books,12380,8426,1,1,1,0.36,0.83,5,0.93,none,1
TXN01751,smartphone,60596,32489,1,1,1,0.72,0.68,2,0.86,none,1
TXN01752,books,29384,10768,1,1,1,0.78,0.76,5,0.96,none,1
TXN01753,books,10057,6277,1,1,1,0.79,0.63,4,0.93,none,1
TXN01754,laptop,34187,26965,1,1,1,0.64,0.94,2,0.97,none,1
TXN01755,laptop,39048,23378,1,1,1,0.78,0.98,0,0.84,none,1
TXN01756,books,33642,29814,0,1,1,0.33,0.51,2,0.63,category_mismatch,0
TXN01757,books,30980,26825,1,1,1,0.96,0.47,1,0.83,none,1
TXN01758,laptop,58422,50011,1,1,1,0.6,0.83,5,0.87,none,1
TXN01759,smartphone,55869,27668,1,1,1,0.69,0.65,0,0.82,none,1
TXN01760,flight,63210,59638,1,1,1,0.93,0.93,0,0.8,none,1
TXN01761,smartphone,75766,54782,0,1,1,1.0,0.62,2,0.44,category_mismatch,0
TXN01762,headphones,77299,53472,1,1,1,0.46,0.49,1,0.95,none,1
TXN01763,groceries,2467,1621,1,1,1,0.31,0.71,2,0.92,none,1
TXN01764,laptop,40759,16138,1,1,1,0.94,0.92,1,0.84,none,1
TXN01765,books,63688,23522,1,1,1,0.57,0.78,4,0.97,none,1
TXN01766,smartphone,20151,18145,1,1,1,0.4,0.86,3,0.9,none,1
TXN01767,smartphone,75207,69181,1,1,0,0.55,0.54,2,0.4,time_violation,0
TXN01768,groceries,6624,5606,1,1,1,0.32,0.8,2,0.88,none,1
TXN01769,shoes,99121,62996,1,1,1,0.96,0.71,3,0.93,none,1
TXN01770,headphones,32632,16359,1,1,1,0.84,0.66,0,0.88,none,1
TXN01771,smartphone,93336,37511,1,1,1,0.75,0.62,3,0.86,none,1
TXN01772,flight,40779,29512,1,1,1,0.94,0.91,3,0.9,none,1
TXN01773,groceries,91236,63147,1,1,1,0.78,0.76,4,0.83,none,1
TXN01774,flight,12925,12700,1,1,1,0.67,0.77,0,0.85,none,1
TXN01775,hotel,36553,26175,1,1,1,0.46,0.96,2,0.98,none,1
TXN01776,shoes,46680,20272,1,1,1,0.53,0.81,2,0.85,none,1
TXN01777,groceries,88776,74378,1,1,1,0.92,0.48,5,0.86,none,1
TXN01778,flight,94404,49543,1,1,1,0.86,0.75,1,0.82,none,1
TXN01779,hotel,84701,75805,1,1,1,0.88,0.51,5,0.6,merchant_violation,0
TXN01780,flight,33195,26620,1,1,1,0.95,0.68,2,0.83,none,1
TXN01781,smartphone,34100,30913,1,1,0,0.99,0.4,1,0.61,time_violation,0
TXN01782,hotel,65887,65465,1,1,1,0.71,0.57,4,0.88,none,1
TXN01783,hotel,7683,5682,1,1,1,0.64,0.46,3,0.88,none,1
TXN01784,smartphone,19314,16997,1,0,1,1.0,0.42,0,0.34,quantity_violation,0
TXN01785,hotel,17701,16780,1,1,1,0.78,0.52,5,0.91,none,1
TXN01786,laptop,15605,11501,1,1,1,0.49,0.66,1,0.84,none,1
TXN01787,hotel,73432,34179,1,1,1,0.32,0.75,1,0.83,none,1
TXN01788,groceries,27626,8625,1,1,1,0.41,0.74,4,1.0,none,1
TXN01789,hotel,64734,59729,0,1,1,0.45,0.68,1,0.65,category_mismatch,0
TXN01790,shoes,37630,31442,0,1,1,0.6,0.92,3,0.42,category_mismatch,0
TXN01791,shoes,14155,8294,1,1,1,0.61,0.49,3,0.97,none,1
TXN01792,groceries,4018,1969,1,1,1,0.92,0.69,4,0.87,none,1
TXN01793,laptop,66409,37954,1,1,1,0.61,0.52,1,0.94,none,1
TXN01794,groceries,23070,10265,1,1,1,0.52,0.64,1,0.94,none,1
TXN01795,shoes,50734,31901,1,1,1,0.32,0.96,1,0.93,none,1
TXN01796,smartphone,60276,19005,1,1,1,0.7,0.62,0,0.9,none,1
TXN01797,books,56592,38149,1,0,1,0.49,0.95,2,0.44,quantity_violation,0
TXN01798,headphones,29722,22336,1,1,1,0.72,0.89,0,1.0,none,1
TXN01799,flight,7288,2645,1,1,1,0.94,0.46,5,0.91,none,1
TXN01800,hotel,11388,5450,1,1,1,0.4,0.48,3,0.86,none,1
TXN01801,headphones,31027,12927,1,1,1,0.35,0.92,4,0.81,none,1
TXN01802,headphones,38780,37205,1,1,1,0.93,0.54,1,0.92,none,1
TXN01803,smartphone,9831,4800,1,1,1,0.85,0.72,3,0.91,none,1
TXN01804,flight,95792,92542,1,1,1,0.47,0.41,1,0.58,merchant_violation,0
TXN01805,laptop,66655,22649,1,1,1,0.39,0.43,1,0.97,none,1
TXN01806,shoes,80818,56710,1,1,1,0.5,0.55,1,0.94,none,1
TXN01807,shoes,22245,18422,1,1,1,0.35,0.63,0,0.86,none,1
TXN01808,books,89804,61535,1,1,1,0.81,0.93,3,0.99,none,1
TXN01809,flight,80366,71231,1,1,1,0.58,0.55,3,0.83,none,1
TXN01810,books,17546,7804,1,1,1,0.72,0.62,2,0.82,none,1
TXN01811,groceries,51144,28719,1,1,1,0.52,0.52,0,0.84,none,1
TXN01812,headphones,59974,51179,1,1,1,0.82,0.79,2,0.88,none,1
TXN01813,headphones,3146,2933,1,1,1,0.48,0.64,5,0.89,none,1
TXN01814,shoes,61725,76170,1,1,1,0.4,0.78,0,0.35,budget_violation,0
TXN01815,laptop,46947,26787,1,1,1,0.76,0.66,4,0.86,none,1
TXN01816,books,6311,5730,1,1,1,0.64,0.61,1,0.86,none,1
TXN01817,headphones,2449,984,1,1,1,0.8,0.56,0,0.9,none,1
TXN01818,flight,4164,2222,1,1,1,0.73,0.61,2,0.86,none,1
TXN01819,laptop,68763,63156,1,1,1,0.83,0.66,4,0.81,none,1
TXN01820,smartphone,21097,11910,1,1,1,0.76,0.66,5,0.93,none,1
TXN01821,headphones,19639,8590,1,1,1,0.73,0.57,1,0.81,none,1
TXN01822,hotel,2587,1128,1,1,1,0.7,0.65,1,0.89,none,1
TXN01823,hotel,28605,33540,1,1,1,0.33,0.84,0,0.31,budget_violation,0
TXN01824,headphones,89160,31739,1,1,1,0.62,0.94,4,0.95,none,1
TXN01825,flight,62463,30023,1,1,1,0.69,0.93,5,0.87,none,1
TXN01826,flight,70036,53229,1,1,1,0.5,0.76,1,0.31,merchant_violation,0
TXN01827,laptop,57868,30653,1,1,1,0.66,0.7,5,1.0,none,1
TXN01828,laptop,78554,71027,1,1,1,0.37,0.49,1,0.97,none,1
TXN01829,shoes,33602,13685,1,1,1,0.37,0.73,2,0.88,none,1
TXN01830,groceries,55957,28502,1,1,1,0.47,0.77,5,0.81,none,1
TXN01831,flight,8458,7363,1,1,1,0.41,0.68,0,0.87,none,1
TXN01832,flight,16496,10566,1,1,1,1.0,0.96,3,0.92,none,1
TXN01833,groceries,57374,28717,1,1,1,0.73,0.5,1,0.92,none,1
TXN01834,groceries,11863,19540,1,1,1,0.31,0.72,3,0.65,budget_violation,0
TXN01835,headphones,7731,3991,0,1,1,0.5,0.91,5,0.54,category_mismatch,0
TXN01836,flight,88301,28989,1,1,1,0.93,0.6,0,1.0,none,1
TXN01837,smartphone,6179,5406,1,1,1,0.43,0.5,3,0.96,none,1
TXN01838,books,15095,12192,1,0,1,0.67,0.9,2,0.27,quantity_violation,0
TXN01839,books,80451,32999,1,1,1,0.84,0.71,3,0.92,none,1
TXN01840,hotel,5198,2791,1,1,1,0.41,0.68,3,0.87,none,1
TXN01841,hotel,39489,34365,1,1,1,0.59,0.96,2,0.93,none,1
TXN01842,shoes,32546,25785,1,1,1,0.33,0.44,0,0.83,none,1
TXN01843,books,17529,22119,1,1,1,0.53,0.59,1,0.56,budget_violation,0
TXN01844,groceries,54723,47318,1,1,1,0.51,0.83,3,0.53,merchant_violation,0
TXN01845,flight,21516,11652,1,1,1,0.33,0.9,2,0.88,none,1
TXN01846,books,61752,35707,1,1,1,0.8,0.59,1,0.96,none,1
TXN01847,groceries,87298,82133,1,1,1,0.7,0.82,0,0.97,none,1
TXN01848,headphones,33846,21689,1,1,1,0.99,0.49,1,0.85,none,1
TXN01849,books,37419,30105,1,1,1,0.59,0.86,5,0.87,none,1
TXN01850,flight,81593,24634,1,1,1,0.64,0.89,4,0.84,none,1
TXN01851,headphones,44583,40144,1,1,1,0.82,0.56,3,0.98,none,1
TXN01852,shoes,58008,47096,1,1,1,0.33,0.98,4,0.91,none,1
TXN01853,books,6834,9263,1,1,1,0.74,0.88,3,0.61,budget_violation,0
TXN01854,groceries,61757,44843,1,1,1,0.46,0.59,4,0.84,none,1
TXN01855,hotel,40358,36181,1,1,1,0.87,0.8,4,0.85,none,1
TXN01856,hotel,1561,512,1,1,1,0.97,0.67,3,0.8,none,1
TXN01857,laptop,10975,5394,1,1,1,0.87,0.73,3,0.8,none,1
TXN01858,hotel,79675,51601,1,1,1,0.71,0.72,4,0.86,none,1
TXN01859,smartphone,31780,18188,1,1,1,0.81,0.51,5,0.84,none,1
TXN01860,groceries,11443,5400,1,1,1,0.64,0.46,5,0.95,none,1
TXN01861,headphones,87174,61700,1,0,1,0.93,0.52,1,0.38,quantity_violation,0
TXN01862,hotel,41565,32590,1,1,1,0.75,0.45,1,0.97,none,1
TXN01863,laptop,32398,31833,1,0,1,0.38,0.67,0,0.45,quantity_violation,0
TXN01864,books,67948,43428,1,1,1,0.36,0.87,2,0.29,merchant_violation,0
TXN01865,shoes,72474,58538,1,1,1,0.94,0.77,0,1.0,none,1
TXN01866,headphones,20111,13383,1,1,1,0.78,0.52,5,0.87,none,1
TXN01867,flight,52023,31353,1,1,1,0.87,0.87,3,0.84,none,1
TXN01868,shoes,82405,69337,1,1,1,0.82,0.44,5,0.85,none,1
TXN01869,books,74067,42299,1,1,1,0.75,0.52,0,0.81,none,1
TXN01870,shoes,1487,463,1,1,1,0.77,0.62,2,0.88,none,1
TXN01871,laptop,42309,15216,1,1,1,0.89,0.76,4,0.95,none,1
TXN01872,headphones,63053,62882,1,1,1,0.81,0.6,4,0.96,none,1
TXN01873,flight,33248,29109,1,1,1,0.51,0.92,0,0.99,none,1
TXN01874,headphones,92213,92179,1,1,0,0.5,0.91,0,0.69,time_violation,0
TXN01875,flight,10845,8860,1,1,1,0.58,0.42,2,0.87,none,1
TXN01876,smartphone,19012,13727,1,1,1,0.9,0.62,0,0.99,none,1
TXN01877,flight,42721,18277,1,1,1,0.45,0.88,1,0.81,none,1
TXN01878,hotel,73116,68661,1,1,1,0.36,0.83,4,0.97,none,1
TXN01879,hotel,73399,27180,1,1,1,0.58,0.96,2,0.98,none,1
TXN01880,groceries,13185,6438,1,1,1,0.34,0.44,4,0.8,none,1
TXN01881,books,6573,3633,1,1,1,0.68,0.56,4,0.99,none,1
TXN01882,shoes,11749,5047,1,1,1,0.94,0.82,0,0.93,none,1
TXN01883,laptop,62645,36627,0,1,1,0.97,0.92,4,0.32,category_mismatch,0
TXN01884,groceries,1692,1544,1,1,1,0.7,0.84,1,0.9,none,1
TXN01885,shoes,8781,6403,1,1,1,0.57,0.9,2,0.87,none,1
TXN01886,groceries,78433,55282,1,1,1,0.49,0.77,0,0.94,none,1
TXN01887,hotel,85978,25880,1,1,1,0.38,0.75,5,0.85,none,1
TXN01888,headphones,76578,42882,1,1,1,0.77,0.48,0,0.32,merchant_violation,0
TXN01889,shoes,98632,154166,1,1,1,0.39,0.53,0,0.49,budget_violation,0
TXN01890,shoes,95009,129213,1,1,1,0.54,0.67,1,0.56,budget_violation,0
TXN01891,smartphone,49333,28997,1,1,1,0.76,0.81,3,0.93,none,1
TXN01892,headphones,28103,12129,1,1,1,0.77,0.97,1,0.9,none,1
TXN01893,hotel,58337,80211,1,1,1,0.41,0.87,0,0.57,budget_violation,0
TXN01894,hotel,27717,25414,1,1,1,0.4,0.57,3,0.95,none,1
TXN01895,books,70414,47453,1,1,0,0.75,0.67,5,0.63,time_violation,0
TXN01896,books,52196,31854,1,1,0,0.93,0.41,1,0.52,time_violation,0
TXN01897,groceries,29688,20372,1,1,1,0.75,0.49,2,0.94,none,1
TXN01898,hotel,91427,82259,1,1,1,0.82,0.41,4,0.68,merchant_violation,0
TXN01899,smartphone,32617,15540,1,1,1,0.47,0.97,4,0.97,none,1
TXN01900,headphones,83250,55763,1,1,1,0.4,0.41,5,0.95,none,1
TXN01901,groceries,75442,48034,1,1,1,0.43,0.84,5,0.95,none,1
TXN01902,hotel,92229,65513,1,1,1,0.74,0.8,4,0.91,none,1
TXN01903,flight,13594,10021,1,1,1,0.92,0.59,2,0.87,none,1
TXN01904,shoes,70794,32515,1,1,1,0.97,0.41,0,0.82,none,1
TXN01905,headphones,31317,10356,1,1,1,0.63,0.72,5,0.81,none,1
TXN01906,books,95166,57978,0,1,1,0.37,0.55,4,0.4,category_mismatch,0
TXN01907,hotel,85281,52438,1,1,1,0.45,0.6,1,0.92,none,1
TXN01908,smartphone,33809,22848,1,1,1,0.74,0.86,0,0.9,none,1
TXN01909,hotel,71919,125475,1,1,1,0.64,1.0,3,0.64,budget_violation,0
TXN01910,smartphone,12627,5815,1,1,1,0.7,0.4,5,0.87,none,1
TXN01911,flight,99740,78511,1,1,1,0.32,0.46,5,0.91,none,1
TXN01912,hotel,26237,16191,0,1,1,0.33,0.51,1,0.3,category_mismatch,0
TXN01913,hotel,61405,37629,1,1,0,0.39,0.47,5,0.3,time_violation,0
TXN01914,hotel,91014,71131,1,1,1,0.88,0.5,3,0.8,none,1
TXN01915,flight,5604,4366,1,1,1,0.93,0.47,1,0.84,none,1
TXN01916,headphones,55401,47082,0,1,1,0.42,0.83,5,0.48,category_mismatch,0
TXN01917,flight,60382,46278,1,1,1,0.7,0.97,3,0.29,merchant_violation,0
TXN01918,books,37592,27231,1,1,1,0.95,0.88,0,0.84,none,1
TXN01919,hotel,50220,31407,1,1,1,0.36,0.75,5,0.83,none,1
TXN01920,laptop,31112,20953,1,1,1,0.9,0.74,3,0.98,none,1
TXN01921,headphones,7924,5367,1,1,1,0.46,0.48,0,0.9,none,1
TXN01922,smartphone,32653,11706,1,1,1,0.67,0.46,2,0.87,none,1
TXN01923,headphones,24371,22546,1,1,0,0.44,0.88,1,0.55,time_violation,0
TXN01924,smartphone,68889,36905,1,1,0,0.8,0.73,5,0.58,time_violation,0
TXN01925,books,22578,22463,1,1,1,0.54,0.42,0,0.96,none,1
TXN01926,laptop,95776,55785,1,0,1,0.82,0.78,0,0.24,quantity_violation,0
TXN01927,shoes,64016,23607,1,1,1,0.85,0.72,2,0.81,none,1
TXN01928,laptop,95270,62537,1,0,1,0.77,0.88,4,0.52,quantity_violation,0
TXN01929,hotel,35184,31890,1,1,1,0.72,0.75,3,0.34,merchant_violation,0
TXN01930,smartphone,20736,15566,1,0,1,0.85,0.59,3,0.22,quantity_violation,0
TXN01931,groceries,62251,32646,1,1,1,0.76,0.93,3,0.37,merchant_violation,0
TXN01932,flight,12624,8346,1,1,1,0.67,0.64,4,0.82,none,1
TXN01933,groceries,20565,13535,1,1,1,0.99,0.62,0,0.87,none,1
TXN01934,headphones,76605,25226,1,1,1,0.8,0.78,0,0.88,none,1
TXN01935,shoes,54763,39974,1,1,1,0.62,0.61,0,0.95,none,1
TXN01936,headphones,17484,15753,1,0,1,0.95,0.92,2,0.62,quantity_violation,0
TXN01937,smartphone,73848,60330,1,1,1,0.48,0.84,5,0.84,none,1
TXN01938,books,66332,31461,1,1,1,0.44,0.83,1,0.91,none,1
TXN01939,smartphone,53390,44660,0,1,1,0.4,0.64,5,0.35,category_mismatch,0
TXN01940,headphones,69383,53331,1,1,1,0.81,0.64,1,0.8,none,1
TXN01941,groceries,94977,67950,1,1,1,0.37,0.98,2,0.24,merchant_violation,0
TXN01942,laptop,52142,30155,1,1,0,0.96,0.62,2,0.63,time_violation,0
TXN01943,laptop,25456,11718,1,1,1,0.77,0.6,5,0.84,none,1
TXN01944,shoes,96583,135445,1,1,1,0.52,0.88,2,0.46,budget_violation,0
TXN01945,laptop,30604,17072,1,1,1,0.69,0.7,1,0.97,none,1
TXN01946,hotel,44457,17515,1,1,1,0.73,0.82,5,0.94,none,1
TXN01947,laptop,38971,13260,1,1,1,0.9,0.54,1,0.84,none,1
TXN01948,flight,26471,12716,1,1,1,0.52,0.83,3,0.95,none,1
TXN01949,headphones,14392,10468,1,1,1,0.63,0.93,0,0.47,merchant_violation,0
TXN01950,shoes,32600,24176,1,1,1,0.44,0.53,3,0.93,none,1
TXN01951,shoes,6139,5515,1,1,1,0.81,0.97,4,0.95,none,1
TXN01952,books,43918,16105,1,1,1,0.97,0.92,4,0.94,none,1
TXN01953,laptop,2398,1069,1,1,1,0.32,0.89,4,0.82,none,1
TXN01954,groceries,15681,13898,1,1,1,0.67,0.41,5,0.88,none,1
TXN01955,books,84471,40944,1,1,1,0.5,0.99,0,0.99,none,1
TXN01956,groceries,1402,1088,1,1,1,0.57,0.77,2,0.83,none,1
TXN01957,laptop,10994,3843,1,1,1,0.39,0.72,4,0.86,none,1
TXN01958,hotel,30601,22604,1,1,1,0.89,0.75,3,0.3,merchant_violation,0
TXN01959,headphones,29257,19136,1,1,1,0.35,0.67,2,0.87,none,1
TXN01960,smartphone,13088,20568,1,1,1,0.9,0.58,4,0.47,budget_violation,0
TXN01961,laptop,49081,41454,1,1,1,0.54,0.7,3,0.89,none,1
TXN01962,laptop,69070,26354,1,1,1,0.39,0.87,0,0.99,none,1
TXN01963,shoes,8259,3652,1,1,1,0.57,0.93,0,0.96,none,1
TXN01964,laptop,51631,27691,1,1,0,0.96,0.53,1,0.58,time_violation,0
TXN01965,hotel,45634,39800,1,1,1,0.66,0.51,4,0.82,none,1
TXN01966,books,56636,42528,1,1,1,0.4,0.53,4,0.97,none,1
TXN01967,hotel,99259,37825,1,1,1,0.51,0.73,4,1.0,none,1
TXN01968,shoes,45906,42757,1,1,0,0.94,0.84,4,0.27,time_violation,0
TXN01969,laptop,28782,23234,1,0,1,0.39,0.46,2,0.43,quantity_violation,0
TXN01970,laptop,80387,52667,1,1,1,1.0,0.75,0,0.96,none,1
TXN01971,hotel,76246,120925,1,1,1,0.62,0.55,1,0.4,budget_violation,0
TXN01972,groceries,82852,46654,1,1,1,0.85,0.58,4,0.93,none,1
TXN01973,books,12751,6463,1,1,1,0.67,0.62,3,0.93,none,1
TXN01974,shoes,20258,7537,1,1,1,0.31,0.7,2,0.91,none,1
TXN01975,shoes,23953,9002,1,1,1,0.89,0.88,1,0.86,none,1
TXN01976,headphones,57344,39675,1,1,1,0.96,0.64,5,0.8,none,1
TXN01977,books,21316,8151,1,1,1,0.83,0.98,0,0.93,none,1
TXN01978,headphones,99209,96383,1,1,1,0.81,0.71,1,0.36,merchant_violation,0
TXN01979,flight,86221,49082,1,1,1,0.93,0.85,2,0.61,merchant_violation,0
TXN01980,flight,54408,20809,1,1,1,0.4,0.82,4,0.89,none,1
TXN01981,laptop,72991,61958,1,1,1,0.58,0.86,4,0.94,none,1
TXN01982,groceries,87627,60569,1,1,1,0.56,0.64,0,0.66,merchant_violation,0
TXN01983,shoes,2957,2561,1,1,1,0.37,0.9,1,0.95,none,1
TXN01984,flight,75908,71860,1,1,1,0.38,0.91,2,0.88,none,1
TXN01985,headphones,32536,27369,1,1,1,0.89,0.56,0,0.97,none,1
TXN01986,headphones,63707,19155,1,1,1,0.77,0.71,4,0.88,none,1
TXN01987,groceries,9205,3513,1,1,1,0.99,0.63,1,0.82,none,1
TXN01988,shoes,81201,79466,1,1,1,0.9,0.43,0,0.88,none,1
TXN01989,laptop,81224,28921,1,1,1,0.74,0.44,5,0.86,none,1
TXN01990,books,54449,49223,1,1,1,0.67,0.92,3,0.93,none,1
TXN01991,headphones,7592,3449,1,1,1,0.5,0.41,3,0.89,none,1
TXN01992,hotel,52214,49223,1,1,0,0.81,0.86,3,0.54,time_violation,0
TXN01993,headphones,46160,74289,1,1,1,0.64,0.78,3,0.66,budget_violation,0
TXN01994,laptop,22098,21053,1,1,1,0.35,0.87,0,0.88,none,1
TXN01995,hotel,9802,4302,1,1,1,0.62,0.45,1,0.99,none,1
TXN01996,flight,47907,20114,1,1,1,0.54,0.98,0,0.89,none,1
TXN01997,smartphone,61850,51893,0,1,1,0.36,0.5,3,0.26,category_mismatch,0
TXN01998,groceries,32191,31730,1,1,1,0.52,0.68,4,0.91,none,1
TXN01999,flight,50280,36389,0,1,1,0.92,0.73,2,0.33,category_mismatch,0
TXN02000,laptop,96156,87039,1,1,1,0.53,0.48,3,0.86,none,1
TXN02001,laptop,13388,6685,1,1,1,0.34,0.67,5,0.85,none,1
TXN02002,smartphone,53213,19997,1,1,1,0.4,0.68,3,0.93,none,1
TXN02003,headphones,25464,20868,0,1,1,0.91,0.94,4,0.47,category_mismatch,0
TXN02004,headphones,14413,6958,1,1,1,0.95,0.65,4,0.91,none,1
TXN02005,books,96843,58740,1,1,1,0.83,0.92,1,0.97,none,1
TXN02006,shoes,16071,6814,1,1,1,0.78,0.59,0,0.87,none,1
TXN02007,books,97834,75557,1,1,1,0.75,0.64,0,0.43,merchant_violation,0
TXN02008,laptop,53777,34821,1,1,1,0.93,0.71,1,0.97,none,1
TXN02009,laptop,48852,27517,1,1,1,0.4,0.8,1,0.84,none,1
TXN02010,flight,43977,15846,1,1,1,0.58,0.92,2,0.8,none,1
TXN02011,flight,71657,68499,1,1,1,0.78,0.64,1,0.95,none,1
TXN02012,headphones,10535,4183,1,1,1,0.7,0.98,4,0.99,none,1
TXN02013,hotel,31830,23117,1,1,1,0.5,0.73,0,0.99,none,1
TXN02014,headphones,5952,5111,1,1,1,0.97,0.82,1,0.93,none,1
TXN02015,groceries,95265,74686,1,1,1,0.66,0.58,1,0.86,none,1
TXN02016,flight,97393,66955,1,1,1,0.35,0.45,2,0.89,none,1
TXN02017,books,99457,78242,1,1,1,0.61,0.61,1,0.85,none,1
TXN02018,groceries,59665,26085,1,1,1,0.84,0.79,0,0.99,none,1
TXN02019,books,37031,13130,1,1,1,0.73,0.83,5,0.99,none,1
TXN02020,books,81010,46105,1,1,1,0.4,0.77,3,0.9,none,1
TXN02021,headphones,17972,12648,1,1,1,0.65,0.85,5,0.91,none,1
TXN02022,laptop,53244,41404,1,1,1,0.85,0.62,5,0.85,none,1
TXN02023,laptop,87975,48584,1,1,1,1.0,0.63,4,0.87,none,1
TXN02024,books,75605,88906,1,1,1,0.93,0.51,5,0.37,budget_violation,0
TXN02025,flight,36169,25194,1,1,1,0.72,0.52,2,0.61,merchant_violation,0
TXN02026,hotel,25338,18845,1,1,1,0.39,0.72,4,0.97,none,1
TXN02027,groceries,30123,13139,1,1,1,0.97,0.95,0,0.87,none,1
TXN02028,headphones,35174,20868,1,0,1,0.83,0.83,3,0.29,quantity_violation,0
TXN02029,flight,51997,30466,1,1,1,0.96,0.53,5,0.31,merchant_violation,0
TXN02030,flight,14398,7963,1,1,1,0.8,0.62,0,0.68,merchant_violation,0
TXN02031,books,69017,67276,1,1,0,0.69,0.41,2,0.58,time_violation,0
TXN02032,hotel,35302,23063,0,1,1,0.74,0.93,4,0.61,category_mismatch,0
TXN02033,smartphone,15836,11390,1,1,1,0.42,0.52,5,0.87,none,1
TXN02034,shoes,36275,13066,1,1,1,0.55,0.64,0,0.87,none,1
TXN02035,books,15093,7990,1,1,1,0.38,0.84,2,0.92,none,1
TXN02036,shoes,55982,49942,1,1,1,0.67,0.54,3,0.89,none,1
TXN02037,flight,7002,4431,1,1,1,0.89,0.82,5,0.6,merchant_violation,0
TXN02038,hotel,12421,7311,1,0,1,0.57,0.72,0,0.55,quantity_violation,0
TXN02039,books,74595,65560,0,1,1,0.3,0.62,1,0.62,category_mismatch,0
TXN02040,flight,53716,51974,0,1,1,0.69,0.95,3,0.41,category_mismatch,0
TXN02041,flight,77489,66222,1,1,1,0.61,0.67,2,0.97,none,1
TXN02042,headphones,65580,43095,1,1,1,0.99,0.94,2,0.91,none,1
TXN02043,flight,97061,94651,1,1,1,0.86,0.59,5,0.97,none,1
TXN02044,hotel,24301,12470,1,1,1,0.73,0.47,0,0.96,none,1
TXN02045,groceries,44554,76270,1,1,1,0.33,0.88,2,0.52,budget_violation,0
TXN02046,shoes,10535,4127,1,1,1,0.91,0.93,0,0.96,none,1
TXN02047,flight,10075,6749,1,0,1,0.32,0.52,5,0.41,quantity_violation,0
TXN02048,headphones,90390,58046,1,0,1,0.66,0.77,3,0.49,quantity_violation,0
TXN02049,books,19883,17800,1,1,1,0.99,0.53,3,0.98,none,1
TXN02050,books,95288,71485,1,1,1,0.4,0.4,2,0.97,none,1
TXN02051,headphones,49343,71269,1,1,1,0.86,0.5,4,0.6,budget_violation,0
TXN02052,smartphone,97606,111731,1,1,1,0.72,0.93,5,0.2,budget_violation,0
TXN02053,hotel,82797,71962,1,1,0,0.92,0.71,3,0.33,time_violation,0
TXN02054,headphones,27733,17311,1,1,1,0.32,0.5,3,0.88,none,1
TXN02055,smartphone,88183,75030,1,1,1,0.93,0.69,2,0.85,none,1
TXN02056,flight,74667,47688,1,1,1,0.57,0.92,0,0.87,none,1
TXN02057,smartphone,67968,61063,1,1,1,0.82,0.63,5,0.91,none,1
TXN02058,smartphone,52445,45057,0,1,1,0.97,0.79,1,0.23,category_mismatch,0
TXN02059,shoes,26994,21650,1,1,1,0.45,0.74,4,0.99,none,1
TXN02060,laptop,43706,34454,0,1,1,0.7,0.77,5,0.41,category_mismatch,0
TXN02061,headphones,14213,12217,1,1,1,0.76,0.75,5,0.86,none,1
TXN02062,headphones,31992,16878,1,1,1,0.55,0.98,4,0.97,none,1
TXN02063,shoes,42969,22156,1,1,1,0.59,0.69,5,0.89,none,1
TXN02064,books,29687,19145,1,1,0,0.96,0.74,2,0.63,time_violation,0
TXN02065,books,81112,30947,1,1,1,0.93,0.76,4,0.89,none,1
TXN02066,headphones,75847,88859,1,1,1,0.53,0.8,4,0.43,budget_violation,0
TXN02067,books,95209,81304,1,1,0,0.87,0.48,4,0.67,time_violation,0
TXN02068,shoes,18126,20863,1,1,1,0.56,0.84,5,0.63,budget_violation,0
TXN02069,shoes,23710,29613,1,1,1,0.69,0.76,5,0.64,budget_violation,0
TXN02070,books,46785,36741,1,1,1,0.81,0.93,5,0.9,none,1
TXN02071,headphones,32037,18454,1,1,1,0.34,0.9,0,0.84,none,1
TXN02072,hotel,40597,33399,1,1,0,0.87,0.91,4,0.36,time_violation,0
TXN02073,books,9704,8833,1,1,1,0.97,0.92,4,0.98,none,1
TXN02074,smartphone,3993,2994,1,1,1,0.42,0.96,4,0.95,none,1
TXN02075,laptop,13120,8325,1,1,1,0.76,0.84,1,0.81,none,1
TXN02076,shoes,1643,1634,1,1,1,0.36,0.81,3,0.82,none,1
TXN02077,smartphone,20029,14887,1,1,1,0.81,0.47,1,0.82,none,1
TXN02078,books,54754,41729,1,1,1,0.34,0.76,5,0.93,none,1
TXN02079,smartphone,15773,5885,1,1,1,0.94,0.43,4,0.94,none,1
TXN02080,books,18824,14366,1,1,1,0.95,0.86,1,0.84,none,1
TXN02081,shoes,5852,4188,0,1,1,0.54,0.72,5,0.29,category_mismatch,0
TXN02082,hotel,69287,40745,1,0,1,0.36,0.41,4,0.54,quantity_violation,0
TXN02083,headphones,45191,31791,1,1,1,0.53,0.48,4,0.86,none,1
TXN02084,headphones,3243,2315,1,1,1,0.79,0.62,2,0.94,none,1
TXN02085,smartphone,98270,29566,1,1,1,0.95,0.83,4,0.92,none,1
TXN02086,headphones,92037,80665,1,1,1,0.84,0.54,3,0.82,none,1
TXN02087,hotel,26002,14335,1,1,1,0.53,0.62,2,0.95,none,1
TXN02088,headphones,28788,13862,1,1,1,0.35,0.85,1,0.81,none,1
TXN02089,books,8053,4455,1,1,1,0.41,0.54,3,0.86,none,1
TXN02090,headphones,79520,48521,1,1,1,0.81,0.45,3,0.97,none,1
TXN02091,laptop,55046,51193,0,1,1,0.67,0.97,0,0.37,category_mismatch,0
TXN02092,hotel,21787,16974,1,1,1,0.75,0.53,5,0.97,none,1
TXN02093,laptop,33728,51000,1,1,1,0.94,0.64,3,0.48,budget_violation,0
TXN02094,books,49308,41950,1,1,1,0.74,0.62,4,0.94,none,1
TXN02095,flight,49754,48404,0,1,1,0.48,0.9,1,0.62,category_mismatch,0
TXN02096,hotel,61521,23217,1,1,1,0.69,0.86,4,0.82,none,1
TXN02097,shoes,4492,3664,1,1,1,0.59,0.54,3,0.88,none,1
TXN02098,smartphone,65092,33933,1,1,1,0.31,0.46,5,0.54,merchant_violation,0
TXN02099,books,15077,25650,1,1,1,0.38,0.61,0,0.43,budget_violation,0
TXN02100,shoes,67632,37253,1,1,0,0.34,0.83,2,0.24,time_violation,0
TXN02101,laptop,38712,25994,1,1,1,0.49,0.58,3,0.83,none,1
TXN02102,shoes,4249,2510,1,1,0,0.67,0.72,2,0.42,time_violation,0
TXN02103,groceries,79139,95237,1,1,1,0.69,0.6,5,0.6,budget_violation,0
TXN02104,shoes,80555,70550,1,1,1,0.94,0.66,2,0.97,none,1
TXN02105,groceries,58253,20694,1,1,1,0.71,0.71,1,0.94,none,1
TXN02106,books,3487,2446,1,0,1,0.6,0.59,2,0.51,quantity_violation,0
TXN02107,laptop,99971,108761,1,1,1,0.71,0.8,0,0.66,budget_violation,0
TXN02108,laptop,3575,1729,1,1,1,0.47,0.86,4,0.81,none,1
TXN02109,hotel,76257,63587,0,1,1,0.8,0.59,1,0.22,category_mismatch,0
TXN02110,laptop,78286,71307,1,1,1,0.95,0.64,4,0.46,merchant_violation,0
TXN02111,books,84739,101601,1,1,1,0.71,0.81,3,0.39,budget_violation,0
TXN02112,hotel,14376,8156,1,1,1,0.37,0.53,2,0.99,none,1
TXN02113,books,63900,30273,1,1,1,0.88,0.86,3,0.84,none,1
TXN02114,hotel,77397,29392,1,1,1,0.73,0.88,0,0.94,none,1
TXN02115,hotel,22645,20237,1,1,1,0.97,0.48,1,0.89,none,1
TXN02116,books,71851,26871,1,1,1,0.59,0.9,5,0.93,none,1
TXN02117,laptop,83683,61878,1,1,1,0.37,0.96,4,0.99,none,1
TXN02118,smartphone,31829,25185,1,1,1,0.73,0.71,4,0.98,none,1
TXN02119,books,20215,7246,1,1,1,0.61,0.41,4,0.9,none,1
TXN02120,hotel,87702,76364,1,1,1,0.9,0.98,3,0.98,none,1
TXN02121,hotel,71137,98771,1,1,1,0.92,0.61,4,0.57,budget_violation,0
TXN02122,shoes,75853,74393,1,1,1,0.56,0.96,4,0.83,none,1
TXN02123,laptop,35013,20768,1,1,1,0.52,0.8,1,0.97,none,1
TXN02124,groceries,74849,52515,1,1,1,0.84,0.8,1,0.46,merchant_violation,0
TXN02125,books,89387,43736,1,1,1,0.42,0.8,4,0.98,none,1
TXN02126,headphones,61733,35463,1,1,1,0.96,0.8,3,0.93,none,1
TXN02127,laptop,36013,22136,1,0,1,0.38,0.94,0,0.6,quantity_violation,0
TXN02128,groceries,15744,5208,1,1,1,0.93,0.79,1,0.9,none,1
TXN02129,shoes,44687,24480,1,1,1,0.85,0.68,5,0.93,none,1
TXN02130,groceries,24819,42529,1,1,1,0.95,0.82,2,0.62,budget_violation,0
TXN02131,groceries,51296,41254,1,1,1,0.95,0.66,2,0.89,none,1
TXN02132,hotel,20882,24321,1,1,1,0.54,0.63,1,0.69,budget_violation,0
TXN02133,flight,77021,67613,1,1,1,0.58,0.73,1,0.8,none,1
TXN02134,shoes,35854,24125,1,1,1,0.65,0.77,3,0.83,none,1
TXN02135,hotel,52798,52450,1,1,1,0.83,0.67,4,0.81,none,1
TXN02136,laptop,82689,29968,1,1,1,0.35,1.0,0,0.92,none,1
TXN02137,shoes,47890,47458,1,1,1,0.75,0.5,1,0.94,none,1
TXN02138,smartphone,31493,29830,1,1,0,0.54,0.99,0,0.66,time_violation,0
TXN02139,flight,73914,42901,1,1,1,0.85,0.82,1,0.87,none,1
TXN02140,hotel,99366,39870,1,1,1,0.39,0.46,2,0.93,none,1
TXN02141,shoes,92359,151540,1,1,1,0.59,0.91,3,0.58,budget_violation,0
TXN02142,books,98979,55763,1,1,1,0.48,0.72,4,0.52,merchant_violation,0
TXN02143,laptop,53521,36705,1,1,1,0.37,0.45,2,0.88,none,1
TXN02144,smartphone,30684,22576,1,1,1,0.94,0.78,2,0.91,none,1
TXN02145,shoes,92603,53439,1,1,1,0.73,0.66,4,0.88,none,1
TXN02146,hotel,91267,33148,1,1,1,0.54,0.56,2,0.96,none,1
TXN02147,laptop,15502,13350,0,1,1,0.78,0.44,5,0.59,category_mismatch,0
TXN02148,flight,33295,18879,1,1,1,0.79,0.61,0,0.89,none,1
TXN02149,groceries,90491,41530,1,1,1,0.72,0.85,4,0.96,none,1
TXN02150,shoes,56213,33028,1,1,1,0.8,0.48,4,0.92,none,1
TXN02151,flight,49809,28156,1,1,1,0.31,0.41,5,0.93,none,1
TXN02152,hotel,18810,11758,1,1,1,0.33,0.95,3,0.54,merchant_violation,0
TXN02153,hotel,98066,71526,1,1,1,0.6,0.65,2,0.96,none,1
TXN02154,hotel,22211,14600,1,0,1,0.91,0.69,3,0.37,quantity_violation,0
TXN02155,laptop,75869,73372,1,1,1,0.84,0.98,1,0.96,none,1
TXN02156,laptop,56725,35682,1,0,1,0.58,0.63,1,0.63,quantity_violation,0
TXN02157,headphones,55884,28077,1,1,1,0.38,0.78,4,0.92,none,1
TXN02158,shoes,8038,4663,1,1,0,0.43,0.5,2,0.29,time_violation,0
TXN02159,books,57122,36264,1,1,1,0.76,0.59,1,0.95,none,1
TXN02160,smartphone,52136,61659,1,1,1,0.8,0.46,2,0.66,budget_violation,0
TXN02161,hotel,70914,53014,1,1,1,1.0,0.4,4,0.8,none,1
TXN02162,books,78176,45127,1,1,1,0.8,0.99,1,0.84,none,1
TXN02163,smartphone,23660,21713,1,1,1,0.55,0.96,0,0.99,none,1
TXN02164,hotel,59473,53303,1,1,0,0.9,0.78,3,0.24,time_violation,0
TXN02165,smartphone,22577,14124,1,1,1,0.81,0.93,2,0.31,merchant_violation,0
TXN02166,flight,92283,52611,1,1,1,0.83,0.43,4,0.87,none,1
TXN02167,headphones,49299,47504,1,1,1,0.42,0.48,5,0.91,none,1
TXN02168,shoes,66989,31970,1,1,1,0.86,0.99,2,0.81,none,1
TXN02169,groceries,34353,19141,1,1,1,0.76,0.6,1,0.97,none,1
TXN02170,smartphone,15601,9003,0,1,1,0.8,0.67,4,0.51,category_mismatch,0
TXN02171,books,90413,73542,1,1,1,0.99,0.67,3,0.95,none,1
TXN02172,shoes,88097,65600,0,1,1,0.32,0.92,4,0.47,category_mismatch,0
TXN02173,headphones,10538,5769,1,1,1,0.31,0.73,0,0.92,none,1
TXN02174,groceries,33366,15963,1,1,1,0.8,0.52,3,0.92,none,1
TXN02175,shoes,43598,28431,1,1,1,0.4,0.77,1,0.87,none,1
TXN02176,shoes,41053,58953,1,1,1,0.8,0.64,3,0.45,budget_violation,0
TXN02177,smartphone,56703,23847,1,1,1,0.48,0.95,2,0.85,none,1
TXN02178,groceries,8010,3581,1,1,1,0.67,0.62,0,0.9,none,1
TXN02179,shoes,60026,41221,1,1,1,0.31,0.81,5,0.93,none,1
TXN02180,shoes,85364,34398,1,1,1,0.62,0.7,5,0.85,none,1
TXN02181,groceries,82539,49350,1,1,1,0.71,0.71,1,0.98,none,1
TXN02182,laptop,41117,21387,1,1,1,0.71,0.48,3,0.82,none,1
TXN02183,books,90263,55626,1,1,0,0.87,0.92,4,0.47,time_violation,0
TXN02184,groceries,94123,53283,1,0,1,0.44,0.73,1,0.5,quantity_violation,0
TXN02185,headphones,69349,62148,1,1,1,0.41,0.47,5,0.53,merchant_violation,0
TXN02186,books,4943,4309,1,1,1,0.96,0.74,1,0.9,none,1
TXN02187,laptop,94282,89274,1,1,1,0.42,0.47,0,0.8,none,1
TXN02188,shoes,24033,7483,1,1,1,0.78,0.63,3,0.88,none,1
TXN02189,laptop,4906,3640,1,1,1,0.77,0.73,5,0.9,none,1
TXN02190,groceries,16951,28195,1,1,1,0.43,0.63,0,0.34,budget_violation,0
TXN02191,shoes,73487,60622,1,0,1,0.75,0.45,4,0.58,quantity_violation,0
TXN02192,books,37223,30736,1,1,1,0.9,0.78,1,0.86,none,1
TXN02193,groceries,78162,60450,1,1,1,0.37,0.4,5,0.95,none,1
TXN02194,laptop,60905,35507,1,1,1,0.43,0.62,2,0.99,none,1
TXN02195,groceries,58348,31040,1,1,1,0.93,0.43,3,0.99,none,1
TXN02196,groceries,56323,59690,1,1,1,0.75,0.95,2,0.63,budget_violation,0
TXN02197,smartphone,93285,92835,1,1,1,0.46,0.57,3,0.91,none,1
TXN02198,smartphone,53274,50379,1,1,1,0.71,0.86,3,0.81,none,1
TXN02199,laptop,49140,40891,1,1,1,0.6,0.73,2,0.91,none,1
TXN02200,groceries,71031,49382,1,1,1,0.58,0.63,3,0.96,none,1
TXN02201,shoes,71770,49434,1,1,1,0.93,0.74,3,0.91,none,1
TXN02202,books,81526,108286,1,1,1,0.71,0.51,3,0.62,budget_violation,0
TXN02203,books,50421,31179,1,1,1,0.32,0.45,3,0.64,merchant_violation,0
TXN02204,flight,60579,44933,1,1,1,0.7,0.9,1,0.88,none,1
TXN02205,hotel,11310,3439,1,1,1,0.96,0.94,2,0.99,none,1
TXN02206,smartphone,61422,40375,1,1,1,0.98,0.47,3,0.89,none,1
TXN02207,smartphone,88944,57083,1,1,1,0.57,0.51,0,0.82,none,1
TXN02208,headphones,37743,26473,1,1,1,0.4,0.56,1,0.27,merchant_violation,0
TXN02209,books,44813,15779,1,1,1,0.34,0.82,2,0.94,none,1
TXN02210,flight,35917,13420,1,1,1,0.69,0.81,2,0.9,none,1
TXN02211,laptop,42806,27997,1,1,1,0.3,0.75,1,0.97,none,1
TXN02212,flight,66135,52723,1,1,1,0.31,0.84,0,0.93,none,1
TXN02213,shoes,93291,54762,1,1,1,0.97,0.68,1,0.97,none,1
TXN02214,hotel,62604,40828,1,1,1,0.94,0.77,5,0.98,none,1
TXN02215,hotel,1662,1263,1,1,0,0.96,0.89,1,0.28,time_violation,0
TXN02216,hotel,94988,34486,1,1,1,1.0,0.44,4,0.98,none,1
TXN02217,flight,1818,620,1,1,1,0.55,0.74,5,0.95,none,1
TXN02218,laptop,12988,12823,1,0,1,0.73,0.91,0,0.69,quantity_violation,0
TXN02219,smartphone,42285,68106,1,1,1,0.33,0.62,3,0.23,budget_violation,0
TXN02220,headphones,27163,14544,1,1,0,0.6,0.59,0,0.2,time_violation,0
TXN02221,books,34610,30490,1,1,1,0.76,0.93,4,0.96,none,1
TXN02222,flight,92635,83253,0,1,1,0.67,0.65,4,0.49,category_mismatch,0
TXN02223,groceries,46169,29525,1,0,1,0.63,0.47,5,0.24,quantity_violation,0
TXN02224,headphones,63145,57175,1,0,1,0.36,0.94,5,0.59,quantity_violation,0
TXN02225,laptop,34792,14181,1,1,1,0.84,0.8,3,0.84,none,1
TXN02226,headphones,10007,5080,1,1,1,0.98,0.87,5,0.87,none,1
TXN02227,hotel,69684,61091,1,1,1,0.54,0.95,3,0.91,none,1
TXN02228,groceries,36783,22246,1,1,1,0.82,0.67,4,0.91,none,1
TXN02229,hotel,40265,26267,1,1,1,0.68,0.98,2,0.96,none,1
TXN02230,groceries,83656,42542,1,1,1,0.94,0.72,2,0.87,none,1
TXN02231,books,59239,46993,1,1,1,0.58,0.67,2,0.87,none,1
TXN02232,flight,53044,31369,1,1,1,0.88,0.76,4,0.67,merchant_violation,0
TXN02233,flight,15043,13016,1,0,1,0.77,0.76,1,0.25,quantity_violation,0
TXN02234,smartphone,14122,9253,1,1,1,0.57,0.76,5,0.8,none,1
TXN02235,flight,39657,24255,1,1,1,0.57,0.81,1,0.83,none,1
TXN02236,laptop,54231,30351,1,1,1,0.46,0.89,2,0.94,none,1
TXN02237,smartphone,90468,155580,1,1,1,0.77,0.51,2,0.59,budget_violation,0
TXN02238,flight,8801,7742,1,1,0,0.79,0.43,2,0.26,time_violation,0
TXN02239,shoes,95302,89064,1,1,1,0.54,0.88,5,0.94,none,1
TXN02240,hotel,58691,42982,1,1,1,0.32,0.57,3,0.82,none,1
TXN02241,books,93298,68279,0,1,1,0.69,0.96,5,0.57,category_mismatch,0
TXN02242,flight,85399,71155,0,1,1,0.88,0.43,3,0.34,category_mismatch,0
TXN02243,shoes,40854,12605,1,1,1,0.78,0.75,0,0.86,none,1
TXN02244,headphones,5119,3070,1,1,1,0.65,0.82,2,0.81,none,1
TXN02245,hotel,83163,30409,1,1,1,0.45,0.79,4,0.92,none,1
TXN02246,headphones,72492,60311,1,1,1,0.47,0.62,4,0.87,none,1
TXN02247,laptop,48362,15634,1,1,1,0.59,0.69,4,0.8,none,1
TXN02248,laptop,53138,51014,1,1,1,0.94,0.73,0,0.91,none,1
TXN02249,books,63586,63462,0,1,1,0.65,0.82,1,0.56,category_mismatch,0
TXN02250,shoes,87797,57364,1,0,1,0.79,0.99,1,0.21,quantity_violation,0
TXN02251,groceries,65327,54295,1,1,1,0.89,0.6,0,0.84,none,1
TXN02252,flight,2448,2430,0,1,1,0.52,0.48,3,0.29,category_mismatch,0
TXN02253,smartphone,61211,26237,1,1,1,0.34,0.51,4,0.94,none,1
TXN02254,headphones,29683,15298,1,1,1,0.9,0.44,5,0.96,none,1
TXN02255,laptop,85299,50772,1,1,1,0.77,0.61,0,0.93,none,1
TXN02256,groceries,67903,79011,1,1,1,0.93,0.45,3,0.42,budget_violation,0
TXN02257,headphones,81775,40651,1,1,1,0.77,0.97,3,0.87,none,1
TXN02258,books,43372,39142,1,1,1,0.36,0.76,4,0.95,none,1
TXN02259,hotel,22952,10596,1,1,1,0.89,0.65,1,0.96,none,1
TXN02260,headphones,60975,40515,1,1,1,0.35,0.68,3,0.98,none,1
TXN02261,headphones,1143,434,1,1,1,0.86,0.91,1,0.94,none,1
TXN02262,laptop,24715,13580,0,1,1,0.86,0.84,1,0.23,category_mismatch,0
TXN02263,smartphone,69452,44600,1,1,1,0.3,0.62,0,0.89,none,1
TXN02264,smartphone,66946,45179,1,1,1,0.53,0.73,5,0.92,none,1
TXN02265,flight,75576,59190,1,1,1,0.63,0.82,0,0.88,none,1
TXN02266,laptop,93907,90017,1,0,1,0.64,0.86,5,0.5,quantity_violation,0
TXN02267,shoes,9803,5517,1,1,1,0.96,0.71,4,0.9,none,1
TXN02268,headphones,67724,63194,1,0,1,0.76,1.0,1,0.28,quantity_violation,0
TXN02269,books,22300,17295,0,1,1,0.73,0.72,5,0.66,category_mismatch,0
TXN02270,shoes,18730,7657,1,1,1,0.48,0.57,3,1.0,none,1
TXN02271,shoes,96832,84620,1,1,1,0.35,0.98,2,0.49,merchant_violation,0
TXN02272,shoes,92894,80618,0,1,1,0.81,0.48,5,0.3,category_mismatch,0
TXN02273,laptop,37306,29364,1,1,1,0.45,0.48,5,0.89,none,1
TXN02274,flight,17671,6578,1,1,1,0.56,0.52,1,0.9,none,1
TXN02275,groceries,44970,26307,1,1,1,0.58,0.4,0,0.87,none,1
TXN02276,shoes,58667,32214,1,1,1,0.93,0.46,4,0.84,none,1
TXN02277,smartphone,90625,90202,0,1,1,0.36,0.81,5,0.69,category_mismatch,0
TXN02278,smartphone,62561,32559,1,1,1,0.96,0.75,4,0.31,merchant_violation,0
TXN02279,laptop,35559,32379,1,1,1,0.35,0.63,1,0.28,merchant_violation,0
TXN02280,smartphone,27610,16396,1,1,1,0.31,0.43,3,0.91,none,1
TXN02281,flight,55746,52132,1,1,1,0.62,0.85,0,0.88,none,1
TXN02282,groceries,21050,18989,1,1,1,0.55,0.44,4,0.34,merchant_violation,0
TXN02283,hotel,40387,24582,1,1,1,0.6,0.99,5,0.86,none,1
TXN02284,shoes,95015,63840,1,1,0,0.51,0.76,1,0.43,time_violation,0
TXN02285,headphones,23143,13971,1,1,1,0.88,0.45,1,0.85,none,1
TXN02286,groceries,88223,85613,1,0,1,0.69,0.59,5,0.28,quantity_violation,0
TXN02287,laptop,70966,68439,1,1,1,0.72,0.81,0,0.95,none,1
TXN02288,groceries,20335,16411,1,1,1,0.94,0.83,5,0.92,none,1
TXN02289,groceries,35559,23803,1,1,1,0.47,0.48,2,0.67,merchant_violation,0
TXN02290,headphones,48924,27165,1,1,1,0.47,0.55,1,0.99,none,1
TXN02291,laptop,91377,144357,1,1,1,0.56,0.8,3,0.4,budget_violation,0
TXN02292,flight,95210,84658,1,1,0,0.57,0.81,5,0.33,time_violation,0
TXN02293,flight,60445,48263,1,1,1,0.8,0.99,5,0.95,none,1
TXN02294,flight,27131,12695,1,1,1,0.56,0.68,2,0.88,none,1
TXN02295,groceries,9333,8718,1,1,1,0.39,0.51,2,0.87,none,1
TXN02296,laptop,76063,67478,1,1,1,0.73,0.96,4,0.82,none,1
TXN02297,flight,25296,18141,1,1,1,0.53,0.96,4,0.88,none,1
TXN02298,hotel,59547,30176,0,1,1,0.91,0.57,1,0.38,category_mismatch,0
TXN02299,smartphone,35825,62688,1,1,1,0.5,1.0,2,0.53,budget_violation,0
TXN02300,shoes,33481,13733,1,1,1,0.59,0.47,2,0.98,none,1
TXN02301,shoes,95161,58710,1,1,1,0.59,0.79,3,0.85,none,1
TXN02302,laptop,4930,3847,1,1,1,0.39,0.96,2,0.98,none,1
TXN02303,headphones,16761,12123,1,1,1,0.94,0.73,2,0.28,merchant_violation,0
TXN02304,flight,87237,62502,0,1,1,0.93,0.88,2,0.33,category_mismatch,0
TXN02305,books,7371,6054,0,1,1,0.41,0.79,5,0.21,category_mismatch,0
TXN02306,groceries,45752,39998,1,1,1,0.46,0.67,3,0.83,none,1
TXN02307,groceries,53468,31263,1,1,1,0.44,0.4,2,0.98,none,1
TXN02308,laptop,83483,72688,1,1,1,0.87,0.96,0,0.8,none,1
TXN02309,flight,43661,33217,1,1,1,0.33,0.42,1,0.9,none,1
TXN02310,headphones,96615,57307,1,0,1,0.62,0.91,1,0.26,quantity_violation,0
TXN02311,laptop,80195,78379,1,1,1,0.78,0.47,1,0.95,none,1
TXN02312,smartphone,65798,61580,1,1,1,0.44,0.52,4,0.87,none,1
TXN02313,headphones,68908,29162,1,1,1,0.8,0.76,1,0.92,none,1
TXN02314,books,33260,26720,1,1,1,0.98,0.61,5,0.94,none,1
TXN02315,shoes,20445,12541,1,1,0,0.73,0.94,4,0.5,time_violation,0
TXN02316,laptop,38660,24416,1,1,1,0.79,0.94,1,0.96,none,1
TXN02317,shoes,17934,9748,1,1,0,0.55,0.42,3,0.25,time_violation,0
TXN02318,laptop,73250,24311,1,1,1,0.43,0.76,0,0.95,none,1
TXN02319,headphones,27201,10039,1,1,1,0.64,0.49,0,0.87,none,1
TXN02320,shoes,74174,55073,1,1,1,0.43,0.45,3,0.93,none,1
TXN02321,groceries,93727,63161,1,1,1,0.48,0.64,1,0.86,none,1
TXN02322,hotel,18173,18010,0,1,1,0.99,0.48,1,0.66,category_mismatch,0
TXN02323,laptop,84196,54392,1,1,1,1.0,0.61,5,0.63,merchant_violation,0
TXN02324,headphones,95025,94413,1,1,1,0.74,0.51,5,0.99,none,1
TXN02325,groceries,8492,7428,1,1,1,0.73,1.0,1,0.87,none,1
TXN02326,laptop,52067,48539,1,1,0,0.47,0.91,0,0.47,time_violation,0
TXN02327,hotel,53011,34151,1,1,1,0.37,0.54,3,0.93,none,1
TXN02328,shoes,74254,62411,1,1,1,0.76,0.59,0,0.98,none,1
TXN02329,smartphone,29803,12581,1,1,1,0.76,0.71,2,0.93,none,1
TXN02330,shoes,75830,47884,1,1,1,0.56,0.44,5,0.86,none,1
TXN02331,books,6902,3285,1,1,1,0.35,0.5,5,0.93,none,1
TXN02332,flight,12334,9919,1,1,1,0.35,0.74,5,0.87,none,1
TXN02333,groceries,36601,54249,1,1,1,0.56,0.99,4,0.36,budget_violation,0
TXN02334,books,47891,16385,1,1,1,0.86,0.89,0,0.85,none,1
TXN02335,groceries,21748,7607,1,1,1,0.91,0.7,1,0.95,none,1
TXN02336,smartphone,20617,19762,1,1,1,0.7,0.85,3,0.98,none,1
TXN02337,groceries,61654,46430,1,1,1,0.58,0.74,4,0.89,none,1
TXN02338,smartphone,22623,20931,1,1,1,0.46,0.88,1,0.83,none,1
TXN02339,groceries,89467,55672,1,1,1,0.54,0.75,4,0.91,none,1
TXN02340,books,86032,47032,1,1,1,0.89,0.96,5,0.94,none,1
TXN02341,hotel,27609,42033,1,1,1,0.57,0.59,0,0.68,budget_violation,0
TXN02342,flight,24814,12973,0,1,1,0.38,0.44,0,0.59,category_mismatch,0
TXN02343,books,50563,39516,1,0,1,0.62,0.95,3,0.2,quantity_violation,0
TXN02344,laptop,1156,846,1,1,1,0.51,0.73,3,0.45,merchant_violation,0
TXN02345,hotel,76025,46762,1,1,1,0.52,0.96,3,0.96,none,1
TXN02346,groceries,46555,46248,1,1,1,0.48,0.6,0,0.88,none,1
TXN02347,flight,42252,26584,1,1,1,0.33,0.84,2,0.91,none,1
TXN02348,headphones,61870,23321,1,1,1,0.74,0.79,1,0.91,none,1
TXN02349,groceries,30194,10105,1,1,1,0.56,0.68,0,0.84,none,1
TXN02350,flight,15433,11286,0,1,1,0.77,0.66,1,0.69,category_mismatch,0
TXN02351,flight,81488,66036,1,1,1,0.69,0.74,2,0.51,merchant_violation,0
TXN02352,flight,37922,22913,1,1,1,0.51,0.6,2,0.97,none,1
TXN02353,hotel,98691,88109,1,0,1,0.85,0.58,0,0.4,quantity_violation,0
TXN02354,shoes,99694,88094,1,1,1,0.96,0.56,4,0.89,none,1
TXN02355,shoes,76355,69784,1,1,1,0.48,0.72,5,0.97,none,1
TXN02356,headphones,20150,13381,1,1,1,0.59,0.76,3,0.56,merchant_violation,0
TXN02357,shoes,76447,51466,1,1,1,0.84,0.71,2,0.82,none,1
TXN02358,headphones,14580,14556,1,1,1,0.83,0.67,0,0.94,none,1
TXN02359,smartphone,63749,40496,1,1,1,0.51,0.91,2,0.84,none,1
TXN02360,groceries,49567,42639,1,1,1,0.39,0.87,0,0.85,none,1
TXN02361,laptop,40553,37476,1,1,0,0.57,0.44,5,0.51,time_violation,0
TXN02362,laptop,4589,2539,1,0,1,0.85,0.52,3,0.37,quantity_violation,0
TXN02363,groceries,47692,34168,1,1,1,0.43,0.75,5,0.94,none,1
TXN02364,books,1303,783,1,1,1,0.86,0.95,4,0.84,none,1
TXN02365,smartphone,35221,24189,1,1,1,0.43,0.82,3,0.88,none,1
TXN02366,smartphone,10499,8140,1,1,1,0.33,0.52,1,0.3,merchant_violation,0
TXN02367,groceries,21653,17725,1,1,1,0.32,0.55,2,0.89,none,1
TXN02368,headphones,35750,27141,1,1,1,0.31,0.54,3,0.94,none,1
TXN02369,groceries,67117,51838,1,1,1,0.76,0.87,4,0.97,none,1
TXN02370,laptop,73373,72786,1,1,1,0.76,0.83,1,0.91,none,1
TXN02371,hotel,50994,49539,1,1,1,0.41,0.88,0,0.93,none,1
TXN02372,books,58429,20163,1,1,1,0.48,1.0,2,0.84,none,1
TXN02373,flight,8660,7767,1,1,1,0.88,0.97,1,0.28,merchant_violation,0
TXN02374,hotel,56328,24042,1,1,1,0.83,0.84,1,0.84,none,1
TXN02375,headphones,69198,50966,1,1,1,0.46,0.48,1,0.87,none,1
TXN02376,smartphone,29249,35750,1,1,1,0.45,0.55,3,0.42,budget_violation,0
TXN02377,smartphone,88861,75382,1,1,1,0.56,0.89,3,0.97,none,1
TXN02378,headphones,63703,34601,1,1,1,0.87,0.55,5,0.81,none,1
TXN02379,hotel,85116,28874,1,1,1,0.96,0.5,1,0.95,none,1
TXN02380,hotel,64915,78715,1,1,1,0.8,0.97,1,0.22,budget_violation,0
TXN02381,hotel,61090,55271,1,1,1,0.86,0.95,0,0.25,merchant_violation,0
TXN02382,headphones,22418,8803,1,1,1,0.34,0.62,3,0.96,none,1
TXN02383,groceries,34940,23847,1,1,1,0.81,0.98,3,0.93,none,1
TXN02384,books,43089,25411,1,1,1,0.74,0.9,1,0.99,none,1
TXN02385,laptop,51635,35067,1,1,1,0.68,0.95,1,0.96,none,1
TXN02386,books,83434,78102,1,1,1,0.34,0.49,4,0.22,merchant_violation,0
TXN02387,flight,51499,34691,1,1,1,0.8,0.95,5,0.95,none,1
TXN02388,shoes,64631,46901,0,1,1,0.84,0.45,1,0.25,category_mismatch,0
TXN02389,smartphone,12265,4703,1,1,1,0.62,0.71,1,0.94,none,1
TXN02390,groceries,98353,75606,1,1,1,0.92,0.94,3,0.97,none,1
TXN02391,books,39187,33644,1,1,1,0.95,0.76,2,0.82,none,1
TXN02392,hotel,92022,66138,1,1,1,0.81,0.94,0,0.9,none,1
TXN02393,headphones,24003,23347,1,1,0,0.82,0.55,4,0.43,time_violation,0
TXN02394,headphones,3813,1915,1,1,1,0.4,0.63,3,0.94,none,1
TXN02395,hotel,78477,44555,1,1,1,0.97,0.95,5,0.95,none,1
TXN02396,shoes,27523,13929,1,1,1,0.61,0.94,0,0.86,none,1
TXN02397,books,67659,63986,1,1,1,0.31,0.68,1,0.8,none,1
TXN02398,flight,81458,68112,1,1,1,0.78,0.44,2,0.84,none,1
TXN02399,books,66121,46194,0,1,1,0.74,0.53,4,0.57,category_mismatch,0
TXN02400,groceries,31562,30319,1,1,0,0.63,0.88,1,0.66,time_violation,0
TXN02401,headphones,3298,3034,1,1,1,0.54,0.45,4,0.83,none,1
TXN02402,flight,76065,31214,1,1,1,0.71,0.47,2,0.98,none,1
TXN02403,groceries,29621,19516,1,1,1,0.83,0.82,3,0.32,merchant_violation,0
TXN02404,shoes,61722,53615,1,1,1,0.75,0.5,4,0.94,none,1
TXN02405,headphones,6602,2331,1,1,1,0.76,0.77,0,0.93,none,1
TXN02406,flight,13726,16708,1,1,1,0.68,0.91,0,0.34,budget_violation,0
TXN02407,shoes,93323,32192,1,1,1,0.75,0.51,1,0.82,none,1
TXN02408,headphones,10996,5577,1,1,1,0.76,0.93,5,0.87,none,1
TXN02409,headphones,58074,39202,1,1,1,0.99,0.58,0,0.82,none,1
TXN02410,smartphone,70578,48655,1,1,1,0.34,0.59,2,0.95,none,1
TXN02411,laptop,6581,2792,1,1,1,0.95,0.95,3,0.89,none,1
TXN02412,books,33053,21965,1,1,1,0.84,0.98,5,0.88,none,1
TXN02413,groceries,99164,81487,1,1,1,0.72,0.83,1,0.86,none,1
TXN02414,headphones,15652,12527,1,1,1,0.61,0.49,0,0.84,none,1
TXN02415,laptop,41060,13624,1,1,1,0.41,0.55,1,0.96,none,1
TXN02416,smartphone,37884,36230,1,1,1,0.94,0.74,5,0.97,none,1
TXN02417,smartphone,62742,38433,1,1,1,0.88,0.64,4,0.92,none,1
TXN02418,hotel,76414,28087,1,1,1,0.41,0.82,0,0.95,none,1
TXN02419,laptop,8472,6024,1,1,0,0.31,0.81,1,0.55,time_violation,0
TXN02420,laptop,1705,746,1,1,1,0.41,0.6,4,0.88,none,1
TXN02421,smartphone,1504,500,1,1,1,0.87,0.56,4,0.98,none,1
TXN02422,laptop,47567,19658,1,1,1,0.59,0.89,1,0.93,none,1
TXN02423,laptop,8817,5940,1,1,1,0.6,0.89,3,0.99,none,1
TXN02424,shoes,24240,24120,1,1,1,0.44,0.92,4,0.98,none,1
TXN02425,shoes,29113,17038,1,1,1,0.82,0.7,5,0.82,none,1
TXN02426,groceries,24204,9036,1,1,1,0.6,0.58,0,0.8,none,1
TXN02427,smartphone,25886,23182,1,1,1,0.44,0.54,4,0.28,merchant_violation,0
TXN02428,shoes,46787,29137,1,1,1,0.72,0.91,4,0.9,none,1
TXN02429,laptop,54223,34572,1,1,1,0.57,0.79,3,0.95,none,1
TXN02430,flight,77284,58838,1,1,1,0.9,0.89,1,0.59,merchant_violation,0
TXN02431,headphones,62222,60328,1,1,1,0.38,0.95,5,0.82,none,1
TXN02432,groceries,76963,57743,1,1,1,0.68,0.58,5,0.9,none,1
TXN02433,laptop,94872,38468,1,1,1,0.57,0.62,3,0.91,none,1
TXN02434,headphones,81168,57006,1,1,1,0.37,0.59,1,0.86,none,1
TXN02435,headphones,46013,33204,1,1,1,0.77,0.78,0,0.95,none,1
TXN02436,hotel,18891,13705,1,1,1,0.61,0.78,1,0.95,none,1
TXN02437,groceries,56450,56332,1,1,1,0.34,0.66,4,0.88,none,1
TXN02438,laptop,74719,54443,1,1,1,0.78,0.7,4,0.38,merchant_violation,0
TXN02439,hotel,54166,32324,1,1,1,0.73,0.7,2,0.26,merchant_violation,0
TXN02440,books,32789,24903,1,1,0,0.74,0.52,5,0.49,time_violation,0
TXN02441,smartphone,50914,39043,1,1,1,0.49,0.59,4,0.28,merchant_violation,0
TXN02442,groceries,2299,964,1,1,1,0.88,0.99,1,0.88,none,1
TXN02443,books,6122,3078,1,1,1,0.72,0.44,4,0.84,none,1
TXN02444,hotel,47998,40276,1,1,1,0.3,0.93,4,0.91,none,1
TXN02445,laptop,44238,33918,1,1,1,0.68,0.54,4,0.95,none,1
TXN02446,hotel,98453,67669,1,1,1,0.59,0.92,0,0.83,none,1
TXN02447,books,49569,16509,1,1,1,0.45,0.81,5,0.88,none,1
TXN02448,groceries,14346,13034,1,1,1,0.72,0.79,0,0.98,none,1
TXN02449,flight,51777,32646,1,1,1,0.7,0.9,4,0.53,merchant_violation,0
TXN02450,hotel,57622,19375,1,1,1,0.83,0.95,0,0.93,none,1
TXN02451,books,22233,16672,1,1,1,0.32,0.47,1,0.89,none,1
TXN02452,smartphone,7239,4716,1,0,1,0.98,0.48,4,0.67,quantity_violation,0
TXN02453,groceries,64432,62972,1,0,1,0.69,0.96,2,0.28,quantity_violation,0
TXN02454,laptop,50522,28212,0,1,1,0.94,0.77,3,0.64,category_mismatch,0
TXN02455,headphones,42343,35470,1,1,1,0.43,0.91,0,0.92,none,1
TXN02456,flight,31921,22976,1,0,1,0.32,0.7,3,0.65,quantity_violation,0
TXN02457,hotel,71934,49359,1,0,1,0.46,0.66,1,0.25,quantity_violation,0
TXN02458,shoes,71041,100652,1,1,1,0.36,0.48,2,0.56,budget_violation,0
TXN02459,shoes,14320,7563,1,1,1,0.82,0.64,5,0.29,merchant_violation,0
TXN02460,smartphone,9911,8378,1,1,1,0.47,0.87,1,0.93,none,1
TXN02461,books,65835,50563,1,0,1,0.68,0.55,2,0.48,quantity_violation,0
TXN02462,flight,73632,31415,1,1,1,0.77,0.5,2,0.83,none,1
TXN02463,flight,14291,14065,1,1,1,0.53,0.62,0,0.89,none,1
TXN02464,laptop,45038,30191,1,1,1,0.75,0.62,4,0.82,none,1
TXN02465,books,60520,38135,1,1,1,0.84,0.78,2,0.95,none,1
TXN02466,hotel,58456,47481,1,1,1,0.9,0.58,3,0.82,none,1
TXN02467,hotel,93055,65115,1,1,1,0.44,0.57,4,0.84,none,1
TXN02468,flight,31325,21113,1,1,1,0.46,0.47,1,0.88,none,1
TXN02469,smartphone,91227,87506,1,1,1,0.99,0.66,0,0.46,merchant_violation,0
TXN02470,headphones,73983,54744,0,1,1,0.63,0.41,4,0.42,category_mismatch,0
TXN02471,flight,90688,50886,0,1,1,0.78,0.65,5,0.31,category_mismatch,0
TXN02472,flight,96543,50685,1,1,1,0.66,0.92,2,0.41,merchant_violation,0
TXN02473,books,25640,19185,1,1,0,0.81,0.67,3,0.67,time_violation,0
TXN02474,groceries,78181,77466,1,1,1,0.46,0.89,1,0.92,none,1
TXN02475,hotel,50292,30225,1,1,1,0.98,0.6,4,0.92,none,1
TXN02476,laptop,91373,132417,1,1,1,0.69,0.69,4,0.21,budget_violation,0
TXN02477,shoes,90621,37572,1,1,1,0.79,0.72,3,0.93,none,1
TXN02478,hotel,38681,26880,1,0,1,0.82,0.71,4,0.35,quantity_violation,0
TXN02479,books,77393,32465,1,1,1,0.94,0.62,3,0.87,none,1
TXN02480,flight,99858,96044,1,1,1,0.82,0.91,0,0.84,none,1
TXN02481,smartphone,58816,36697,1,1,1,0.68,0.8,5,0.97,none,1
TXN02482,smartphone,19043,11307,1,1,1,0.73,0.92,0,0.43,merchant_violation,0
TXN02483,flight,99384,50633,1,1,1,0.98,0.96,0,0.96,none,1
TXN02484,shoes,56765,51752,1,1,1,0.67,0.63,4,0.82,none,1
TXN02485,headphones,96173,116123,1,1,1,0.65,0.85,4,0.26,budget_violation,0
TXN02486,smartphone,76775,70413,1,1,0,0.36,0.97,2,0.49,time_violation,0
TXN02487,laptop,97716,74233,1,1,1,0.91,0.91,4,0.93,none,1
TXN02488,headphones,14810,10425,1,1,1,0.56,0.49,3,0.98,none,1
TXN02489,shoes,29968,16829,1,1,1,0.74,0.79,5,0.9,none,1
TXN02490,laptop,99899,97184,1,1,1,0.31,0.9,2,0.84,none,1
TXN02491,groceries,3618,1393,1,1,1,0.7,0.87,0,0.8,none,1
TXN02492,headphones,76170,39239,1,1,1,0.75,0.59,0,0.85,none,1
TXN02493,groceries,6539,5120,1,1,1,0.53,0.72,0,0.97,none,1
TXN02494,smartphone,6598,11279,1,1,1,0.51,0.83,1,0.4,budget_violation,0
TXN02495,flight,92378,62045,1,1,1,0.44,0.85,1,0.98,none,1
TXN02496,smartphone,29446,19338,1,1,1,0.72,0.74,1,0.87,none,1
TXN02497,laptop,93315,72064,1,0,1,0.98,0.99,3,0.25,quantity_violation,0
TXN02498,hotel,60029,21620,1,1,1,0.53,0.63,3,0.85,none,1
TXN02499,books,75461,67532,1,0,1,0.38,0.63,1,0.4,quantity_violation,0
TXN02500,laptop,87510,83616,1,1,1,0.63,0.51,0,0.63,merchant_violation,0
TXN02501,groceries,86217,26147,1,1,1,0.94,0.58,4,0.82,none,1
TXN02502,hotel,34610,18629,1,1,0,0.93,0.77,5,0.43,time_violation,0
TXN02503,flight,84179,44979,1,1,1,0.91,0.78,2,0.88,none,1
TXN02504,hotel,6616,6446,1,1,1,0.33,0.8,4,0.8,none,1
TXN02505,books,29048,21591,0,1,1,0.45,0.48,4,0.64,category_mismatch,0
TXN02506,hotel,84068,61087,1,0,1,0.67,0.75,4,0.36,quantity_violation,0
TXN02507,shoes,3832,2692,1,1,1,0.33,0.7,2,0.94,none,1
TXN02508,laptop,75667,58134,1,1,1,0.9,0.96,4,0.43,merchant_violation,0
TXN02509,hotel,42930,23415,1,1,1,0.9,0.54,2,0.91,none,1
TXN02510,books,18797,7261,1,1,1,0.49,0.52,5,0.99,none,1
TXN02511,smartphone,14848,13176,1,1,1,0.87,0.87,0,0.84,none,1
TXN02512,shoes,78417,52218,1,1,1,0.35,0.7,4,0.89,none,1
TXN02513,flight,68104,41354,0,1,1,0.5,0.68,0,0.61,category_mismatch,0
TXN02514,smartphone,31480,22776,1,1,1,0.74,0.47,2,0.84,none,1
TXN02515,groceries,4039,2819,0,1,1,0.54,0.87,0,0.66,category_mismatch,0
TXN02516,smartphone,86879,78508,1,1,1,0.46,0.45,0,0.94,none,1
TXN02517,flight,60009,18310,1,1,1,0.83,0.44,0,0.94,none,1
TXN02518,books,91369,72447,1,1,1,0.37,0.53,2,0.87,none,1
TXN02519,shoes,73199,25008,1,1,1,0.64,0.77,0,0.99,none,1
TXN02520,headphones,19900,13547,1,1,1,0.63,0.75,5,0.91,none,1
TXN02521,headphones,98571,47218,1,1,1,0.95,0.64,1,0.84,none,1
TXN02522,smartphone,66012,56467,1,1,1,0.43,0.41,5,0.93,none,1
TXN02523,shoes,23595,8860,1,1,1,0.88,0.43,1,0.86,none,1
TXN02524,groceries,14004,6309,1,1,1,0.63,0.49,3,0.89,none,1
TXN02525,headphones,8351,3390,1,1,1,0.32,0.76,1,0.88,none,1
TXN02526,groceries,95560,64999,1,1,1,0.59,0.73,0,0.2,merchant_violation,0
TXN02527,books,63363,20340,1,1,1,0.37,0.55,2,0.99,none,1
TXN02528,laptop,4407,1989,1,1,1,0.62,0.51,0,0.93,none,1
TXN02529,headphones,22003,16948,0,1,1,0.57,0.42,4,0.44,category_mismatch,0
TXN02530,smartphone,86863,34725,1,1,1,0.38,0.88,2,0.86,none,1
TXN02531,hotel,98449,37244,1,1,1,0.65,0.74,4,0.96,none,1
TXN02532,smartphone,63123,39032,1,1,1,0.51,0.64,1,0.97,none,1
TXN02533,hotel,39421,37507,1,1,1,0.39,0.62,0,0.93,none,1
TXN02534,laptop,19883,8952,1,1,1,0.71,0.85,1,0.99,none,1
TXN02535,laptop,77459,69629,1,1,0,0.63,0.51,4,0.21,time_violation,0
TXN02536,headphones,56137,30717,1,1,1,0.37,0.95,3,0.88,none,1
TXN02537,books,79994,64326,1,1,1,0.32,0.98,1,0.85,none,1
TXN02538,flight,91707,62180,1,1,1,0.38,0.42,0,0.82,none,1
TXN02539,smartphone,42899,28996,1,1,1,0.95,0.45,3,0.91,none,1
TXN02540,groceries,93159,83951,1,1,1,0.92,0.55,4,0.41,merchant_violation,0
TXN02541,groceries,17633,17625,1,1,0,0.94,0.7,2,0.36,time_violation,0
TXN02542,hotel,4097,1890,1,1,1,0.87,0.73,0,1.0,none,1
TXN02543,smartphone,75958,61515,1,0,1,0.7,0.45,2,0.22,quantity_violation,0
TXN02544,groceries,75878,63347,1,1,1,0.95,0.86,1,0.88,none,1
TXN02545,headphones,26871,26488,1,1,1,0.5,0.56,3,0.85,none,1
TXN02546,laptop,67082,52796,0,1,1,0.67,0.59,3,0.29,category_mismatch,0
TXN02547,laptop,23042,13817,0,1,1,0.81,0.81,5,0.27,category_mismatch,0
TXN02548,laptop,48091,14477,1,1,1,0.45,0.53,0,0.8,none,1
TXN02549,groceries,33593,27567,1,1,1,1.0,0.67,4,0.82,none,1
TXN02550,laptop,1440,1008,1,1,1,0.84,1.0,0,0.85,none,1
TXN02551,groceries,1347,1802,1,1,1,0.83,0.78,1,0.27,budget_violation,0
TXN02552,books,27416,22467,1,1,1,0.71,0.72,4,0.95,none,1
TXN02553,laptop,51882,33728,1,0,1,0.99,0.97,4,0.41,quantity_violation,0
TXN02554,hotel,51922,55416,1,1,1,0.72,0.9,4,0.46,budget_violation,0
TXN02555,shoes,33642,31059,1,1,1,0.81,0.55,3,0.82,none,1
TXN02556,smartphone,69601,36390,1,1,1,0.76,0.73,2,0.94,none,1
TXN02557,flight,66699,65460,1,1,1,0.52,0.98,1,0.52,merchant_violation,0
TXN02558,laptop,9967,5250,1,1,1,0.47,0.65,0,0.89,none,1
TXN02559,groceries,76334,36279,1,1,1,0.71,0.82,3,0.89,none,1
TXN02560,headphones,94862,138773,1,1,1,0.49,0.79,0,0.61,budget_violation,0
TXN02561,smartphone,91271,86201,1,1,1,0.76,0.71,4,0.98,none,1
TXN02562,hotel,1147,654,1,1,0,0.67,0.7,0,0.45,time_violation,0
TXN02563,flight,18818,16047,1,1,1,0.55,0.98,3,0.86,none,1
TXN02564,shoes,46146,14405,1,1,1,0.51,0.5,0,1.0,none,1
TXN02565,headphones,73307,27492,1,1,1,0.38,0.65,0,0.93,none,1
TXN02566,flight,46344,23209,1,1,1,0.91,0.64,0,0.81,none,1
TXN02567,headphones,29713,20923,1,1,0,0.34,0.48,1,0.46,time_violation,0
TXN02568,books,12359,7418,0,1,1,0.93,0.74,5,0.41,category_mismatch,0
TXN02569,flight,12740,12399,1,0,1,0.8,0.41,5,0.41,quantity_violation,0
TXN02570,flight,30411,25555,1,1,1,0.81,0.98,2,0.86,none,1
TXN02571,laptop,41037,37987,1,1,1,0.98,0.65,1,0.97,none,1
TXN02572,hotel,51176,16253,1,1,1,0.74,0.6,0,0.87,none,1
TXN02573,shoes,96930,86436,1,1,1,0.48,0.61,3,0.82,none,1
TXN02574,groceries,71091,62448,1,0,1,0.82,0.48,3,0.53,quantity_violation,0
TXN02575,headphones,52673,15941,1,1,1,0.57,0.65,3,0.99,none,1
TXN02576,groceries,21007,10361,1,1,1,0.35,0.96,3,0.98,none,1
TXN02577,groceries,72536,65237,1,1,1,0.49,0.77,3,0.89,none,1
TXN02578,smartphone,87820,134306,1,1,1,0.55,0.42,0,0.6,budget_violation,0
TXN02579,hotel,66614,66307,1,1,1,0.98,0.48,2,0.97,none,1
TXN02580,shoes,41317,38811,1,1,0,0.83,0.73,0,0.28,time_violation,0
TXN02581,flight,84518,40310,1,1,1,0.82,0.61,2,0.85,none,1
TXN02582,headphones,3253,2478,1,1,1,0.49,0.57,0,0.95,none,1
TXN02583,smartphone,88894,57349,1,1,1,0.44,0.73,4,0.83,none,1
TXN02584,shoes,1330,798,1,1,1,0.51,0.6,4,0.96,none,1
TXN02585,headphones,95898,61241,1,1,1,0.86,0.72,3,0.4,merchant_violation,0
TXN02586,laptop,46523,40549,1,1,1,1.0,0.51,1,0.96,none,1
TXN02587,flight,41763,22599,1,0,1,0.81,0.55,0,0.26,quantity_violation,0
TXN02588,groceries,7679,6302,1,1,1,0.67,0.4,1,0.9,none,1
TXN02589,smartphone,94523,86073,1,1,1,0.57,0.99,1,0.83,none,1
TXN02590,shoes,14767,10123,1,1,1,0.71,0.76,0,0.82,none,1
TXN02591,hotel,5251,2346,1,1,1,0.94,0.68,0,0.85,none,1
TXN02592,books,98981,87198,1,1,0,0.69,0.43,5,0.25,time_violation,0
TXN02593,groceries,21393,20493,1,1,1,0.78,0.77,0,0.94,none,1
TXN02594,hotel,13913,6948,1,1,1,0.98,0.68,4,0.87,none,1
TXN02595,flight,2235,791,1,1,1,0.97,0.6,2,0.91,none,1
TXN02596,smartphone,3966,1651,1,1,1,0.67,0.92,3,0.9,none,1
TXN02597,laptop,62823,50218,1,1,0,0.34,0.54,0,0.67,time_violation,0
TXN02598,smartphone,56935,31629,1,1,1,0.73,0.99,1,0.26,merchant_violation,0
TXN02599,shoes,89715,74527,1,1,1,0.74,0.63,3,0.9,none,1
TXN02600,smartphone,71185,65401,1,0,1,0.33,0.93,4,0.63,quantity_violation,0
TXN02601,laptop,24863,16979,1,1,1,0.77,0.83,2,0.96,none,1
TXN02602,books,66601,54990,0,1,1,0.77,0.58,1,0.31,category_mismatch,0
TXN02603,groceries,25408,34123,1,1,1,0.33,1.0,4,0.53,budget_violation,0
TXN02604,groceries,73284,45371,1,1,1,0.58,0.68,3,0.96,none,1
TXN02605,flight,9689,7587,1,1,1,0.47,0.91,2,0.94,none,1
TXN02606,headphones,12723,10370,1,1,1,0.89,0.94,1,0.88,none,1
TXN02607,laptop,63959,28929,1,1,1,0.55,0.99,5,0.9,none,1
TXN02608,hotel,21518,18320,0,1,1,0.79,0.77,1,0.49,category_mismatch,0
TXN02609,hotel,72018,46982,1,1,1,0.45,0.41,0,0.95,none,1
TXN02610,smartphone,3027,1392,1,1,1,0.4,0.62,0,0.88,none,1
TXN02611,flight,94625,54096,1,1,1,0.5,0.83,1,0.85,none,1
TXN02612,flight,31496,11448,1,1,1,0.3,0.41,0,0.98,none,1
TXN02613,hotel,66361,55616,1,1,1,0.41,0.7,4,0.96,none,1
TXN02614,smartphone,42950,29475,1,1,1,0.52,0.86,0,0.83,none,1
TXN02615,smartphone,59856,31763,1,1,1,0.37,0.54,2,0.95,none,1
TXN02616,books,67412,42455,1,0,1,0.56,0.96,0,0.58,quantity_violation,0
TXN02617,books,22073,11244,1,1,0,0.51,0.58,5,0.62,time_violation,0
TXN02618,flight,37724,23532,1,1,1,0.4,0.61,3,0.82,none,1
TXN02619,books,27682,20261,1,1,1,0.55,0.88,5,0.44,merchant_violation,0
TXN02620,shoes,64065,21964,1,1,1,0.37,0.59,1,0.91,none,1
TXN02621,headphones,58973,99098,1,1,1,0.65,0.59,3,0.54,budget_violation,0
TXN02622,groceries,7528,5014,0,1,1,0.84,0.64,4,0.4,category_mismatch,0
TXN02623,headphones,60096,55105,1,1,1,1.0,0.67,3,0.33,merchant_violation,0
TXN02624,laptop,59368,33487,1,1,1,0.44,0.69,0,0.97,none,1
TXN02625,shoes,45336,44585,1,1,1,0.58,0.65,1,0.38,merchant_violation,0
TXN02626,headphones,29559,17790,1,1,1,0.65,0.69,0,0.88,none,1
TXN02627,laptop,35504,33916,1,1,1,1.0,0.75,1,0.84,none,1
TXN02628,flight,49564,23879,1,1,1,0.54,0.42,4,0.99,none,1
TXN02629,headphones,63162,55020,1,1,0,0.97,0.6,3,0.41,time_violation,0
TXN02630,hotel,2157,1676,1,1,1,0.82,0.65,0,0.95,none,1
TXN02631,books,66511,35981,1,1,1,0.41,0.91,4,0.94,none,1
TXN02632,laptop,32619,21818,1,1,1,0.4,0.51,1,0.97,none,1
TXN02633,headphones,60695,25867,1,1,1,0.79,0.51,5,0.83,none,1
TXN02634,smartphone,14948,13231,1,1,1,0.88,0.79,3,0.89,none,1
TXN02635,smartphone,65463,34603,0,1,1,0.51,0.77,4,0.39,category_mismatch,0
TXN02636,hotel,36154,21074,1,1,1,0.69,0.42,1,0.99,none,1
TXN02637,groceries,76836,71322,1,1,1,0.43,0.42,1,0.57,merchant_violation,0
TXN02638,laptop,13537,12499,1,1,1,0.43,0.64,3,0.97,none,1
TXN02639,laptop,56352,51158,1,1,1,0.62,0.93,0,0.98,none,1
TXN02640,smartphone,53436,32700,1,1,1,0.84,0.93,5,0.8,none,1
TXN02641,laptop,39168,17471,1,1,1,0.59,0.68,2,0.98,none,1
TXN02642,groceries,76703,130185,1,1,1,0.61,0.74,3,0.42,budget_violation,0
TXN02643,shoes,73772,72219,0,1,1,0.32,0.64,2,0.33,category_mismatch,0
TXN02644,headphones,46848,34148,1,1,1,0.99,0.6,5,0.92,none,1
TXN02645,shoes,17675,7257,1,1,1,0.83,0.51,0,0.83,none,1
TXN02646,smartphone,51805,65991,1,1,1,0.84,0.89,0,0.26,budget_violation,0
TXN02647,groceries,95178,54878,1,1,1,0.53,0.5,1,0.91,none,1
TXN02648,hotel,47648,33910,1,1,1,0.49,0.85,4,0.87,none,1
TXN02649,books,95737,68684,1,1,1,0.87,0.65,3,0.7,merchant_violation,0
TXN02650,groceries,3844,1941,1,1,1,0.8,0.46,1,0.5,merchant_violation,0
TXN02651,headphones,25401,23696,1,1,1,0.84,0.97,1,0.92,none,1
TXN02652,hotel,34953,32845,1,1,1,0.71,0.5,1,0.87,none,1
TXN02653,shoes,33409,59068,1,1,1,0.47,0.44,1,0.6,budget_violation,0
TXN02654,flight,46095,15744,1,1,1,0.73,0.84,2,0.86,none,1
TXN02655,laptop,30627,21641,1,1,1,0.87,0.89,2,0.94,none,1
TXN02656,shoes,82760,49355,0,1,1,0.41,0.91,3,0.66,category_mismatch,0
TXN02657,groceries,18335,9411,1,1,1,0.7,0.84,5,0.32,merchant_violation,0
TXN02658,headphones,36319,13195,1,1,1,0.92,0.43,2,0.95,none,1
TXN02659,groceries,42032,30608,1,1,1,0.73,0.97,0,0.83,none,1
TXN02660,books,53623,39139,1,1,0,0.71,0.57,0,0.65,time_violation,0
TXN02661,groceries,24888,22570,1,1,1,0.75,0.74,3,0.87,none,1
TXN02662,smartphone,77802,56264,1,1,0,0.79,0.46,2,0.32,time_violation,0
TXN02663,groceries,17791,15984,1,1,1,0.49,0.59,5,0.97,none,1
TXN02664,groceries,34013,31567,1,1,1,0.4,0.42,4,0.89,none,1
TXN02665,books,30958,24659,1,1,1,0.76,0.93,2,0.36,merchant_violation,0
TXN02666,headphones,36452,31078,0,1,1,0.34,0.81,2,0.38,category_mismatch,0
TXN02667,flight,13332,7335,0,1,1,0.75,0.58,5,0.62,category_mismatch,0
TXN02668,books,64584,40216,1,1,1,0.4,0.68,1,0.87,none,1
TXN02669,hotel,18208,25969,1,1,1,0.47,0.89,5,0.6,budget_violation,0
TXN02670,flight,92804,79240,1,1,1,0.71,0.84,0,0.86,none,1
TXN02671,books,65571,53573,1,1,0,0.88,0.52,1,0.64,time_violation,0
TXN02672,headphones,78189,54007,1,1,1,0.55,0.61,4,0.99,none,1
TXN02673,headphones,45602,31010,1,1,1,0.5,0.66,0,0.98,none,1
TXN02674,flight,84432,71688,1,1,1,0.81,0.72,5,0.91,none,1
TXN02675,flight,92681,79299,1,1,1,0.39,0.87,0,0.95,none,1
TXN02676,hotel,53153,40445,1,1,1,0.85,0.62,1,0.97,none,1
TXN02677,flight,97614,82973,1,1,1,0.57,0.73,1,0.84,none,1
TXN02678,flight,2130,1434,1,1,1,0.55,0.88,5,0.88,none,1
TXN02679,hotel,59618,35434,1,1,0,0.83,0.93,5,0.21,time_violation,0
TXN02680,headphones,22302,12123,1,0,1,0.7,0.51,0,0.59,quantity_violation,0
TXN02681,groceries,52697,27396,1,1,0,0.59,0.4,2,0.61,time_violation,0
TXN02682,laptop,77115,33617,1,1,1,0.35,0.9,5,0.81,none,1
TXN02683,shoes,81546,120785,1,1,1,0.47,0.86,4,0.51,budget_violation,0
TXN02684,headphones,22013,12037,1,1,0,0.96,0.53,0,0.55,time_violation,0
TXN02685,groceries,3787,1516,1,1,1,0.64,0.42,3,0.86,none,1
TXN02686,smartphone,90795,80050,1,1,1,0.34,0.99,1,0.88,none,1
TXN02687,shoes,93892,89908,1,1,1,0.31,0.74,1,0.89,none,1
TXN02688,shoes,36569,22354,1,1,1,0.6,0.49,1,0.93,none,1
TXN02689,shoes,26982,10260,1,1,1,0.75,0.88,2,0.86,none,1
TXN02690,smartphone,58052,49791,0,1,1,0.57,0.57,2,0.26,category_mismatch,0
TXN02691,shoes,61262,50801,1,1,0,0.57,0.62,3,0.65,time_violation,0
TXN02692,laptop,56311,25109,1,1,1,0.48,0.58,4,0.99,none,1
TXN02693,hotel,57173,36097,1,1,1,0.9,0.46,4,0.89,none,1
TXN02694,smartphone,65803,45749,1,1,1,0.42,0.82,0,0.98,none,1
TXN02695,hotel,74447,47147,1,0,1,0.49,0.86,1,0.31,quantity_violation,0
TXN02696,flight,57151,48995,1,1,1,0.65,0.63,2,0.89,none,1
TXN02697,laptop,22693,11468,1,1,1,0.68,0.85,3,0.97,none,1
TXN02698,headphones,55790,18356,1,1,1,0.78,0.5,4,0.89,none,1
TXN02699,hotel,9286,9151,1,1,1,0.3,0.6,4,0.97,none,1
TXN02700,flight,64138,31269,1,1,1,0.36,0.84,1,0.86,none,1
TXN02701,laptop,5260,2389,1,1,1,0.67,0.56,3,0.81,none,1
TXN02702,books,85874,70066,1,1,1,0.51,0.67,4,0.85,none,1
TXN02703,shoes,60904,32959,1,1,0,0.83,0.91,2,0.64,time_violation,0
TXN02704,hotel,55276,21666,1,1,1,0.91,0.85,3,0.91,none,1
TXN02705,smartphone,49200,45145,1,1,1,0.36,0.62,4,0.95,none,1
TXN02706,laptop,8839,8505,1,1,0,0.42,0.91,0,0.59,time_violation,0
TXN02707,hotel,44846,36993,1,1,0,0.89,0.63,2,0.69,time_violation,0
TXN02708,flight,54988,32986,1,1,1,0.54,0.42,5,0.85,none,1
TXN02709,hotel,56680,26750,1,1,1,0.32,0.69,3,0.93,none,1
TXN02710,laptop,54025,46138,1,1,1,0.93,0.73,1,0.84,none,1
TXN02711,headphones,56132,50537,1,1,1,0.94,0.79,0,0.92,none,1
TXN02712,books,67595,40667,1,1,1,0.45,0.86,5,0.92,none,1
TXN02713,laptop,51752,22960,1,1,1,0.59,0.58,1,0.94,none,1
TXN02714,books,53403,48031,1,0,1,0.75,0.91,5,0.52,quantity_violation,0
TXN02715,headphones,19218,15107,1,1,1,0.34,0.79,4,0.88,none,1
TXN02716,smartphone,72442,56356,1,1,1,0.61,0.64,1,0.84,none,1
TXN02717,laptop,10139,4197,1,1,1,0.95,0.81,0,0.89,none,1
TXN02718,headphones,67711,24109,1,1,1,1.0,0.89,1,0.9,none,1
TXN02719,headphones,55877,54538,1,1,1,0.84,0.86,1,0.89,none,1
TXN02720,books,97670,29716,1,1,1,0.6,0.9,4,0.85,none,1
TXN02721,groceries,77980,93941,1,1,1,0.79,0.72,5,0.32,budget_violation,0
TXN02722,smartphone,89417,86765,1,1,1,0.51,0.99,4,0.94,none,1
TXN02723,smartphone,37998,26443,1,1,1,0.98,0.67,3,0.92,none,1
TXN02724,smartphone,81862,55422,1,1,1,0.43,0.62,4,0.91,none,1
TXN02725,hotel,31408,20692,1,1,1,0.84,0.8,1,0.96,none,1
TXN02726,headphones,91929,75222,1,1,1,0.63,0.72,3,0.89,none,1
TXN02727,laptop,51641,49972,1,1,1,0.49,0.53,0,0.87,none,1
TXN02728,laptop,14494,12981,1,1,1,0.92,0.75,5,0.93,none,1
TXN02729,smartphone,44066,39102,1,1,0,0.38,0.43,4,0.69,time_violation,0
TXN02730,groceries,83681,78653,1,1,0,0.44,0.71,4,0.22,time_violation,0
TXN02731,smartphone,60540,46273,0,1,1,0.72,0.65,1,0.53,category_mismatch,0
TXN02732,hotel,40209,21245,1,1,1,0.96,0.8,0,0.89,none,1
TXN02733,flight,75048,61214,1,1,0,0.36,0.65,0,0.41,time_violation,0
TXN02734,smartphone,95271,88224,1,1,1,0.9,0.5,3,0.88,none,1
TXN02735,headphones,3038,2039,1,1,1,0.89,0.54,0,0.89,none,1
TXN02736,headphones,56217,35996,1,0,1,0.45,0.88,3,0.52,quantity_violation,0
TXN02737,headphones,85138,71535,1,1,1,0.91,0.94,0,0.29,merchant_violation,0
TXN02738,hotel,87759,35088,1,1,1,0.41,0.93,1,0.88,none,1
TXN02739,laptop,77751,76072,0,1,1,0.62,0.55,1,0.48,category_mismatch,0
TXN02740,hotel,75694,66311,1,1,1,0.95,0.44,4,0.88,none,1
TXN02741,books,1100,683,1,0,1,0.52,0.91,5,0.35,quantity_violation,0
TXN02742,flight,47512,29833,1,1,0,0.83,0.82,3,0.59,time_violation,0
TXN02743,hotel,90085,84396,0,1,1,0.88,0.56,4,0.47,category_mismatch,0
TXN02744,smartphone,47173,32972,1,1,1,1.0,0.55,2,0.86,none,1
TXN02745,groceries,54885,53807,0,1,1,0.46,0.42,3,0.6,category_mismatch,0
TXN02746,groceries,38185,14912,1,1,1,0.71,0.74,3,0.99,none,1
TXN02747,headphones,18680,18043,1,1,1,0.43,0.71,1,0.83,none,1
TXN02748,groceries,74882,23045,1,1,1,0.59,0.44,3,0.99,none,1
TXN02749,groceries,24189,16653,1,0,1,0.99,0.95,4,0.53,quantity_violation,0
TXN02750,headphones,78068,56383,1,1,1,0.97,0.73,1,0.86,none,1
TXN02751,books,53404,33366,1,1,1,0.65,0.77,2,0.98,none,1
TXN02752,groceries,2619,1238,1,1,1,0.67,0.43,2,0.98,none,1
TXN02753,shoes,13536,9775,1,1,1,0.82,0.99,4,0.82,none,1
TXN02754,headphones,53750,92589,1,1,1,0.5,0.43,5,0.55,budget_violation,0
TXN02755,groceries,20240,16334,1,1,1,0.96,0.97,2,0.95,none,1
TXN02756,shoes,5424,4402,1,1,1,0.69,0.53,0,0.8,none,1
TXN02757,books,43126,31699,1,1,1,0.32,0.77,3,0.52,merchant_violation,0
TXN02758,groceries,39944,25900,0,1,1,0.31,0.77,5,0.52,category_mismatch,0
TXN02759,laptop,68972,63166,1,0,1,0.32,0.96,3,0.41,quantity_violation,0
TXN02760,smartphone,82577,57068,1,1,1,0.73,0.48,4,0.99,none,1
TXN02761,laptop,86070,48114,1,1,1,0.67,0.93,0,0.89,none,1
TXN02762,flight,33244,10037,1,1,1,0.73,0.65,4,0.89,none,1
TXN02763,flight,63952,59141,1,0,1,0.3,0.55,2,0.45,quantity_violation,0
TXN02764,smartphone,94168,92490,0,1,1,0.76,0.69,4,0.36,category_mismatch,0
TXN02765,groceries,13705,10211,1,1,0,0.44,0.5,3,0.7,time_violation,0
TXN02766,flight,9140,14790,1,1,1,0.83,0.51,0,0.27,budget_violation,0
TXN02767,flight,82528,58485,1,1,1,0.81,0.75,4,0.9,none,1
TXN02768,shoes,61243,53029,1,0,1,0.87,0.91,2,0.34,quantity_violation,0
TXN02769,books,38566,11572,1,1,1,0.49,0.66,3,0.95,none,1
TXN02770,groceries,17865,9301,1,1,1,0.35,0.98,0,0.94,none,1
TXN02771,books,55203,46600,1,1,1,0.73,0.87,5,0.81,none,1
TXN02772,flight,12773,5967,1,1,1,0.76,0.92,4,0.87,none,1
TXN02773,hotel,47094,46157,1,1,1,0.33,0.89,4,0.96,none,1
TXN02774,laptop,46129,37797,1,1,1,0.81,0.88,2,0.98,none,1
TXN02775,books,35153,24473,1,1,1,0.56,0.76,0,0.66,merchant_violation,0
TXN02776,laptop,85752,54105,1,1,1,0.34,0.41,1,0.98,none,1
TXN02777,laptop,94955,87828,1,1,1,0.38,0.57,0,1.0,none,1
TXN02778,shoes,80194,64018,1,1,1,0.4,0.45,4,0.8,none,1
TXN02779,shoes,78144,65505,1,1,1,0.84,0.84,0,0.85,none,1
TXN02780,flight,72301,56332,1,1,1,0.5,0.98,5,0.8,none,1
TXN02781,books,71015,28838,1,1,1,0.53,0.76,2,0.82,none,1
TXN02782,groceries,38025,30287,1,1,1,0.44,0.52,1,0.87,none,1
TXN02783,groceries,18321,14701,0,1,1,0.63,0.56,0,0.45,category_mismatch,0
TXN02784,laptop,57623,37680,1,1,1,0.98,0.74,0,0.92,none,1
TXN02785,laptop,90063,64812,1,1,1,0.73,0.72,5,0.96,none,1
TXN02786,hotel,30144,25332,0,1,1,0.94,0.89,3,0.25,category_mismatch,0
TXN02787,flight,71400,55723,1,0,1,0.54,0.88,1,0.29,quantity_violation,0
TXN02788,smartphone,15606,9087,1,1,1,0.51,0.67,5,0.93,none,1
TXN02789,headphones,20233,16192,0,1,1,0.63,0.4,3,0.68,category_mismatch,0
TXN02790,flight,94214,81325,1,1,0,0.97,0.43,4,0.54,time_violation,0
TXN02791,headphones,84961,30241,1,1,1,0.83,0.57,5,0.81,none,1
TXN02792,flight,96577,68628,1,0,1,0.85,0.88,3,0.27,quantity_violation,0
TXN02793,groceries,24567,16901,1,1,1,0.3,0.54,0,0.27,merchant_violation,0
TXN02794,groceries,10656,5443,1,1,1,0.39,0.69,4,0.98,none,1
TXN02795,laptop,29322,19406,1,1,1,0.33,0.96,0,0.88,none,1
TXN02796,laptop,52934,31960,1,1,1,0.31,0.43,5,0.91,none,1
TXN02797,smartphone,85800,41714,1,1,1,0.31,0.73,0,0.8,none,1
TXN02798,shoes,77892,139530,1,1,1,0.34,0.84,5,0.21,budget_violation,0
TXN02799,flight,18728,12538,1,0,1,0.78,0.86,3,0.58,quantity_violation,0
TXN02800,books,92241,42604,1,1,1,0.38,0.79,1,0.99,none,1
TXN02801,laptop,7493,5045,1,1,1,0.33,0.92,3,0.87,none,1
TXN02802,books,39702,19074,1,1,1,0.49,0.78,1,0.81,none,1
TXN02803,hotel,98932,71575,1,1,1,0.79,0.96,1,0.9,none,1
TXN02804,smartphone,74064,41504,1,1,1,0.68,0.63,5,0.38,merchant_violation,0
TXN02805,shoes,38144,34012,1,1,1,0.83,0.64,3,0.83,none,1
TXN02806,headphones,79265,44364,1,1,1,0.39,0.77,0,0.86,none,1
TXN02807,groceries,50792,28000,1,1,0,0.59,0.48,4,0.41,time_violation,0
TXN02808,books,2374,2086,0,1,1,0.93,0.64,1,0.3,category_mismatch,0
TXN02809,smartphone,48968,15621,1,1,1,0.56,0.52,0,0.81,none,1
TXN02810,shoes,90049,86968,1,1,1,0.6,0.89,2,0.88,none,1
TXN02811,flight,70017,24035,1,1,1,0.39,0.55,0,0.84,none,1
TXN02812,flight,41316,20068,1,1,1,0.8,0.98,5,0.95,none,1
TXN02813,shoes,13723,7189,1,1,1,0.96,0.95,4,0.81,none,1
TXN02814,books,17136,13961,1,1,1,0.83,0.96,5,0.92,none,1
TXN02815,groceries,57980,55412,1,1,1,0.89,0.64,1,0.89,none,1
TXN02816,groceries,17129,7474,1,1,1,0.53,0.76,2,0.93,none,1
TXN02817,books,52902,16126,1,1,1,0.78,0.43,1,0.99,none,1
TXN02818,books,63134,22860,1,1,1,0.49,0.91,5,0.82,none,1
TXN02819,headphones,22488,16106,1,0,1,0.47,0.51,1,0.55,quantity_violation,0
TXN02820,books,28879,11357,1,1,1,0.7,0.92,2,0.85,none,1
TXN02821,headphones,74488,39144,1,1,1,0.83,0.89,3,0.88,none,1
TXN02822,headphones,34854,33432,1,1,0,0.74,0.83,1,0.56,time_violation,0
TXN02823,flight,86420,53506,0,1,1,0.43,0.75,2,0.54,category_mismatch,0
TXN02824,laptop,9553,4129,1,1,1,0.83,0.51,2,0.86,none,1
TXN02825,shoes,39918,13948,1,1,1,0.71,0.49,4,0.8,none,1
TXN02826,books,44437,40144,1,1,1,0.53,0.56,2,0.83,none,1
TXN02827,groceries,8546,5211,1,1,1,0.61,0.81,4,0.81,none,1
TXN02828,shoes,17294,15466,1,1,0,0.99,0.53,1,0.29,time_violation,0
TXN02829,groceries,82974,33636,1,1,1,0.39,0.67,3,0.84,none,1
TXN02830,smartphone,55285,36176,1,1,1,0.97,0.97,3,0.99,none,1
TXN02831,books,4706,2870,1,1,1,0.45,0.62,1,0.88,none,1
TXN02832,laptop,44916,18803,1,1,1,0.65,0.58,5,0.86,none,1
TXN02833,laptop,84927,67571,1,1,1,0.81,0.48,3,0.85,none,1
TXN02834,groceries,63028,35092,1,1,1,0.42,0.67,1,0.87,none,1
TXN02835,laptop,57321,17749,1,1,1,0.33,0.82,1,0.96,none,1
TXN02836,flight,84138,72922,1,1,1,0.58,0.97,2,0.99,none,1
TXN02837,smartphone,38057,18537,1,1,1,0.72,0.79,1,0.82,none,1
TXN02838,shoes,77949,54526,1,1,1,0.64,0.74,4,0.94,none,1
TXN02839,smartphone,34775,27619,1,1,1,0.6,0.75,4,0.98,none,1
TXN02840,flight,2862,2055,1,1,1,0.86,0.52,3,0.96,none,1
TXN02841,groceries,39875,34796,0,1,1,0.98,0.55,3,0.25,category_mismatch,0
TXN02842,smartphone,21571,15315,1,1,1,0.95,0.72,5,0.81,none,1
TXN02843,smartphone,44194,30656,1,1,1,0.54,0.55,0,0.94,none,1
TXN02844,headphones,90791,74350,1,1,1,0.99,0.93,1,0.98,none,1
TXN02845,hotel,66235,58200,1,1,1,0.95,0.5,3,0.94,none,1
TXN02846,books,9416,7928,1,1,1,0.67,0.95,1,0.84,none,1
TXN02847,books,8577,5855,1,1,1,0.89,0.44,4,0.81,none,1
TXN02848,smartphone,96851,76296,1,0,1,0.56,0.58,5,0.69,quantity_violation,0
TXN02849,hotel,52303,39627,1,0,1,0.78,0.77,4,0.59,quantity_violation,0
TXN02850,groceries,26270,17840,1,1,1,0.98,0.91,3,0.83,none,1
TXN02851,groceries,16640,8813,1,1,1,0.92,0.65,3,0.4,merchant_violation,0
TXN02852,laptop,13970,7675,1,1,1,0.52,0.67,4,0.88,none,1
TXN02853,hotel,44325,42053,1,1,1,0.96,0.59,2,0.98,none,1
TXN02854,flight,14090,5924,1,1,1,0.63,0.56,0,0.81,none,1
TXN02855,books,45247,39206,1,1,1,0.87,0.91,2,0.94,none,1
TXN02856,flight,10344,5658,1,1,1,0.53,0.49,2,0.97,none,1
TXN02857,hotel,10006,7125,1,1,1,0.63,0.58,1,0.96,none,1
TXN02858,shoes,27422,25735,1,1,1,1.0,0.41,1,0.97,none,1
TXN02859,books,6491,4003,1,1,1,0.97,0.64,0,0.98,none,1
TXN02860,hotel,36098,27302,0,1,1,0.59,0.5,5,0.37,category_mismatch,0
TXN02861,laptop,71851,48447,1,1,1,0.32,0.77,2,0.95,none,1
TXN02862,shoes,36273,11189,1,1,1,0.84,0.78,4,0.9,none,1
TXN02863,books,76478,30166,1,1,1,0.49,0.99,4,0.85,none,1
TXN02864,shoes,48523,23737,1,1,1,0.31,0.59,0,0.89,none,1
TXN02865,flight,99764,82430,1,1,1,0.64,0.99,0,0.91,none,1
TXN02866,books,84914,38715,1,1,1,0.48,0.41,2,0.92,none,1
TXN02867,laptop,19396,11686,1,1,1,0.42,0.77,2,0.83,none,1
TXN02868,laptop,31574,17291,1,1,1,0.67,0.98,1,0.87,none,1
TXN02869,hotel,81022,25302,1,1,1,0.43,0.59,0,0.85,none,1
TXN02870,books,88161,44079,1,1,1,0.61,0.62,2,0.99,none,1
TXN02871,smartphone,87023,57386,1,1,1,0.6,0.56,5,0.9,none,1
TXN02872,headphones,27406,24043,1,1,1,0.39,0.76,5,0.46,merchant_violation,0
TXN02873,groceries,92269,88236,1,1,1,0.37,0.65,1,0.93,none,1
TXN02874,shoes,23061,13849,1,1,1,0.82,0.62,4,0.88,none,1
TXN02875,hotel,22724,20157,1,1,1,0.5,0.71,0,0.97,none,1
TXN02876,books,26227,14916,1,1,1,0.43,0.75,5,0.99,none,1
TXN02877,smartphone,49697,47791,1,1,1,0.86,0.45,4,0.45,merchant_violation,0
TXN02878,hotel,20225,17723,1,1,1,0.88,0.74,3,0.92,none,1
TXN02879,laptop,56103,26082,1,1,1,0.62,0.49,5,0.89,none,1
TXN02880,books,82877,58468,1,1,1,0.99,0.93,1,0.89,none,1
TXN02881,laptop,5707,4894,1,1,1,0.98,0.59,2,0.97,none,1
TXN02882,books,8291,5692,1,1,1,0.87,0.99,4,0.86,none,1
TXN02883,hotel,10253,6270,1,1,1,0.65,0.59,4,0.9,none,1
TXN02884,laptop,60301,37624,1,1,1,0.35,0.75,2,0.9,none,1
TXN02885,laptop,74115,41409,1,1,1,0.99,0.86,5,0.88,none,1
TXN02886,groceries,73080,56655,1,0,1,0.61,0.52,0,0.63,quantity_violation,0
TXN02887,laptop,90816,32284,1,1,1,0.47,0.64,0,0.84,none,1
TXN02888,laptop,83842,68478,1,1,1,0.68,0.88,0,0.83,none,1
TXN02889,groceries,86939,32063,1,1,1,0.84,0.89,0,0.93,none,1
TXN02890,books,1923,1099,1,1,1,0.83,0.98,0,0.97,none,1
TXN02891,laptop,60596,27487,1,1,1,0.85,0.75,1,0.88,none,1
TXN02892,shoes,30347,25229,1,1,1,0.89,0.8,4,0.65,merchant_violation,0
TXN02893,laptop,32799,10855,1,1,1,0.64,0.68,4,0.88,none,1
TXN02894,shoes,26035,20394,1,1,1,0.31,0.69,1,0.95,none,1
TXN02895,headphones,87271,39500,1,1,1,0.53,0.6,0,0.94,none,1
TXN02896,flight,58668,18944,1,1,1,0.39,0.46,3,0.92,none,1
TXN02897,shoes,68708,43403,1,0,1,0.52,0.99,4,0.3,quantity_violation,0
TXN02898,smartphone,41811,40786,1,1,0,0.76,0.82,1,0.67,time_violation,0
TXN02899,flight,7451,7415,1,1,1,0.38,0.78,3,0.61,merchant_violation,0
TXN02900,smartphone,98472,92482,1,1,0,0.62,0.67,0,0.64,time_violation,0
TXN02901,headphones,31424,16082,1,1,1,0.84,0.56,3,0.9,none,1
TXN02902,hotel,55003,38620,1,1,1,0.51,0.95,1,0.96,none,1
TXN02903,groceries,96109,92999,1,1,1,0.87,0.44,1,0.99,none,1
TXN02904,flight,63883,48104,1,1,0,0.45,0.47,4,0.67,time_violation,0
TXN02905,flight,60376,24881,1,1,1,0.94,0.8,5,0.89,none,1
TXN02906,smartphone,67721,46842,1,1,1,0.82,0.83,1,0.91,none,1
TXN02907,smartphone,44440,42006,1,1,1,0.76,0.79,1,0.85,none,1
TXN02908,hotel,12858,12791,1,1,1,0.56,0.73,5,0.95,none,1
TXN02909,shoes,77425,44313,1,1,1,0.96,0.95,2,0.86,none,1
TXN02910,groceries,62727,35888,1,1,1,0.81,0.61,5,0.91,none,1
TXN02911,hotel,86236,54662,1,1,0,0.95,0.96,0,0.41,time_violation,0
TXN02912,books,1385,1334,1,1,1,0.93,0.45,5,0.82,none,1
TXN02913,smartphone,85610,42862,1,1,1,1.0,0.54,2,0.97,none,1
TXN02914,books,51672,17620,1,1,1,0.71,0.89,1,0.94,none,1
TXN02915,books,38722,30812,0,1,1,0.8,0.48,3,0.34,category_mismatch,0
TXN02916,shoes,27382,8764,1,1,1,0.41,0.98,5,0.87,none,1
TXN02917,laptop,76384,54202,1,1,1,0.79,0.51,4,0.98,none,1
TXN02918,groceries,50428,19474,1,1,1,0.82,0.99,3,0.89,none,1
TXN02919,smartphone,1196,1044,1,0,1,0.94,0.57,0,0.27,quantity_violation,0
TXN02920,headphones,18516,18241,1,1,1,0.49,0.75,0,0.81,none,1
TXN02921,shoes,96053,57282,1,1,1,0.45,0.65,2,0.92,none,1
TXN02922,laptop,13292,8196,1,1,1,0.35,0.49,2,0.86,none,1
TXN02923,groceries,16767,25361,1,1,1,0.45,0.87,2,0.23,budget_violation,0
TXN02924,hotel,52832,31910,1,1,1,0.52,0.92,3,0.96,none,1
TXN02925,smartphone,73035,46941,1,1,1,0.39,0.53,4,0.92,none,1
TXN02926,flight,97346,55192,1,1,1,0.73,0.6,4,0.95,none,1
TXN02927,headphones,64696,36419,1,1,1,0.92,0.89,2,0.92,none,1
TXN02928,laptop,29355,28712,1,1,1,0.94,0.73,0,0.99,none,1
TXN02929,flight,45993,42123,0,1,1,0.85,0.56,2,0.66,category_mismatch,0
TXN02930,hotel,73001,29089,1,1,1,0.67,0.72,4,0.8,none,1
TXN02931,books,99963,53285,0,1,1,0.95,0.57,5,0.57,category_mismatch,0
TXN02932,smartphone,49993,25230,1,1,1,0.88,0.49,0,0.82,none,1
TXN02933,books,69941,49850,1,1,1,0.52,0.44,5,0.8,none,1
TXN02934,laptop,77436,36449,1,1,1,0.65,0.66,0,0.9,none,1
TXN02935,laptop,92536,51985,1,1,1,0.34,0.46,5,0.91,none,1
TXN02936,shoes,12242,8662,1,1,1,0.53,0.96,2,0.85,none,1
TXN02937,books,71105,52753,1,1,1,0.96,0.41,4,0.82,none,1
TXN02938,books,13755,11216,1,1,0,0.52,0.58,2,0.58,time_violation,0
TXN02939,laptop,54286,41050,1,1,1,0.3,0.92,4,0.93,none,1
TXN02940,shoes,95566,56345,1,0,1,0.82,0.41,0,0.23,quantity_violation,0
TXN02941,shoes,8108,5804,1,1,1,0.53,0.79,2,0.65,merchant_violation,0
TXN02942,laptop,89510,78917,1,1,1,0.42,0.84,0,0.86,none,1
TXN02943,headphones,4579,2913,1,1,1,0.37,0.45,2,0.95,none,1
TXN02944,headphones,3502,2494,1,1,0,0.47,0.91,4,0.27,time_violation,0
TXN02945,headphones,18908,33909,1,1,1,0.46,0.99,1,0.29,budget_violation,0
TXN02946,headphones,7185,2858,1,1,1,0.32,0.98,5,0.92,none,1
TXN02947,laptop,10899,6844,0,1,1,0.51,0.53,0,0.3,category_mismatch,0
TXN02948,headphones,48660,47573,1,1,0,0.38,0.53,1,0.57,time_violation,0
TXN02949,hotel,44979,26456,1,1,1,0.5,0.48,2,0.84,none,1
TXN02950,groceries,40112,20399,1,1,1,0.61,0.88,1,0.85,none,1
TXN02951,groceries,57282,49990,0,1,1,0.81,0.75,2,0.32,category_mismatch,0
TXN02952,books,84447,62285,1,1,1,0.91,0.55,5,0.91,none,1
TXN02953,flight,24245,21366,1,1,1,0.55,0.9,0,0.87,none,1
TXN02954,headphones,51285,29899,1,1,1,0.87,0.74,0,0.85,none,1
TXN02955,groceries,21670,10236,1,1,1,0.75,0.44,3,0.88,none,1
TXN02956,smartphone,35943,35757,1,1,1,0.45,0.64,4,0.94,none,1
TXN02957,headphones,38819,32771,1,1,1,0.96,0.95,3,0.89,none,1
TXN02958,flight,88414,69015,0,1,1,0.79,0.82,3,0.26,category_mismatch,0
TXN02959,flight,99033,59545,1,0,1,0.94,0.85,3,0.45,quantity_violation,0
TXN02960,headphones,40034,21654,1,1,0,0.75,0.92,5,0.67,time_violation,0
TXN02961,shoes,98641,93891,1,1,1,0.53,0.53,5,0.86,none,1
TXN02962,flight,66563,31447,1,1,1,0.7,0.65,0,0.88,none,1
TXN02963,headphones,39801,28384,1,1,1,0.47,0.77,4,0.96,none,1
TXN02964,smartphone,55431,46390,0,1,1,0.65,0.46,4,0.53,category_mismatch,0
TXN02965,books,12584,17904,1,1,1,0.45,0.48,0,0.44,budget_violation,0
TXN02966,headphones,1533,753,1,1,1,0.73,0.89,4,0.98,none,1
TXN02967,laptop,73867,42149,1,1,1,0.49,0.52,1,1.0,none,1
TXN02968,hotel,53197,38009,1,1,1,0.51,0.86,3,0.84,none,1
TXN02969,hotel,19894,19775,1,1,1,0.74,0.63,5,0.86,none,1
TXN02970,groceries,27884,12098,1,1,1,0.38,0.48,4,0.97,none,1
TXN02971,hotel,2487,1569,1,1,1,0.89,0.45,5,0.25,merchant_violation,0
TXN02972,groceries,93080,74745,1,1,1,0.7,0.45,3,0.89,none,1
TXN02973,laptop,54961,37675,1,1,1,0.45,0.53,0,0.81,none,1
TXN02974,groceries,15081,7748,1,1,1,0.58,0.83,4,0.5,merchant_violation,0
TXN02975,laptop,99874,61503,0,1,1,0.98,0.53,5,0.41,category_mismatch,0
TXN02976,books,87086,84464,1,1,1,0.49,0.88,2,0.81,none,1
TXN02977,hotel,12614,12216,1,1,1,0.91,0.7,1,0.81,none,1
TXN02978,hotel,72356,36555,1,1,0,0.5,0.79,4,0.53,time_violation,0
TXN02979,smartphone,4265,3531,1,0,1,0.95,0.94,0,0.28,quantity_violation,0
TXN02980,groceries,55656,32444,1,1,1,0.68,0.42,0,0.98,none,1
TXN02981,laptop,33302,58813,1,1,1,0.84,0.55,5,0.67,budget_violation,0
TXN02982,hotel,73550,73418,0,1,1,0.45,0.52,3,0.23,category_mismatch,0
TXN02983,books,75117,27591,1,1,1,0.89,0.96,0,0.84,none,1
TXN02984,groceries,8701,4780,1,1,0,0.79,0.45,3,0.26,time_violation,0
TXN02985,headphones,93461,90013,1,0,1,0.87,1.0,2,0.65,quantity_violation,0
TXN02986,laptop,22177,14737,1,1,1,0.86,0.45,0,0.82,none,1
TXN02987,books,83837,80007,0,1,1,0.95,0.45,4,0.31,category_mismatch,0
TXN02988,groceries,63447,35400,1,1,1,0.57,0.92,1,0.92,none,1
TXN02989,shoes,73628,26195,1,1,1,0.94,0.7,4,0.99,none,1
TXN02990,groceries,17005,16990,1,1,1,0.42,0.78,0,0.87,none,1
TXN02991,laptop,10979,3926,1,1,1,0.53,0.6,3,0.92,none,1
TXN02992,groceries,87755,118898,1,1,1,0.48,0.61,1,0.7,budget_violation,0
TXN02993,headphones,86981,45084,1,1,1,0.35,0.48,2,0.86,none,1
TXN02994,smartphone,93744,63742,1,1,1,0.79,0.57,4,0.98,none,1
TXN02995,flight,56826,28278,1,1,1,0.7,0.97,1,1.0,none,1
TXN02996,laptop,49397,35385,1,0,1,0.54,0.8,3,0.3,quantity_violation,0
TXN02997,flight,67173,62193,0,1,1,0.43,0.78,0,0.43,category_mismatch,0
TXN02998,groceries,53980,37923,1,0,1,0.32,0.63,0,0.44,quantity_violation,0
TXN02999,laptop,11879,6600,1,0,1,0.46,0.99,3,0.45,quantity_violation,0
TXN03000,groceries,24597,17772,1,1,1,0.87,0.93,0,0.68,merchant_violation,0
TXN03001,groceries,54631,18645,1,1,1,0.49,0.98,0,0.9,none,1
TXN03002,headphones,2010,840,1,1,1,0.65,0.47,2,0.97,none,1
TXN03003,headphones,19350,11107,1,1,1,0.42,0.49,0,0.47,merchant_violation,0
TXN03004,books,43826,29284,1,1,1,0.55,0.76,4,0.86,none,1
TXN03005,laptop,36772,23313,1,1,1,0.72,0.47,2,0.64,merchant_violation,0
TXN03006,smartphone,93344,62868,0,1,1,0.32,0.91,2,0.3,category_mismatch,0
TXN03007,books,20086,15988,1,1,1,0.95,0.4,3,0.34,merchant_violation,0
TXN03008,flight,65143,21409,1,1,1,0.83,0.71,0,0.83,none,1
TXN03009,laptop,10540,5809,1,0,1,0.5,0.92,2,0.32,quantity_violation,0
TXN03010,smartphone,81381,67655,1,1,1,0.85,0.71,0,0.99,none,1
TXN03011,hotel,38737,22738,1,1,1,0.62,0.84,5,0.83,none,1
TXN03012,laptop,23975,20068,1,1,1,0.95,0.53,3,0.31,merchant_violation,0
TXN03013,flight,66237,45801,1,1,1,0.8,0.41,1,0.89,none,1
TXN03014,smartphone,88508,80715,0,1,1,0.73,0.94,3,0.33,category_mismatch,0
TXN03015,shoes,95436,67091,1,1,1,0.52,0.6,2,0.99,none,1
TXN03016,books,49769,25593,1,1,1,0.84,0.73,2,0.84,none,1
TXN03017,laptop,55932,33612,1,1,1,0.75,0.81,2,0.98,none,1
TXN03018,groceries,2936,2376,1,1,1,0.57,0.65,1,0.85,none,1
TXN03019,hotel,49661,16401,1,1,1,0.58,0.49,3,0.82,none,1
TXN03020,shoes,55821,19446,1,1,1,0.71,0.73,1,0.87,none,1
TXN03021,laptop,68112,58674,1,1,0,0.73,0.5,4,0.62,time_violation,0
TXN03022,hotel,36304,30557,1,1,1,0.65,0.95,2,0.96,none,1
TXN03023,laptop,70665,43826,0,1,1,0.4,0.55,1,0.35,category_mismatch,0
TXN03024,laptop,5182,4429,1,1,0,0.52,0.83,2,0.32,time_violation,0
TXN03025,groceries,79689,53313,1,1,1,0.62,0.91,4,0.66,merchant_violation,0
TXN03026,groceries,23821,16535,1,1,1,0.57,0.5,1,0.87,none,1
TXN03027,laptop,32347,14524,1,1,1,0.76,0.77,2,0.94,none,1
TXN03028,hotel,48033,44390,0,1,1,0.53,0.72,1,0.46,category_mismatch,0
TXN03029,shoes,7041,5650,0,1,1,0.57,0.94,5,0.51,category_mismatch,0
TXN03030,smartphone,59015,38226,1,1,0,0.41,0.48,1,0.21,time_violation,0
TXN03031,smartphone,54381,51625,1,1,1,0.42,0.47,5,0.85,none,1
TXN03032,headphones,54230,24237,1,1,1,0.9,0.9,3,0.84,none,1
TXN03033,headphones,47524,46565,1,1,1,0.38,0.54,1,0.9,none,1
TXN03034,hotel,70682,61841,1,1,1,0.31,0.49,3,0.82,none,1
TXN03035,laptop,14925,11195,1,1,1,0.45,0.77,3,0.92,none,1
TXN03036,smartphone,80128,122964,1,1,1,0.43,0.75,2,0.42,budget_violation,0
TXN03037,groceries,20165,13879,1,0,1,0.8,0.57,3,0.23,quantity_violation,0
TXN03038,flight,47386,24468,1,1,1,0.81,0.75,4,0.96,none,1
TXN03039,headphones,30740,26543,1,0,1,0.98,0.48,1,0.24,quantity_violation,0
TXN03040,groceries,86313,54017,1,1,1,0.85,0.86,2,0.87,none,1
TXN03041,hotel,58814,52139,1,1,1,0.61,0.87,0,0.92,none,1
TXN03042,flight,26665,21052,1,1,1,0.37,0.45,3,0.99,none,1
TXN03043,groceries,56144,30204,1,1,1,0.54,0.8,5,0.98,none,1
TXN03044,groceries,9768,5666,1,1,1,0.36,0.82,2,0.44,merchant_violation,0
TXN03045,laptop,54317,46604,1,1,1,0.74,0.49,1,0.81,none,1
TXN03046,smartphone,52221,35665,1,1,1,0.95,0.41,5,0.97,none,1
TXN03047,groceries,27803,10977,1,1,1,0.44,0.69,4,0.87,none,1
TXN03048,headphones,10386,5867,1,1,1,0.75,0.83,5,0.9,none,1
TXN03049,groceries,29923,10731,1,1,1,0.5,0.49,2,0.84,none,1
TXN03050,laptop,4790,2257,1,1,1,0.88,0.86,1,0.91,none,1
TXN03051,headphones,32888,11550,1,1,1,0.4,0.66,4,0.93,none,1
TXN03052,groceries,50805,19751,1,1,1,0.64,0.98,5,0.85,none,1
TXN03053,books,87390,75243,1,1,1,0.65,0.61,0,0.98,none,1
TXN03054,flight,28565,11358,1,1,1,0.37,0.87,5,0.97,none,1
TXN03055,groceries,47281,32929,1,1,0,0.43,0.67,1,0.64,time_violation,0
TXN03056,flight,9337,5989,1,1,1,1.0,0.59,2,0.84,none,1
TXN03057,shoes,65095,36179,1,1,1,0.57,0.96,3,0.92,none,1
TXN03058,groceries,35102,23094,1,1,1,0.71,0.5,2,0.96,none,1
TXN03059,hotel,93819,36047,1,1,1,0.51,0.78,2,0.8,none,1
TXN03060,groceries,76837,54508,1,1,1,0.57,0.96,0,0.27,merchant_violation,0
TXN03061,laptop,56273,46452,1,1,1,0.91,0.83,1,0.92,none,1
TXN03062,shoes,97953,30879,1,1,1,0.61,0.87,2,0.94,none,1
TXN03063,hotel,19151,10631,1,1,1,0.61,0.87,2,0.65,merchant_violation,0
TXN03064,headphones,20312,10255,1,1,1,0.65,0.73,5,0.99,none,1
TXN03065,laptop,38601,37857,1,1,1,0.81,0.68,1,0.87,none,1
TXN03066,hotel,92503,57469,1,1,1,0.44,0.79,4,0.83,none,1
TXN03067,hotel,60347,53625,1,1,1,0.96,0.97,1,0.84,none,1
TXN03068,headphones,91887,78044,1,1,1,0.49,0.44,3,0.44,merchant_violation,0
TXN03069,books,2540,1485,1,1,1,0.45,0.48,4,0.89,none,1
TXN03070,laptop,15788,14866,0,1,1,0.88,0.42,0,0.65,category_mismatch,0
TXN03071,hotel,66978,26024,1,1,1,0.87,0.86,4,0.84,none,1
TXN03072,shoes,56425,43615,1,1,1,0.57,0.97,4,0.83,none,1
TXN03073,groceries,66374,49561,1,1,1,0.79,0.63,2,0.93,none,1
TXN03074,hotel,80506,74343,1,1,1,0.91,0.76,0,0.91,none,1
TXN03075,flight,55959,63529,1,1,1,0.43,0.56,2,0.58,budget_violation,0
TXN03076,smartphone,74914,42097,1,1,1,0.88,0.98,0,0.82,none,1
TXN03077,flight,39243,24826,1,1,1,0.85,0.72,5,0.98,none,1
TXN03078,laptop,71895,32476,1,1,1,0.67,0.71,5,0.95,none,1
TXN03079,laptop,38465,42155,1,1,1,0.34,0.55,2,0.4,budget_violation,0
TXN03080,flight,10941,9666,1,1,1,0.43,0.78,0,0.85,none,1
TXN03081,shoes,63562,33293,1,1,1,0.65,0.52,4,0.93,none,1
TXN03082,smartphone,53863,28139,1,1,1,0.5,0.47,3,0.91,none,1
TXN03083,laptop,12955,9401,1,1,1,0.41,0.68,5,0.82,none,1
TXN03084,shoes,64403,38973,1,1,1,0.37,0.71,3,0.88,none,1
TXN03085,groceries,15787,11603,1,1,1,0.88,0.66,4,0.57,merchant_violation,0
TXN03086,shoes,88031,46906,1,1,0,0.91,0.83,0,0.37,time_violation,0
TXN03087,shoes,50142,41207,1,0,1,0.35,0.61,2,0.42,quantity_violation,0
TXN03088,headphones,72490,40255,1,1,1,0.47,0.55,5,0.92,none,1
TXN03089,headphones,38000,31529,1,1,0,0.37,0.94,5,0.44,time_violation,0
TXN03090,laptop,9720,6586,1,1,1,0.49,0.66,4,0.9,none,1
TXN03091,shoes,1563,1318,1,1,1,0.3,0.87,2,0.84,none,1
TXN03092,books,24431,13900,1,1,1,0.71,0.89,1,0.85,none,1
TXN03093,smartphone,84620,69139,1,1,1,0.34,0.59,4,0.87,none,1
TXN03094,hotel,56898,28574,0,1,1,0.68,0.89,0,0.47,category_mismatch,0
TXN03095,books,17392,15472,1,1,1,0.75,0.86,1,0.91,none,1
TXN03096,headphones,64410,40475,1,1,1,0.94,0.97,0,0.82,none,1
TXN03097,hotel,19377,15216,1,1,1,0.64,0.7,3,0.84,none,1
TXN03098,laptop,2129,762,1,1,1,0.35,0.9,5,0.97,none,1
TXN03099,headphones,26357,19620,1,0,1,0.92,0.98,2,0.57,quantity_violation,0
TXN03100,books,91667,90733,1,1,1,0.37,0.77,5,0.98,none,1
TXN03101,smartphone,89847,66633,1,1,1,0.38,0.62,4,0.89,none,1
TXN03102,groceries,53774,31441,1,1,1,0.33,0.77,5,0.88,none,1
TXN03103,shoes,26529,13477,1,0,1,0.73,0.62,1,0.67,quantity_violation,0
TXN03104,hotel,19141,10831,1,1,1,0.8,0.52,3,0.92,none,1
TXN03105,headphones,17670,12468,1,1,1,0.83,0.55,4,0.94,none,1
TXN03106,books,3785,1889,1,1,1,0.77,0.65,0,0.87,none,1
TXN03107,smartphone,11828,6270,1,1,1,0.82,0.46,0,0.88,none,1
TXN03108,headphones,55926,28877,1,1,1,0.58,0.74,5,0.3,merchant_violation,0
TXN03109,hotel,62436,44860,1,1,1,0.9,0.95,1,0.84,none,1
TXN03110,hotel,67532,30045,1,1,1,0.64,0.45,1,0.82,none,1
TXN03111,groceries,62865,54864,1,1,1,0.57,0.98,5,0.9,none,1
TXN03112,groceries,84043,41898,1,1,1,0.88,0.89,0,0.98,none,1
TXN03113,smartphone,65861,57437,1,1,1,0.59,0.62,4,0.83,none,1
TXN03114,groceries,71611,64508,1,1,1,0.71,0.5,5,0.9,none,1
TXN03115,headphones,39023,61145,1,1,1,0.81,0.79,0,0.47,budget_violation,0
TXN03116,laptop,12319,10131,1,1,1,0.85,0.59,4,0.8,none,1
TXN03117,flight,37674,28170,0,1,1,0.38,0.97,1,0.56,category_mismatch,0
TXN03118,shoes,31732,18866,1,1,1,0.76,0.53,4,0.94,none,1
TXN03119,shoes,2686,2934,1,1,1,0.33,0.43,4,0.49,budget_violation,0
TXN03120,smartphone,73488,27908,1,1,1,0.3,0.96,4,0.99,none,1
TXN03121,headphones,70039,67507,1,1,1,0.54,0.97,0,0.87,none,1
TXN03122,headphones,82919,60957,1,1,1,0.46,0.95,5,0.84,none,1
TXN03123,books,55677,26151,1,1,1,0.59,0.5,5,0.8,none,1
TXN03124,smartphone,19393,14972,1,1,1,0.6,0.44,4,0.86,none,1
TXN03125,books,92410,77474,1,1,1,0.89,0.92,5,0.84,none,1
TXN03126,smartphone,5762,4474,1,1,1,0.96,0.8,5,0.85,none,1
TXN03127,groceries,66168,47856,1,1,1,0.73,0.57,1,0.82,none,1
TXN03128,smartphone,98910,75872,1,1,1,0.72,0.68,3,0.95,none,1
TXN03129,flight,85887,116304,1,1,1,0.64,0.69,0,0.45,budget_violation,0
TXN03130,books,53183,20618,1,1,1,0.67,0.89,1,0.88,none,1
TXN03131,shoes,57681,53887,1,1,1,0.77,0.41,5,0.93,none,1
TXN03132,headphones,61278,25756,1,1,1,0.41,0.66,3,0.89,none,1
TXN03133,laptop,75694,33025,1,1,1,0.75,0.45,3,1.0,none,1
TXN03134,flight,23152,19401,1,1,1,0.8,0.98,0,0.43,merchant_violation,0
TXN03135,shoes,42679,15975,1,1,1,0.53,0.77,3,0.89,none,1
TXN03136,groceries,43299,38326,1,1,1,0.57,0.41,1,0.98,none,1
TXN03137,flight,98262,51288,1,1,1,0.95,0.95,2,0.82,none,1
TXN03138,books,15334,12980,1,1,1,0.53,0.73,1,0.91,none,1
TXN03139,headphones,78362,70845,1,1,1,0.91,0.61,0,0.91,none,1
TXN03140,books,11522,10243,1,1,1,0.52,0.66,0,0.97,none,1
TXN03141,flight,6713,3972,1,1,1,0.49,0.82,1,0.46,merchant_violation,0
TXN03142,books,74554,48004,1,1,1,0.75,1.0,5,0.85,none,1
TXN03143,laptop,19519,6101,1,1,1,0.37,0.93,2,0.93,none,1
TXN03144,smartphone,85377,75552,1,1,1,0.33,0.57,4,0.95,none,1
TXN03145,laptop,53625,38637,1,1,1,0.4,0.51,1,0.97,none,1
TXN03146,groceries,80262,122438,1,1,1,0.31,0.5,0,0.21,budget_violation,0
TXN03147,books,84746,76796,0,1,1,0.85,0.94,5,0.56,category_mismatch,0
TXN03148,headphones,35021,24583,1,1,1,0.55,0.68,5,0.93,none,1
TXN03149,laptop,92394,59720,1,1,1,0.85,0.46,5,0.95,none,1
TXN03150,hotel,52252,50826,1,1,1,0.56,0.64,3,0.85,none,1
TXN03151,groceries,72139,61483,1,1,1,0.55,0.58,2,0.84,none,1
TXN03152,flight,95968,79428,1,1,0,0.93,0.99,5,0.61,time_violation,0
TXN03153,flight,68385,51517,1,0,1,0.85,0.74,1,0.53,quantity_violation,0
TXN03154,flight,86840,52127,1,1,1,0.41,0.65,3,0.84,none,1
TXN03155,groceries,40284,18862,1,1,1,0.32,0.8,3,0.89,none,1
TXN03156,books,1599,1488,1,1,1,0.5,0.5,5,0.88,none,1
TXN03157,shoes,87099,41483,1,1,1,0.47,0.99,3,1.0,none,1
TXN03158,flight,71198,115509,1,1,1,0.85,0.59,0,0.38,budget_violation,0
TXN03159,laptop,79103,55407,1,0,1,0.42,0.89,0,0.43,quantity_violation,0
TXN03160,hotel,23572,19581,1,1,1,0.83,0.74,5,0.89,none,1
TXN03161,shoes,97770,39041,1,1,1,0.98,0.59,5,0.96,none,1
TXN03162,flight,88419,68961,1,1,1,0.47,0.96,0,0.88,none,1
TXN03163,flight,74281,28000,1,1,1,0.33,0.48,5,0.93,none,1
TXN03164,hotel,46022,45088,0,1,1,0.37,0.53,1,0.64,category_mismatch,0
TXN03165,headphones,61816,51940,1,1,1,0.78,0.81,1,0.95,none,1
TXN03166,flight,25653,29084,1,1,1,0.47,0.61,0,0.34,budget_violation,0
TXN03167,headphones,53573,49257,1,1,1,0.87,0.49,3,0.97,none,1
TXN03168,groceries,25009,13523,1,1,1,0.78,0.71,3,0.84,none,1
TXN03169,shoes,73614,40124,1,1,1,0.5,0.97,2,0.93,none,1
TXN03170,groceries,6371,5585,1,1,1,0.74,0.75,2,0.82,none,1
TXN03171,books,88236,45274,1,1,1,0.88,0.59,5,0.84,none,1
TXN03172,books,92558,52559,1,1,0,0.43,0.91,3,0.43,time_violation,0
TXN03173,shoes,58968,106040,1,1,1,0.4,0.45,2,0.62,budget_violation,0
TXN03174,flight,56466,47078,1,1,1,0.82,0.86,2,0.98,none,1
TXN03175,headphones,99730,65780,1,1,1,0.67,0.71,5,0.89,none,1
TXN03176,headphones,2850,2716,1,1,1,0.6,0.54,4,0.97,none,1
TXN03177,shoes,3644,1692,1,1,1,0.73,0.6,0,0.89,none,1
TXN03178,books,8774,2831,1,1,1,0.53,0.77,4,0.91,none,1
TXN03179,headphones,89759,53239,1,1,1,0.46,0.88,1,0.99,none,1
TXN03180,shoes,37752,33200,1,1,1,0.67,0.73,0,0.86,none,1
TXN03181,flight,12855,9707,1,1,1,0.34,0.62,1,0.88,none,1
TXN03182,flight,7055,2831,1,1,1,0.42,0.83,0,0.85,none,1
TXN03183,headphones,62784,35143,1,1,1,0.57,0.51,4,0.81,none,1
TXN03184,flight,39378,32445,1,1,1,0.74,0.52,0,0.9,none,1
TXN03185,shoes,85790,80768,1,1,0,0.56,0.95,0,0.64,time_violation,0
TXN03186,headphones,88093,56262,1,1,1,0.38,0.79,2,0.8,none,1
TXN03187,headphones,90564,87313,1,1,1,0.96,0.76,3,0.98,none,1
TXN03188,flight,9418,4233,1,1,1,0.41,0.47,3,0.83,none,1
TXN03189,smartphone,98470,73319,1,1,1,0.87,0.49,0,0.5,merchant_violation,0
TXN03190,shoes,53044,18717,1,1,1,0.53,0.53,3,0.89,none,1
TXN03191,books,15930,8782,1,1,1,0.7,0.81,3,0.8,none,1
TXN03192,hotel,46384,37957,1,1,1,0.89,0.45,1,0.81,none,1
TXN03193,hotel,42654,21452,0,1,1,0.84,0.63,4,0.32,category_mismatch,0
TXN03194,books,73738,67908,1,1,1,0.82,0.59,2,0.98,none,1
TXN03195,headphones,78915,45757,1,1,1,0.83,0.43,5,0.96,none,1
TXN03196,hotel,2115,1698,1,1,1,0.44,0.64,5,0.89,none,1
TXN03197,flight,40006,27025,1,1,1,0.81,0.54,3,0.91,none,1
TXN03198,smartphone,6852,6269,0,1,1,0.77,0.67,0,0.22,category_mismatch,0
TXN03199,flight,14124,9712,1,0,1,0.37,0.59,1,0.2,quantity_violation,0
TXN03200,shoes,71178,29776,1,1,1,0.86,0.5,4,0.95,none,1
TXN03201,smartphone,99600,66341,1,1,1,0.81,0.78,1,0.88,none,1
TXN03202,laptop,32137,24864,1,1,1,0.78,0.79,5,0.9,none,1
TXN03203,shoes,97767,30194,1,1,1,0.82,0.76,2,0.93,none,1
TXN03204,groceries,64195,68518,1,1,1,0.39,0.55,5,0.25,budget_violation,0
TXN03205,laptop,63113,39112,1,1,1,0.6,0.56,2,0.97,none,1
TXN03206,laptop,86748,76907,1,1,1,0.52,0.51,3,0.8,none,1
TXN03207,flight,11607,10649,1,1,1,0.71,0.45,2,0.96,none,1
TXN03208,hotel,48422,34387,1,0,1,0.63,0.77,2,0.37,quantity_violation,0
TXN03209,smartphone,79648,59676,1,1,0,0.47,0.67,5,0.61,time_violation,0
TXN03210,groceries,99314,61600,1,1,0,0.55,0.46,5,0.4,time_violation,0
TXN03211,groceries,58752,56282,1,1,1,0.56,0.7,3,0.82,none,1
TXN03212,books,98968,116228,1,1,1,0.4,0.81,5,0.58,budget_violation,0
TXN03213,hotel,88453,30798,1,1,1,0.51,0.63,3,0.84,none,1
TXN03214,groceries,27842,8369,1,1,1,0.97,0.47,3,0.88,none,1
TXN03215,smartphone,90679,120688,1,1,1,0.51,0.54,4,0.4,budget_violation,0
TXN03216,groceries,28159,16640,1,1,1,0.64,0.91,3,0.86,none,1
TXN03217,groceries,78746,50249,1,1,1,0.32,0.63,4,0.96,none,1
TXN03218,shoes,1391,848,1,1,1,0.78,0.95,1,0.4,merchant_violation,0
TXN03219,shoes,91452,76440,1,1,1,0.7,0.51,1,0.96,none,1
TXN03220,smartphone,87680,55921,1,1,1,0.34,0.6,1,0.86,none,1
TXN03221,laptop,35632,28131,0,1,1,0.36,0.67,1,0.46,category_mismatch,0
TXN03222,hotel,63890,32597,0,1,1,0.68,0.67,4,0.59,category_mismatch,0
TXN03223,groceries,86459,57696,1,1,0,0.61,0.77,5,0.46,time_violation,0
TXN03224,hotel,76569,38238,1,1,1,0.73,0.77,0,0.86,none,1
TXN03225,headphones,14953,5641,1,1,1,0.68,0.65,2,1.0,none,1
TXN03226,flight,68735,47222,1,1,1,0.67,0.46,0,0.89,none,1
TXN03227,books,28690,22358,1,1,1,0.97,0.82,3,0.97,none,1
TXN03228,smartphone,54468,64061,1,1,1,0.62,0.97,2,0.42,budget_violation,0
TXN03229,headphones,98628,58199,1,1,1,0.59,0.58,3,0.84,none,1
TXN03230,smartphone,12623,11665,1,1,1,0.67,0.81,4,0.93,none,1
TXN03231,laptop,52375,50459,1,1,1,0.79,0.47,1,0.93,none,1
TXN03232,laptop,66482,44810,1,1,0,0.86,0.82,0,0.39,time_violation,0
TXN03233,shoes,56258,48473,1,1,1,0.47,0.68,4,0.87,none,1
TXN03234,laptop,99869,51665,1,1,1,0.72,0.43,3,0.93,none,1
TXN03235,flight,99269,88176,1,1,1,0.65,0.61,3,0.65,merchant_violation,0
TXN03236,shoes,90139,64016,1,1,1,0.83,0.47,3,0.97,none,1
TXN03237,shoes,80135,32202,1,1,1,0.53,0.98,2,0.82,none,1
TXN03238,hotel,10140,8014,1,1,1,0.43,0.73,0,0.93,none,1
TXN03239,hotel,65688,60999,1,1,1,0.93,0.46,5,1.0,none,1
TXN03240,shoes,54191,20866,1,1,1,0.68,0.54,4,0.85,none,1
TXN03241,hotel,13801,11128,1,1,1,0.69,0.59,0,0.86,none,1
TXN03242,shoes,7910,2421,1,1,1,0.84,0.68,3,0.9,none,1
TXN03243,flight,82495,58928,1,1,1,0.76,0.62,4,0.47,merchant_violation,0
TXN03244,headphones,83527,122935,1,1,1,0.82,0.76,1,0.55,budget_violation,0
TXN03245,books,64367,59502,1,1,1,0.53,0.97,0,0.88,none,1
TXN03246,smartphone,9721,4384,1,1,1,0.74,0.52,3,0.89,none,1
TXN03247,books,91755,76012,1,1,0,0.79,0.98,5,0.66,time_violation,0
TXN03248,hotel,18380,13829,1,1,1,0.81,0.97,0,0.94,none,1
TXN03249,shoes,9038,8483,1,1,1,0.43,0.54,2,0.86,none,1
TXN03250,laptop,13339,4934,1,1,1,0.85,0.57,1,0.86,none,1
TXN03251,hotel,21355,16394,1,1,1,0.41,0.57,2,0.8,none,1
TXN03252,hotel,58569,46333,1,1,1,0.96,0.47,5,0.9,none,1
TXN03253,smartphone,45087,22172,1,1,1,0.73,0.75,0,0.86,none,1
TXN03254,flight,26218,19244,1,1,1,0.35,0.52,0,0.86,none,1
TXN03255,headphones,40332,40053,1,1,1,0.78,0.77,4,0.98,none,1
TXN03256,headphones,51533,39534,1,1,1,0.88,0.44,5,0.84,none,1
TXN03257,groceries,42880,18304,1,1,1,0.7,0.99,0,0.93,none,1
TXN03258,headphones,32701,26088,1,1,1,0.6,0.8,3,0.92,none,1
TXN03259,headphones,75691,34984,1,1,1,0.57,0.74,0,0.97,none,1
TXN03260,shoes,80800,71511,1,1,1,0.86,0.87,2,0.83,none,1
TXN03261,headphones,39542,33083,1,1,0,0.66,0.51,3,0.3,time_violation,0
TXN03262,hotel,89414,64660,1,1,1,0.97,0.55,3,0.87,none,1
TXN03263,groceries,58170,27809,1,1,1,0.33,0.66,2,0.96,none,1
TXN03264,headphones,38260,22508,1,1,1,0.96,0.97,4,0.36,merchant_violation,0
TXN03265,laptop,59951,54591,1,0,1,0.32,0.92,1,0.69,quantity_violation,0
TXN03266,flight,80793,74472,1,1,0,0.91,0.55,3,0.6,time_violation,0
TXN03267,groceries,38143,20059,1,1,1,0.37,0.92,3,0.87,none,1
TXN03268,hotel,61018,46466,1,1,1,0.3,0.86,4,0.37,merchant_violation,0
TXN03269,headphones,73152,45261,1,1,1,0.95,0.99,5,0.95,none,1
TXN03270,groceries,88420,86121,1,1,1,0.6,0.75,4,0.92,none,1
TXN03271,books,3149,1179,1,1,1,0.79,0.91,0,0.97,none,1
TXN03272,groceries,77577,62884,1,0,1,0.94,0.45,1,0.6,quantity_violation,0
TXN03273,hotel,94824,58186,1,1,1,0.54,0.69,2,0.88,none,1
TXN03274,flight,1006,355,1,1,1,0.81,0.65,0,0.94,none,1
TXN03275,groceries,65408,31561,1,1,1,0.92,0.81,1,0.86,none,1
TXN03276,shoes,49226,36809,1,1,1,0.6,0.71,0,0.98,none,1
TXN03277,hotel,43494,13554,1,1,1,0.53,0.65,5,0.92,none,1
TXN03278,shoes,64500,21407,1,1,1,0.88,0.85,2,0.98,none,1
TXN03279,groceries,10450,8277,1,1,1,0.71,0.94,3,0.82,none,1
TXN03280,laptop,18046,17797,1,1,1,0.78,0.54,2,0.97,none,1
TXN03281,books,57076,47310,1,1,1,0.91,0.58,0,0.93,none,1
TXN03282,shoes,68803,48236,1,1,1,0.83,0.64,4,0.97,none,1
TXN03283,groceries,26672,14551,1,1,1,0.31,0.9,0,0.95,none,1
TXN03284,headphones,58576,33046,1,1,1,0.53,0.98,4,0.93,none,1
TXN03285,laptop,39528,25795,1,1,1,0.56,0.94,5,0.9,none,1
TXN03286,flight,69705,44081,1,1,1,0.92,0.63,3,0.83,none,1
TXN03287,shoes,98957,47262,1,1,1,0.78,0.53,4,0.85,none,1
TXN03288,groceries,98938,46621,1,1,1,0.37,0.44,1,0.84,none,1
TXN03289,flight,58638,21235,1,1,1,0.8,0.85,0,0.89,none,1
TXN03290,shoes,17257,8818,1,1,1,0.91,0.68,3,0.83,none,1
TXN03291,groceries,18813,18065,1,1,1,0.61,0.59,0,0.9,none,1
TXN03292,books,65998,64882,1,1,0,0.9,0.77,5,0.34,time_violation,0
TXN03293,shoes,38389,30672,1,1,1,0.4,0.61,1,0.89,none,1
TXN03294,books,34259,31122,1,1,1,0.97,0.87,3,0.88,none,1
TXN03295,groceries,74082,23522,1,1,1,0.91,0.41,3,0.88,none,1
TXN03296,flight,11553,7065,1,1,1,0.44,0.45,2,0.95,none,1
TXN03297,shoes,86424,29520,1,1,1,0.71,0.87,5,0.94,none,1
TXN03298,hotel,97793,67115,1,1,0,0.55,0.7,1,0.57,time_violation,0
TXN03299,hotel,46010,38066,1,0,1,0.6,0.55,1,0.66,quantity_violation,0
TXN03300,headphones,54951,17712,1,1,1,0.78,0.95,0,0.97,none,1
TXN03301,laptop,35108,31556,1,1,1,0.7,0.45,0,0.95,none,1
TXN03302,hotel,77665,59489,1,1,1,0.88,0.45,4,0.94,none,1
TXN03303,groceries,42203,15224,1,1,1,0.37,0.93,4,0.84,none,1
TXN03304,books,37265,13175,1,1,1,0.81,0.68,3,0.98,none,1
TXN03305,groceries,67993,20400,1,1,1,0.8,0.84,3,0.88,none,1
TXN03306,groceries,72769,57903,1,1,1,0.31,0.62,1,0.87,none,1
TXN03307,flight,79695,24844,1,1,1,0.75,0.44,5,0.83,none,1
TXN03308,shoes,91656,72144,0,1,1,0.43,0.65,2,0.63,category_mismatch,0
TXN03309,flight,37469,29086,1,1,1,0.74,0.65,1,0.81,none,1
TXN03310,laptop,47472,68784,1,1,1,0.56,0.58,2,0.43,budget_violation,0
TXN03311,shoes,28946,25663,1,1,1,0.48,0.84,4,0.87,none,1
TXN03312,hotel,60664,55435,1,0,1,0.3,0.6,2,0.34,quantity_violation,0
TXN03313,laptop,98819,41161,1,1,1,0.81,0.87,3,0.93,none,1
TXN03314,flight,11759,9682,1,1,1,0.79,0.92,3,0.86,none,1
TXN03315,books,63792,28237,1,1,1,0.98,0.95,0,0.9,none,1
TXN03316,shoes,2135,1466,1,1,1,0.49,0.97,3,0.59,merchant_violation,0
TXN03317,smartphone,46778,45273,1,1,1,0.84,0.62,1,0.55,merchant_violation,0
TXN03318,books,73139,39539,1,1,1,0.74,0.77,4,0.9,none,1
TXN03319,smartphone,23388,16086,1,1,1,0.56,0.62,4,0.97,none,1
TXN03320,smartphone,50386,41847,1,1,1,0.42,0.72,0,0.92,none,1
TXN03321,hotel,70794,49581,1,1,1,0.68,0.83,0,0.95,none,1
TXN03322,shoes,70844,66102,1,0,1,0.43,0.48,4,0.69,quantity_violation,0
TXN03323,headphones,41862,15570,1,1,1,0.73,0.62,3,0.95,none,1
TXN03324,shoes,7818,6370,1,1,1,0.37,0.44,2,0.83,none,1
TXN03325,shoes,39691,50478,1,1,1,0.58,0.52,0,0.37,budget_violation,0
TXN03326,flight,48506,85574,1,1,1,0.52,0.42,0,0.6,budget_violation,0
TXN03327,hotel,2345,1578,1,1,1,0.77,0.46,0,0.92,none,1
TXN03328,groceries,48259,24716,1,1,1,0.84,0.59,3,0.95,none,1
TXN03329,groceries,32113,16499,1,1,1,0.99,0.58,4,0.95,none,1
TXN03330,headphones,79333,31650,1,1,1,0.96,0.91,4,0.85,none,1
TXN03331,headphones,8218,6402,1,1,1,0.95,0.95,0,0.8,none,1
TXN03332,smartphone,92065,90918,1,1,1,0.57,0.77,0,0.81,none,1
TXN03333,headphones,21976,8654,1,1,1,0.82,0.64,1,0.88,none,1
TXN03334,headphones,20915,15539,1,1,1,0.65,0.96,3,0.83,none,1
TXN03335,groceries,82039,46517,1,1,1,0.4,0.72,5,0.85,none,1
TXN03336,smartphone,98747,77452,1,0,1,0.4,0.88,5,0.66,quantity_violation,0
TXN03337,flight,65523,50821,0,1,1,0.62,0.82,1,0.27,category_mismatch,0
TXN03338,laptop,85592,80371,1,1,1,0.49,0.6,3,0.95,none,1
TXN03339,hotel,26083,24974,1,1,1,0.4,0.61,2,0.87,none,1
TXN03340,laptop,44408,29229,1,1,1,0.95,0.79,5,0.99,none,1
TXN03341,groceries,3088,1021,1,1,1,0.69,0.5,1,0.85,none,1
TXN03342,groceries,48004,44187,1,1,1,0.48,0.97,3,0.94,none,1
TXN03343,flight,6460,2043,1,1,1,0.91,0.78,5,0.92,none,1
TXN03344,flight,58101,45404,1,1,1,0.44,0.46,3,0.87,none,1
TXN03345,flight,57546,26148,1,1,1,0.69,0.72,4,0.89,none,1
TXN03346,groceries,46559,45989,1,1,1,0.98,0.77,1,0.81,none,1
TXN03347,groceries,87376,51698,1,1,1,0.39,0.96,4,0.8,none,1
TXN03348,smartphone,13804,12529,1,1,1,0.69,0.41,2,0.9,none,1
TXN03349,hotel,88216,82198,1,1,1,0.36,0.75,0,0.84,none,1
TXN03350,laptop,28173,23438,1,1,1,0.81,0.91,4,0.92,none,1
TXN03351,flight,96663,94282,0,1,1,0.7,0.58,4,0.56,category_mismatch,0
TXN03352,smartphone,35028,24321,1,1,1,0.33,0.62,2,0.89,none,1
TXN03353,shoes,78139,28527,1,1,1,0.81,0.68,5,0.81,none,1
TXN03354,flight,96513,72067,1,1,0,0.87,0.55,4,0.58,time_violation,0
TXN03355,groceries,83154,69779,1,1,1,0.88,0.6,5,0.93,none,1
TXN03356,headphones,49176,47085,1,1,1,0.67,0.51,1,0.91,none,1
TXN03357,headphones,94966,28596,1,1,1,0.83,0.72,1,0.85,none,1
TXN03358,shoes,6470,4250,1,1,1,0.54,0.72,2,0.94,none,1
TXN03359,groceries,64564,48254,1,1,1,0.65,0.77,3,0.86,none,1
TXN03360,shoes,63866,51977,1,1,1,0.7,0.9,3,0.87,none,1
TXN03361,smartphone,31284,13779,1,1,1,0.96,0.59,2,0.94,none,1
TXN03362,flight,79603,75355,1,1,1,0.79,0.69,4,0.94,none,1
TXN03363,hotel,12401,4279,1,1,1,0.75,0.98,3,0.94,none,1
TXN03364,headphones,57169,47589,1,1,1,0.89,0.79,4,0.92,none,1
TXN03365,groceries,34708,16928,1,1,1,0.58,0.87,0,0.95,none,1
TXN03366,groceries,41721,30371,1,1,1,0.61,0.76,1,0.99,none,1
TXN03367,laptop,7530,3347,1,1,1,0.82,0.89,0,0.97,none,1
TXN03368,groceries,26122,9406,1,1,1,0.82,0.75,5,0.93,none,1
TXN03369,headphones,37802,24207,1,1,1,0.68,0.85,2,0.59,merchant_violation,0
TXN03370,headphones,63861,43892,1,1,1,0.7,0.71,2,0.89,none,1
TXN03371,laptop,11854,10810,1,1,1,0.98,0.56,1,0.84,none,1
TXN03372,hotel,73554,68790,1,0,1,0.61,0.55,4,0.4,quantity_violation,0
TXN03373,books,14674,7753,1,1,1,0.49,0.93,2,0.85,none,1
TXN03374,headphones,52504,38972,1,1,0,0.49,0.85,3,0.52,time_violation,0
TXN03375,headphones,65981,57713,1,0,1,0.58,0.82,2,0.51,quantity_violation,0
TXN03376,smartphone,15035,6122,1,1,1,0.67,0.99,3,0.89,none,1
TXN03377,headphones,66707,22000,1,1,1,0.99,0.93,2,0.99,none,1
TXN03378,shoes,74017,115109,1,1,1,0.62,0.92,4,0.27,budget_violation,0
TXN03379,headphones,51630,31430,1,0,1,0.73,0.64,5,0.46,quantity_violation,0
TXN03380,hotel,99092,60651,1,1,1,0.73,0.9,3,0.97,none,1
TXN03381,smartphone,88333,61285,1,1,1,0.7,0.46,4,0.81,none,1
TXN03382,books,50105,20403,1,1,1,0.77,0.57,0,0.96,none,1
TXN03383,headphones,45440,62347,1,1,1,0.49,0.72,4,0.58,budget_violation,0
TXN03384,shoes,68810,36843,1,1,1,0.7,0.56,3,0.89,none,1
TXN03385,groceries,42843,13953,1,1,1,0.31,0.6,5,0.92,none,1
TXN03386,shoes,84708,38614,1,1,1,0.84,0.72,5,0.9,none,1
TXN03387,flight,54808,23145,1,1,1,0.4,0.4,4,0.85,none,1
TXN03388,laptop,64815,62522,1,1,1,0.47,0.92,2,0.84,none,1
TXN03389,books,62160,96223,1,1,1,0.38,0.97,5,0.33,budget_violation,0
TXN03390,books,30978,22619,1,1,1,0.48,0.8,5,0.85,none,1
TXN03391,books,18497,13579,1,0,1,0.65,0.64,0,0.31,quantity_violation,0
TXN03392,hotel,85955,63926,1,1,1,0.52,0.64,2,0.98,none,1
TXN03393,flight,62288,35866,1,0,1,0.9,0.72,2,0.37,quantity_violation,0
TXN03394,laptop,89362,75960,1,1,1,0.89,0.69,4,0.86,none,1
TXN03395,books,48464,17854,1,1,1,0.59,0.43,4,0.95,none,1
TXN03396,hotel,83322,70297,1,1,1,0.59,0.54,5,0.95,none,1
TXN03397,hotel,59201,82808,1,1,1,0.48,0.88,3,0.52,budget_violation,0
TXN03398,smartphone,34355,22155,1,1,1,0.71,0.83,5,0.85,none,1
TXN03399,hotel,17316,13845,1,1,1,0.7,1.0,4,0.94,none,1
TXN03400,books,38145,31912,1,1,1,0.33,0.68,1,0.92,none,1
TXN03401,groceries,14208,9575,1,1,0,0.77,0.8,0,0.58,time_violation,0
TXN03402,books,99265,72464,1,1,0,0.85,0.56,0,0.44,time_violation,0
TXN03403,groceries,92845,89215,1,1,1,0.52,0.81,3,0.98,none,1
TXN03404,headphones,15397,8554,1,1,1,0.87,0.54,4,0.95,none,1
TXN03405,groceries,59349,28190,1,1,1,1.0,0.87,3,1.0,none,1
TXN03406,flight,89317,70762,1,1,1,0.72,0.43,0,0.89,none,1
TXN03407,headphones,70989,34718,1,1,1,0.36,0.53,2,0.96,none,1
TXN03408,shoes,81228,48312,1,0,1,0.72,0.95,2,0.28,quantity_violation,0
TXN03409,hotel,81541,75468,1,1,0,0.95,0.59,5,0.59,time_violation,0
TXN03410,groceries,58885,54121,1,1,1,0.97,0.56,0,0.84,none,1
TXN03411,laptop,88057,73683,1,1,0,0.46,0.62,5,0.42,time_violation,0
TXN03412,flight,74494,42676,1,1,1,0.32,0.5,2,0.84,none,1
TXN03413,groceries,32101,20211,1,1,1,0.71,0.56,0,0.83,none,1
TXN03414,groceries,57251,21330,1,1,1,0.87,0.8,1,0.96,none,1
TXN03415,headphones,10903,7208,0,1,1,0.41,0.63,0,0.49,category_mismatch,0
TXN03416,headphones,44666,40449,1,1,1,0.58,0.85,2,0.89,none,1
TXN03417,hotel,83467,47098,1,1,1,0.56,0.53,2,0.94,none,1
TXN03418,flight,37721,42701,1,1,1,0.37,0.86,4,0.53,budget_violation,0
TXN03419,flight,12184,7234,1,1,0,0.98,0.81,1,0.23,time_violation,0
TXN03420,smartphone,91441,55887,1,1,1,0.97,0.66,2,0.96,none,1
TXN03421,hotel,66097,31866,1,1,1,0.77,0.5,0,0.85,none,1
TXN03422,shoes,26995,26654,1,0,1,0.93,0.47,3,0.28,quantity_violation,0
TXN03423,shoes,52008,74429,1,1,1,0.91,0.64,2,0.43,budget_violation,0
TXN03424,books,7056,2168,1,1,1,0.6,0.8,3,0.82,none,1
TXN03425,shoes,61952,50696,1,1,1,0.56,0.69,5,0.9,none,1
TXN03426,smartphone,84428,81973,1,1,1,0.65,0.43,4,0.9,none,1
TXN03427,groceries,74520,41096,1,0,1,0.57,0.74,0,0.31,quantity_violation,0
TXN03428,headphones,51740,39220,1,1,1,0.86,0.55,3,0.89,none,1
TXN03429,smartphone,78178,45413,1,1,1,0.53,0.94,1,0.92,none,1
TXN03430,laptop,51712,24569,1,1,1,0.86,0.42,4,0.94,none,1
TXN03431,books,85564,48373,1,0,1,0.87,1.0,5,0.68,quantity_violation,0
TXN03432,books,90479,48367,1,1,1,0.9,0.74,0,0.29,merchant_violation,0
TXN03433,headphones,76966,74513,1,1,1,0.62,0.51,2,0.98,none,1
TXN03434,smartphone,79428,68650,1,1,0,0.85,0.6,1,0.4,time_violation,0
TXN03435,laptop,19428,15264,1,1,0,0.95,0.42,5,0.46,time_violation,0
TXN03436,flight,37221,14854,1,1,1,0.89,0.76,1,0.95,none,1
TXN03437,flight,72465,66216,1,1,1,0.43,0.9,5,0.24,merchant_violation,0
TXN03438,groceries,48459,44571,1,1,1,0.53,0.45,2,0.87,none,1
TXN03439,hotel,50464,42391,1,1,1,0.79,0.47,1,0.95,none,1
TXN03440,hotel,7171,5992,1,1,1,0.41,0.73,1,0.82,none,1
TXN03441,flight,49187,36612,1,1,1,0.79,0.74,0,0.99,none,1
TXN03442,flight,80023,51610,1,1,1,0.65,0.91,5,0.81,none,1
TXN03443,laptop,46272,28518,1,1,1,0.34,0.74,0,0.83,none,1
TXN03444,groceries,1630,1587,1,1,1,0.48,0.89,5,0.93,none,1
TXN03445,flight,28372,22110,1,1,0,0.38,0.73,3,0.43,time_violation,0
TXN03446,groceries,8948,5478,1,0,1,0.53,0.97,5,0.67,quantity_violation,0
TXN03447,books,89646,79733,1,1,1,0.89,0.78,3,0.95,none,1
TXN03448,laptop,30838,24364,1,0,1,0.59,0.9,5,0.43,quantity_violation,0
TXN03449,books,35606,19163,1,1,1,0.85,0.58,2,0.98,none,1
TXN03450,laptop,77893,70981,1,1,1,0.61,0.88,0,0.91,none,1
TXN03451,flight,51727,47721,1,0,1,0.41,0.43,4,0.59,quantity_violation,0
TXN03452,flight,76985,39202,1,1,1,0.63,0.9,0,0.82,none,1
TXN03453,books,76514,39379,1,1,1,0.61,0.57,5,0.87,none,1
TXN03454,flight,61468,55021,1,1,1,0.41,0.63,4,0.31,merchant_violation,0
TXN03455,flight,36174,28078,1,1,1,0.83,0.75,4,0.9,none,1
TXN03456,groceries,70261,57554,1,1,1,0.31,0.66,5,0.92,none,1
TXN03457,headphones,86190,50456,1,1,1,0.45,0.48,3,0.96,none,1
TXN03458,books,5426,4902,1,1,1,0.92,0.93,3,0.92,none,1
TXN03459,books,6358,2820,1,1,1,0.7,0.9,1,0.88,none,1
TXN03460,books,62398,57127,1,1,1,0.87,0.95,0,0.93,none,1
TXN03461,smartphone,8231,6844,1,1,1,0.99,0.47,4,0.92,none,1
TXN03462,headphones,25567,8251,1,1,1,0.68,0.94,1,0.86,none,1
TXN03463,headphones,31386,16507,0,1,1,0.4,0.77,1,0.33,category_mismatch,0
TXN03464,groceries,3956,3442,1,1,1,0.92,0.9,3,0.91,none,1
TXN03465,hotel,93762,126496,1,1,1,0.54,0.48,2,0.42,budget_violation,0
TXN03466,groceries,43351,31175,1,1,1,0.36,0.7,1,0.9,none,1
TXN03467,laptop,5326,4809,1,1,1,0.49,0.72,4,0.87,none,1
TXN03468,books,45648,80860,1,1,1,0.74,0.86,4,0.59,budget_violation,0
TXN03469,hotel,22852,22261,1,1,1,0.93,0.72,0,0.86,none,1
TXN03470,books,54765,28033,1,1,1,0.39,0.6,0,0.9,none,1
TXN03471,groceries,73174,71155,1,1,1,0.68,0.42,1,0.81,none,1
TXN03472,headphones,23122,40181,1,1,1,0.32,0.94,4,0.68,budget_violation,0
TXN03473,flight,74424,43932,1,1,1,0.45,0.76,4,0.93,none,1
TXN03474,books,75168,48019,1,1,1,0.94,0.71,1,0.97,none,1
TXN03475,smartphone,33977,29352,1,1,1,0.7,0.88,1,0.92,none,1
TXN03476,smartphone,63113,44444,1,1,1,0.52,0.47,0,0.85,none,1
TXN03477,headphones,72028,21942,1,1,1,0.3,0.59,5,0.81,none,1
TXN03478,books,41923,14903,1,1,1,0.96,0.49,1,0.95,none,1
TXN03479,laptop,11783,7569,1,1,1,0.51,0.97,0,0.88,none,1
TXN03480,books,82200,89734,1,1,1,0.92,0.64,1,0.64,budget_violation,0
TXN03481,flight,86227,72943,1,1,1,0.55,0.64,5,0.91,none,1
TXN03482,hotel,37146,45405,1,1,1,0.8,0.43,4,0.65,budget_violation,0
TXN03483,flight,39319,37447,1,1,1,0.86,0.52,4,0.99,none,1
TXN03484,books,19580,15314,1,1,1,0.45,0.72,5,0.8,none,1
TXN03485,laptop,12524,6699,1,1,1,0.98,0.49,1,0.88,none,1
TXN03486,smartphone,36113,24270,1,1,1,0.65,0.46,5,0.89,none,1
TXN03487,smartphone,48838,71993,1,1,1,0.65,0.99,3,0.53,budget_violation,0
TXN03488,laptop,81927,121136,1,1,1,0.33,0.91,1,0.47,budget_violation,0
TXN03489,flight,17558,17290,0,1,1,0.61,0.4,2,0.49,category_mismatch,0
TXN03490,shoes,99821,53736,1,1,1,0.41,0.95,2,0.91,none,1
TXN03491,flight,43298,15333,1,1,1,0.89,0.88,5,0.89,none,1
TXN03492,hotel,79845,137974,1,1,1,0.63,0.9,3,0.35,budget_violation,0
TXN03493,smartphone,41602,21188,1,1,1,0.87,0.9,4,0.88,none,1
TXN03494,groceries,18076,6431,1,1,1,0.95,0.54,0,0.84,none,1
TXN03495,books,96370,80161,1,1,1,0.75,0.82,3,0.9,none,1
TXN03496,hotel,39937,23913,1,0,1,0.92,0.92,4,0.65,quantity_violation,0
TXN03497,books,22599,20495,1,1,1,0.55,0.47,3,0.95,none,1
TXN03498,hotel,30202,27380,1,1,1,0.75,0.9,4,0.98,none,1
TXN03499,laptop,30673,25263,1,1,1,0.75,0.48,3,0.49,merchant_violation,0
TXN03500,groceries,7627,6137,1,1,1,0.7,0.41,0,0.88,none,1
TXN03501,flight,64298,36246,1,1,0,0.92,0.64,5,0.59,time_violation,0
TXN03502,headphones,17500,12525,1,1,1,0.95,0.53,4,0.85,none,1
TXN03503,smartphone,95087,89958,1,1,1,0.74,0.44,0,0.94,none,1
TXN03504,headphones,62179,100363,1,1,1,0.43,0.51,2,0.66,budget_violation,0
TXN03505,hotel,65401,34648,1,1,1,0.7,0.87,0,0.93,none,1
TXN03506,hotel,17498,15013,1,1,1,0.45,0.6,4,1.0,none,1
TXN03507,hotel,59769,24774,1,1,1,0.7,0.78,5,0.95,none,1
TXN03508,groceries,90704,71245,1,1,1,0.85,0.88,0,1.0,none,1
TXN03509,shoes,79004,46065,0,1,1,0.84,0.5,2,0.43,category_mismatch,0
TXN03510,shoes,53780,17741,1,1,1,0.44,0.76,0,0.91,none,1
TXN03511,laptop,57665,35596,1,1,1,0.35,0.9,2,0.86,none,1
TXN03512,books,66960,59555,1,1,1,0.79,0.59,5,0.99,none,1
TXN03513,hotel,24073,9327,1,1,1,0.73,0.76,5,0.94,none,1
TXN03514,laptop,97299,93918,1,1,1,0.87,0.56,4,0.84,none,1
TXN03515,shoes,41078,31988,1,1,1,0.58,0.41,2,0.97,none,1
TXN03516,headphones,91294,60196,1,1,1,0.69,0.53,3,0.84,none,1
TXN03517,smartphone,30008,18491,1,1,0,0.54,0.78,5,0.3,time_violation,0
TXN03518,headphones,31146,11556,1,1,1,0.43,0.58,3,0.99,none,1
TXN03519,laptop,84039,47231,1,1,1,0.8,0.68,0,0.85,none,1
TXN03520,flight,6874,2411,1,1,1,0.33,0.55,1,0.87,none,1
TXN03521,laptop,64894,36077,1,1,1,0.55,0.72,3,0.81,none,1
TXN03522,hotel,84106,28312,1,1,1,0.41,0.94,5,0.94,none,1
TXN03523,flight,52546,18658,1,1,1,0.73,0.62,2,0.97,none,1
TXN03524,headphones,43040,75579,1,1,1,0.84,0.45,0,0.62,budget_violation,0
TXN03525,flight,3794,3111,1,1,1,0.81,0.59,2,0.99,none,1
TXN03526,smartphone,81802,51479,1,1,1,0.53,0.7,2,0.87,none,1
TXN03527,smartphone,52423,24189,1,1,1,0.97,0.78,1,1.0,none,1
TXN03528,groceries,33247,18623,1,1,0,0.59,0.91,0,0.54,time_violation,0
TXN03529,flight,94863,49438,1,1,1,0.31,0.87,3,0.89,none,1
TXN03530,smartphone,41981,22139,0,1,1,0.72,0.8,4,0.6,category_mismatch,0
TXN03531,groceries,79072,72278,1,1,1,0.51,0.81,5,0.99,none,1
TXN03532,laptop,67215,34882,1,1,1,0.33,0.95,3,0.57,merchant_violation,0
TXN03533,laptop,97033,72075,0,1,1,0.66,0.7,0,0.47,category_mismatch,0
TXN03534,shoes,6015,4981,1,1,0,0.57,0.55,4,0.26,time_violation,0
TXN03535,books,93762,51252,1,1,1,0.67,0.81,3,0.99,none,1
TXN03536,laptop,46943,35798,1,1,1,0.57,1.0,4,0.91,none,1
TXN03537,headphones,50832,33894,1,1,1,0.31,0.97,5,0.9,none,1
TXN03538,laptop,95896,65955,1,1,1,0.77,0.97,2,0.89,none,1
TXN03539,shoes,61044,39151,1,1,0,0.63,0.53,5,0.56,time_violation,0
TXN03540,laptop,70922,56867,1,1,0,0.97,0.71,4,0.49,time_violation,0
TXN03541,flight,14531,7885,1,1,1,0.5,0.73,3,0.89,none,1
TXN03542,smartphone,35106,17005,1,1,1,0.32,0.66,4,0.9,none,1
TXN03543,groceries,59909,54390,1,1,1,0.54,0.69,0,0.82,none,1
TXN03544,hotel,47441,25891,1,1,1,0.73,0.62,3,0.84,none,1
TXN03545,hotel,33629,12193,1,1,1,0.33,0.78,3,0.84,none,1
TXN03546,headphones,3130,1234,1,1,1,0.67,0.98,3,0.87,none,1
TXN03547,shoes,32486,25743,1,1,1,0.64,0.55,5,0.84,none,1
TXN03548,groceries,65897,41958,1,1,1,0.71,0.5,3,0.82,none,1
TXN03549,hotel,72762,29657,1,1,1,0.9,0.49,5,0.81,none,1
TXN03550,flight,39020,12355,1,1,1,0.34,0.61,4,1.0,none,1
TXN03551,laptop,88268,83226,1,1,1,0.89,0.74,3,0.88,none,1
TXN03552,books,32051,20346,1,1,1,0.52,0.46,1,0.8,none,1
TXN03553,hotel,33601,28248,1,1,1,0.34,0.42,0,0.86,none,1
TXN03554,flight,21629,15852,1,1,1,0.46,0.41,5,0.99,none,1
TXN03555,hotel,14940,10423,1,1,1,0.97,0.65,2,0.88,none,1
TXN03556,groceries,21002,13600,1,1,1,0.44,0.46,4,0.96,none,1
TXN03557,headphones,20041,12358,1,1,1,0.53,0.64,0,0.83,none,1
TXN03558,shoes,5896,3062,1,0,1,0.57,0.68,0,0.29,quantity_violation,0
TXN03559,smartphone,87415,60727,1,1,1,0.33,0.56,4,0.97,none,1
TXN03560,headphones,67432,20794,1,1,1,0.35,0.64,0,0.94,none,1
TXN03561,smartphone,24552,18264,0,1,1,0.69,0.86,3,0.52,category_mismatch,0
TXN03562,laptop,77507,66637,1,1,1,0.59,0.6,3,0.88,none,1
TXN03563,flight,73306,65891,1,1,1,0.5,0.58,0,0.83,none,1
TXN03564,hotel,91974,43756,1,1,1,0.68,0.64,5,0.81,none,1
TXN03565,books,31763,16203,1,1,1,0.33,0.97,0,0.98,none,1
TXN03566,laptop,92154,75165,1,1,0,0.87,0.95,0,0.5,time_violation,0
TXN03567,shoes,88757,27024,1,1,1,0.36,0.56,0,0.97,none,1
TXN03568,smartphone,14360,12392,1,1,1,0.73,0.84,3,0.99,none,1
TXN03569,headphones,40816,23936,1,1,1,0.69,0.87,2,0.81,none,1
TXN03570,laptop,29894,16340,1,0,1,0.83,0.71,0,0.67,quantity_violation,0
TXN03571,smartphone,41901,40259,1,0,1,0.79,0.54,2,0.52,quantity_violation,0
TXN03572,books,77971,40295,1,1,1,0.62,0.7,3,0.8,none,1
TXN03573,hotel,7260,6765,1,1,1,0.62,0.58,4,0.89,none,1
TXN03574,shoes,10071,12558,1,1,1,0.87,0.86,3,0.34,budget_violation,0
TXN03575,books,17402,7077,1,1,1,0.53,0.99,4,0.85,none,1
TXN03576,laptop,60636,19350,1,1,1,0.45,1.0,3,0.85,none,1
TXN03577,books,1486,684,1,1,1,0.73,0.82,3,0.95,none,1
TXN03578,hotel,12660,12428,1,1,0,0.35,0.9,0,0.31,time_violation,0
TXN03579,groceries,60103,57591,1,1,1,0.79,0.73,2,0.9,none,1
TXN03580,groceries,32645,36265,1,1,1,1.0,0.76,5,0.37,budget_violation,0
TXN03581,groceries,13402,9355,0,1,1,0.57,0.57,0,0.34,category_mismatch,0
TXN03582,hotel,69295,49865,1,1,1,0.91,0.63,5,0.93,none,1
TXN03583,hotel,67684,94789,1,1,1,0.93,0.55,0,0.21,budget_violation,0
TXN03584,laptop,60768,18397,1,1,1,0.35,0.69,1,0.93,none,1
TXN03585,flight,76251,54661,1,1,1,0.87,0.89,0,0.89,none,1
TXN03586,smartphone,15502,5452,1,1,1,0.37,0.82,3,0.97,none,1
TXN03587,laptop,37442,15693,1,1,1,0.36,0.57,0,0.99,none,1
TXN03588,flight,44802,26702,1,1,1,0.5,0.54,5,0.93,none,1
TXN03589,hotel,87978,51468,1,1,1,0.79,0.61,1,0.85,none,1
TXN03590,smartphone,63920,20362,1,1,1,0.45,0.54,1,0.98,none,1
TXN03591,laptop,41778,35840,1,1,1,0.71,0.63,3,1.0,none,1
TXN03592,shoes,95285,36033,1,1,1,0.82,0.69,3,0.85,none,1
TXN03593,books,29371,26678,1,1,1,0.83,0.82,1,0.85,none,1
TXN03594,books,95064,90345,1,1,1,0.44,0.85,4,0.96,none,1
TXN03595,groceries,44197,20795,1,1,1,0.74,0.92,5,0.96,none,1
TXN03596,books,88003,157813,1,1,1,0.97,0.56,1,0.6,budget_violation,0
TXN03597,books,80817,77265,1,1,1,0.6,0.62,4,0.93,none,1
TXN03598,books,31014,19345,1,1,1,0.39,0.93,0,0.88,none,1
TXN03599,flight,4210,3654,1,1,1,0.69,0.51,2,0.95,none,1
TXN03600,groceries,40617,35488,1,1,1,0.67,0.76,0,0.82,none,1
TXN03601,hotel,87851,66074,1,1,1,0.55,0.4,1,0.92,none,1
TXN03602,shoes,33838,21412,1,1,1,0.89,0.46,4,1.0,none,1
TXN03603,groceries,98958,40141,1,1,1,0.53,0.76,5,0.81,none,1
TXN03604,laptop,82413,47189,1,1,1,0.34,0.43,0,0.96,none,1
TXN03605,smartphone,88454,29965,1,1,1,0.87,0.65,3,0.81,none,1
TXN03606,books,26234,22336,1,1,1,0.98,0.85,5,0.9,none,1
TXN03607,headphones,12497,3759,1,1,1,0.77,0.73,1,0.93,none,1
TXN03608,shoes,70580,54078,1,1,1,0.56,0.74,0,0.95,none,1
TXN03609,groceries,63661,34172,0,1,1,0.48,0.56,0,0.45,category_mismatch,0
TXN03610,books,83325,77328,1,1,0,0.96,0.98,5,0.41,time_violation,0
TXN03611,headphones,17573,14769,1,1,1,0.67,0.48,1,0.8,none,1
TXN03612,shoes,99389,90540,1,1,0,0.39,0.63,5,0.51,time_violation,0
TXN03613,shoes,4808,3033,1,1,0,0.38,0.78,4,0.32,time_violation,0
TXN03614,shoes,42532,30905,1,1,1,0.35,0.91,3,0.85,none,1
TXN03615,shoes,20312,16924,1,1,1,0.8,0.84,5,0.29,merchant_violation,0
TXN03616,flight,19338,13025,1,1,1,0.92,0.78,3,0.96,none,1
TXN03617,smartphone,23912,17258,1,1,1,0.62,0.56,4,0.91,none,1
TXN03618,headphones,25444,23787,1,1,1,0.59,0.55,2,0.94,none,1
TXN03619,hotel,33546,27604,1,1,1,0.6,0.82,4,0.89,none,1
TXN03620,smartphone,16223,9902,0,1,1,0.6,0.41,5,0.46,category_mismatch,0
TXN03621,flight,74653,26846,1,1,1,0.53,0.82,4,0.93,none,1
TXN03622,laptop,84926,67008,1,1,1,0.42,0.69,3,0.99,none,1
TXN03623,laptop,23509,16550,1,1,1,0.78,0.41,5,0.85,none,1
TXN03624,groceries,31851,12146,1,1,1,0.43,0.83,3,0.88,none,1
TXN03625,laptop,29359,22147,1,0,1,0.35,0.88,1,0.51,quantity_violation,0
TXN03626,flight,87231,60838,1,1,1,0.64,0.86,5,0.89,none,1
TXN03627,shoes,79858,78558,1,1,1,0.9,0.59,2,0.81,none,1
TXN03628,headphones,34404,16809,1,1,1,0.36,0.44,5,0.84,none,1
TXN03629,groceries,60775,43323,1,1,1,0.97,0.64,5,0.43,merchant_violation,0
TXN03630,groceries,14641,14260,1,0,1,0.5,0.91,1,0.3,quantity_violation,0
TXN03631,laptop,72177,70597,1,1,0,0.32,0.97,5,0.27,time_violation,0
TXN03632,headphones,83349,47480,1,1,1,0.63,0.98,1,0.6,merchant_violation,0
TXN03633,laptop,62827,41791,1,1,1,0.44,0.5,3,0.85,none,1
TXN03634,groceries,47287,23805,1,1,1,0.54,0.51,3,0.83,none,1
TXN03635,smartphone,81895,25858,1,1,1,0.51,0.73,2,0.97,none,1
TXN03636,smartphone,58259,24009,1,1,1,0.73,0.66,1,0.93,none,1
TXN03637,flight,9679,6550,1,0,1,0.36,0.83,0,0.68,quantity_violation,0
TXN03638,smartphone,5241,3841,1,1,1,0.78,0.86,5,0.83,none,1
TXN03639,groceries,23664,25075,1,1,1,0.59,1.0,1,0.26,budget_violation,0
TXN03640,flight,6018,3703,1,1,1,0.79,0.51,2,0.54,merchant_violation,0
TXN03641,hotel,26885,14292,1,1,1,0.44,0.47,3,0.95,none,1
TXN03642,headphones,74433,41379,1,1,1,0.59,0.64,0,0.41,merchant_violation,0
TXN03643,groceries,81244,56115,1,1,1,0.81,0.58,1,0.84,none,1
TXN03644,laptop,34323,32157,1,1,1,0.34,0.41,0,0.89,none,1
TXN03645,hotel,77059,24769,1,1,1,0.68,0.57,5,0.87,none,1
TXN03646,laptop,14087,10693,1,1,1,0.64,0.58,4,0.99,none,1
TXN03647,headphones,68597,44441,0,1,1,0.38,0.4,0,0.53,category_mismatch,0
TXN03648,groceries,81645,64789,1,1,1,0.37,0.83,1,0.82,none,1
TXN03649,headphones,93844,38650,1,1,1,0.47,0.5,5,0.96,none,1
TXN03650,laptop,43516,29755,1,1,1,0.99,0.79,5,0.86,none,1
TXN03651,flight,36522,35362,1,1,1,0.9,0.58,3,0.83,none,1
TXN03652,flight,98799,43366,1,1,1,0.55,0.86,0,0.82,none,1
TXN03653,flight,21861,11445,1,1,1,0.78,0.9,3,0.89,none,1
TXN03654,headphones,53673,95934,1,1,1,0.49,0.75,1,0.21,budget_violation,0
TXN03655,flight,70946,46487,1,1,1,0.79,0.76,0,0.97,none,1
TXN03656,groceries,9835,8799,1,1,1,0.52,0.94,1,0.92,none,1
TXN03657,shoes,49231,26089,1,1,1,0.78,0.58,5,0.87,none,1
TXN03658,headphones,6923,5922,1,1,1,0.69,0.67,3,0.9,none,1
TXN03659,smartphone,15021,12763,1,1,1,0.99,0.88,1,0.8,none,1
TXN03660,hotel,44431,43546,1,1,1,0.61,0.55,5,0.82,none,1
TXN03661,groceries,1073,1057,1,1,1,0.89,0.98,4,0.89,none,1
TXN03662,laptop,15290,11643,1,1,1,0.97,0.51,1,0.84,none,1
TXN03663,groceries,8967,5361,1,1,1,0.62,0.81,0,0.26,merchant_violation,0
TXN03664,shoes,1921,1814,1,1,1,0.5,0.94,5,0.82,none,1
TXN03665,shoes,96751,69951,1,1,1,0.75,0.75,4,0.83,none,1
TXN03666,smartphone,84021,44518,1,1,1,0.58,0.43,1,0.84,none,1
TXN03667,books,99063,65711,1,1,1,0.55,0.9,4,0.87,none,1
TXN03668,groceries,68178,46515,1,1,1,0.84,0.87,4,0.89,none,1
TXN03669,shoes,7704,7146,1,1,1,0.31,0.4,1,0.9,none,1
TXN03670,hotel,81671,59473,1,1,1,0.85,0.84,2,0.96,none,1
TXN03671,flight,61627,46207,1,1,1,0.48,0.88,2,0.82,none,1
TXN03672,laptop,60231,56252,1,1,1,0.42,0.66,3,0.93,none,1
TXN03673,flight,38330,19487,1,1,1,0.62,0.61,4,0.82,none,1
TXN03674,groceries,5062,4118,1,1,1,0.47,0.75,4,0.84,none,1
TXN03675,flight,83139,75120,1,1,1,0.82,0.68,4,0.94,none,1
TXN03676,groceries,48693,25318,1,1,1,0.66,0.53,5,0.9,none,1
TXN03677,groceries,88293,60614,1,1,1,0.56,0.72,1,1.0,none,1
TXN03678,laptop,65068,51104,1,1,1,0.34,0.67,5,0.82,none,1
TXN03679,books,62039,22690,1,1,1,0.94,0.78,1,0.86,none,1
TXN03680,laptop,85137,54858,1,1,1,0.67,0.63,1,0.83,none,1
TXN03681,shoes,94781,49767,1,1,1,0.31,0.94,3,0.92,none,1
TXN03682,flight,18025,9609,1,1,1,0.84,0.84,1,0.82,none,1
TXN03683,headphones,90571,47146,1,1,1,0.41,0.54,5,0.93,none,1
TXN03684,flight,16581,9582,1,1,0,0.72,0.43,1,0.68,time_violation,0
TXN03685,shoes,36106,12723,1,1,1,0.6,0.77,0,0.92,none,1
TXN03686,flight,42151,33147,1,1,1,0.99,0.43,1,0.81,none,1
TXN03687,groceries,15882,5583,1,1,1,0.59,0.59,2,0.91,none,1
TXN03688,books,52331,28985,0,1,1,0.69,0.96,4,0.25,category_mismatch,0
TXN03689,headphones,63601,52730,1,1,1,0.31,0.65,0,0.89,none,1
TXN03690,groceries,14548,6084,1,1,1,0.4,0.99,5,0.85,none,1
TXN03691,laptop,48799,24316,1,1,1,0.69,0.61,5,0.8,none,1
TXN03692,hotel,49624,43068,1,1,1,0.54,0.6,1,0.99,none,1
TXN03693,shoes,93496,28481,1,1,1,0.65,0.86,4,0.96,none,1
TXN03694,hotel,29362,21847,0,1,1,0.9,0.52,5,0.5,category_mismatch,0
TXN03695,hotel,89915,29200,1,1,1,0.66,0.82,1,0.88,none,1
TXN03696,groceries,95486,83429,1,1,1,0.4,0.98,4,0.8,none,1
TXN03697,headphones,20617,14169,1,1,0,0.54,0.41,0,0.43,time_violation,0
TXN03698,laptop,57579,54193,1,1,1,0.32,0.83,2,0.94,none,1
TXN03699,headphones,6068,5607,1,1,1,0.48,0.77,3,0.42,merchant_violation,0
TXN03700,books,22442,12739,1,1,1,0.81,0.73,1,0.94,none,1
TXN03701,shoes,78092,70174,1,1,1,0.35,0.76,4,0.98,none,1
TXN03702,headphones,15742,9636,1,0,1,0.64,0.5,3,0.22,quantity_violation,0
TXN03703,laptop,74298,56128,0,1,1,0.76,0.67,2,0.29,category_mismatch,0
TXN03704,laptop,42360,28045,1,1,1,0.81,0.72,3,0.59,merchant_violation,0
TXN03705,headphones,9144,3707,1,1,1,0.79,0.71,5,0.95,none,1
TXN03706,laptop,11374,4745,1,1,1,0.98,0.73,2,0.85,none,1
TXN03707,groceries,48929,25777,1,1,1,0.82,0.56,3,0.8,none,1
TXN03708,groceries,91781,69084,1,1,1,0.92,0.97,3,0.83,none,1
TXN03709,hotel,45910,27948,1,1,0,0.69,0.82,3,0.45,time_violation,0
TXN03710,hotel,2847,2469,1,1,1,0.79,0.56,2,0.9,none,1
TXN03711,books,7928,2857,1,1,1,0.93,0.71,4,0.89,none,1
TXN03712,headphones,72533,42012,1,1,1,0.34,0.76,4,0.96,none,1
TXN03713,headphones,53566,18739,1,1,1,0.75,0.63,0,0.89,none,1
TXN03714,laptop,45774,24592,1,1,0,0.66,0.65,2,0.39,time_violation,0
TXN03715,groceries,72139,61781,1,1,1,0.35,0.9,5,0.88,none,1
TXN03716,hotel,62859,44256,1,1,1,0.56,0.44,3,0.92,none,1
TXN03717,shoes,17149,14279,1,1,1,1.0,0.48,5,0.87,none,1
TXN03718,flight,89113,31924,1,1,1,0.58,0.41,4,0.92,none,1
TXN03719,hotel,73897,37050,1,1,0,0.79,0.68,5,0.46,time_violation,0
TXN03720,groceries,64687,24059,1,1,1,0.42,0.69,5,0.82,none,1
TXN03721,laptop,62773,21389,1,1,1,0.46,0.65,4,0.92,none,1
TXN03722,books,79263,62583,1,1,1,0.75,0.58,0,0.93,none,1
TXN03723,flight,9830,9462,1,1,1,0.34,0.68,0,0.45,merchant_violation,0
TXN03724,flight,4680,1442,1,1,1,0.33,0.61,2,0.91,none,1
TXN03725,headphones,90925,67166,1,1,1,0.79,0.77,0,0.82,none,1
TXN03726,headphones,82278,51791,1,1,1,0.93,0.87,3,0.85,none,1
TXN03727,books,89400,68348,1,1,1,0.96,0.78,4,0.88,none,1
TXN03728,books,99063,87372,1,1,1,0.42,0.49,5,0.94,none,1
TXN03729,hotel,88680,30089,1,1,1,0.36,0.57,2,0.96,none,1
TXN03730,shoes,58777,32119,1,0,1,0.93,0.51,3,0.67,quantity_violation,0
TXN03731,shoes,59214,50767,1,1,1,0.58,0.74,5,0.92,none,1
TXN03732,groceries,70936,62676,1,1,0,0.3,0.72,2,0.45,time_violation,0
TXN03733,smartphone,61005,46370,1,1,1,0.86,0.71,4,0.94,none,1
TXN03734,smartphone,37049,19170,1,1,1,0.34,0.97,2,0.45,merchant_violation,0
TXN03735,headphones,38125,29420,1,1,1,0.61,0.56,0,0.91,none,1
TXN03736,groceries,28407,25067,1,0,1,0.52,0.98,5,0.5,quantity_violation,0
TXN03737,smartphone,16277,28212,1,1,1,0.66,0.88,0,0.68,budget_violation,0
TXN03738,hotel,54786,50838,1,1,1,0.73,0.8,5,0.86,none,1
TXN03739,shoes,22750,20779,1,0,1,0.59,0.7,1,0.23,quantity_violation,0
TXN03740,books,95792,72378,1,1,1,0.79,0.91,0,0.98,none,1
TXN03741,laptop,21473,13578,1,1,0,0.54,0.98,3,0.53,time_violation,0
TXN03742,headphones,2134,1135,1,1,1,0.68,0.5,4,0.9,none,1
TXN03743,books,72835,58470,1,1,1,0.4,0.44,2,0.89,none,1
TXN03744,hotel,80803,40080,1,1,1,0.51,0.4,1,0.92,none,1
TXN03745,books,14591,9970,1,1,1,0.48,0.68,1,0.82,none,1
TXN03746,groceries,11292,7332,1,1,1,0.67,0.89,2,0.96,none,1
TXN03747,headphones,56551,54284,1,1,1,0.6,0.95,4,0.93,none,1
TXN03748,books,78290,52244,1,1,1,0.96,0.6,2,0.87,none,1
TXN03749,hotel,60233,58819,1,1,1,0.46,0.4,4,0.99,none,1
TXN03750,headphones,95639,95044,1,1,1,0.99,0.65,0,0.94,none,1
TXN03751,groceries,24854,13247,1,1,1,0.99,0.99,4,0.84,none,1
TXN03752,groceries,33662,10739,1,1,1,0.41,0.57,4,0.86,none,1
TXN03753,hotel,63720,37935,1,1,1,0.85,0.61,0,0.98,none,1
TXN03754,smartphone,48204,41567,1,1,1,0.4,0.48,1,0.97,none,1
TXN03755,laptop,61992,41388,1,1,0,0.48,0.42,2,0.68,time_violation,0
TXN03756,smartphone,50645,36705,0,1,1,0.95,0.54,0,0.31,category_mismatch,0
TXN03757,books,89498,47765,1,1,0,0.59,0.79,2,0.35,time_violation,0
TXN03758,flight,55836,92121,1,1,1,0.37,0.78,1,0.47,budget_violation,0
TXN03759,laptop,65427,28147,1,1,1,0.93,0.72,0,0.98,none,1
TXN03760,groceries,11167,10244,1,1,1,0.54,0.92,2,0.9,none,1
TXN03761,groceries,31362,16567,1,1,1,0.88,0.45,0,0.83,none,1
TXN03762,headphones,45379,43447,0,1,1,0.67,0.72,3,0.49,category_mismatch,0
TXN03763,flight,81406,78245,1,1,1,0.72,0.86,1,0.47,merchant_violation,0
TXN03764,headphones,91790,91157,1,1,1,0.61,0.42,1,0.81,none,1
TXN03765,smartphone,88798,80561,0,1,1,0.68,0.92,3,0.25,category_mismatch,0
TXN03766,headphones,28473,26837,1,1,1,0.45,0.66,3,0.9,none,1
TXN03767,hotel,17616,16746,1,1,1,0.82,0.73,1,0.89,none,1
TXN03768,flight,25399,17028,1,1,1,0.82,0.99,5,0.85,none,1
TXN03769,laptop,67298,42948,1,1,1,0.69,0.9,3,0.99,none,1
TXN03770,laptop,54306,33331,1,1,1,0.46,0.78,2,0.61,merchant_violation,0
TXN03771,flight,63958,37526,1,1,0,0.97,0.48,3,0.45,time_violation,0
TXN03772,laptop,8331,5580,0,1,1,0.55,0.75,1,0.23,category_mismatch,0
TXN03773,headphones,61592,36037,0,1,1,0.54,0.95,3,0.66,category_mismatch,0
TXN03774,laptop,41917,35715,1,1,1,0.33,0.84,1,0.87,none,1
TXN03775,flight,39057,25966,1,1,1,0.81,0.82,1,1.0,none,1
TXN03776,books,61051,30844,1,1,1,0.37,0.69,4,0.91,none,1
TXN03777,smartphone,48144,28642,1,1,1,0.85,0.57,5,0.89,none,1
TXN03778,groceries,45993,14124,1,1,1,0.97,0.57,5,0.99,none,1
TXN03779,hotel,98796,64180,1,1,1,0.46,0.51,1,0.92,none,1
TXN03780,smartphone,91411,73233,1,1,1,0.55,0.68,5,0.42,merchant_violation,0
TXN03781,laptop,87407,80748,1,1,1,0.47,0.77,2,0.92,none,1
TXN03782,hotel,21926,7065,1,1,1,0.59,0.78,4,0.86,none,1
TXN03783,laptop,12159,14822,1,1,1,0.97,0.75,0,0.55,budget_violation,0
TXN03784,shoes,95547,62025,1,1,1,0.91,0.63,4,0.84,none,1
TXN03785,flight,56613,19097,1,1,1,0.92,0.73,0,0.81,none,1
TXN03786,laptop,16331,7396,1,1,1,0.62,0.9,1,0.87,none,1
TXN03787,books,3775,2814,1,1,0,0.66,0.68,2,0.66,time_violation,0
TXN03788,flight,80711,59298,1,1,1,0.62,0.95,5,0.98,none,1
TXN03789,flight,65833,35568,1,1,1,0.7,0.99,0,0.98,none,1
TXN03790,flight,86005,48764,1,1,0,0.8,0.45,0,0.35,time_violation,0
TXN03791,flight,38516,26630,1,1,1,0.74,0.97,5,0.86,none,1
TXN03792,flight,19797,6794,1,1,1,0.62,0.8,4,0.93,none,1
TXN03793,headphones,10739,5577,1,1,1,0.91,0.77,5,0.84,none,1
TXN03794,hotel,50055,39912,1,1,1,0.52,0.44,1,0.81,none,1
TXN03795,headphones,63073,52699,1,1,1,0.92,0.68,0,0.9,none,1
TXN03796,headphones,40345,17428,1,1,1,0.81,0.81,1,0.83,none,1
TXN03797,smartphone,23089,11525,1,1,1,0.99,0.41,5,0.83,none,1
TXN03798,shoes,58213,86266,1,1,1,0.36,0.88,0,0.61,budget_violation,0
TXN03799,laptop,48408,36888,1,1,1,0.55,0.74,4,0.91,none,1
TXN03800,laptop,38003,24128,1,1,1,0.94,0.45,5,0.85,none,1
TXN03801,headphones,43587,13325,1,1,1,0.69,0.76,0,0.84,none,1
TXN03802,hotel,98126,96573,1,1,1,0.48,0.7,2,0.89,none,1
TXN03803,shoes,29093,22690,1,1,1,0.6,0.51,3,0.89,none,1
TXN03804,groceries,12427,8017,0,1,1,0.39,0.86,1,0.21,category_mismatch,0
TXN03805,headphones,82165,61726,0,1,1,1.0,0.42,2,0.5,category_mismatch,0
TXN03806,hotel,74463,56801,1,1,1,0.72,0.73,5,0.46,merchant_violation,0
TXN03807,smartphone,76811,45204,1,1,1,0.87,0.49,0,0.96,none,1
TXN03808,smartphone,89617,63902,1,1,1,0.66,0.44,1,0.84,none,1
TXN03809,groceries,74608,58741,1,1,1,0.37,0.98,1,0.95,none,1
TXN03810,groceries,65101,64248,1,0,1,0.8,0.82,0,0.66,quantity_violation,0
TXN03811,smartphone,2487,1125,1,1,1,0.68,0.74,4,0.82,none,1
TXN03812,books,39084,44321,1,1,1,0.81,0.87,0,0.58,budget_violation,0
TXN03813,shoes,36708,17783,1,1,1,0.56,0.42,3,0.82,none,1
TXN03814,books,52228,45880,1,1,1,0.65,0.61,5,0.83,none,1
TXN03815,books,20926,18372,1,1,0,0.45,0.64,1,0.53,time_violation,0
TXN03816,smartphone,13166,11809,1,1,1,0.82,0.86,2,0.95,none,1
TXN03817,books,5060,4208,1,1,1,0.7,0.63,1,0.81,none,1
TXN03818,groceries,61510,49017,1,0,1,0.5,0.95,3,0.4,quantity_violation,0
TXN03819,shoes,94809,57748,0,1,1,0.62,0.42,0,0.57,category_mismatch,0
TXN03820,flight,69539,58895,1,1,1,0.71,0.92,0,0.85,none,1
TXN03821,laptop,74326,35286,1,1,1,0.45,0.53,0,0.96,none,1
TXN03822,groceries,45255,38232,1,1,1,0.51,0.93,4,0.94,none,1
TXN03823,shoes,82664,34699,1,1,1,0.63,0.76,0,0.97,none,1
TXN03824,books,25445,24342,1,0,1,0.89,0.48,2,0.48,quantity_violation,0
TXN03825,flight,98346,98293,1,0,1,0.38,0.77,0,0.65,quantity_violation,0
TXN03826,groceries,4136,3902,1,1,1,0.66,0.5,1,0.89,none,1
TXN03827,shoes,72801,31800,1,1,1,0.91,0.9,1,0.83,none,1
TXN03828,shoes,70715,59925,1,0,1,0.59,0.66,4,0.36,quantity_violation,0
TXN03829,groceries,36844,30088,1,1,1,0.96,0.56,3,0.85,none,1
TXN03830,smartphone,18074,9991,0,1,1,0.53,0.93,4,0.42,category_mismatch,0
TXN03831,groceries,5891,4457,1,0,1,0.3,0.46,5,0.59,quantity_violation,0
TXN03832,hotel,11416,4849,1,1,1,0.38,0.59,1,0.94,none,1
TXN03833,smartphone,10527,5967,1,1,1,0.37,0.63,0,0.97,none,1
TXN03834,groceries,10978,6402,1,1,1,0.82,0.41,2,0.37,merchant_violation,0
TXN03835,hotel,50687,47485,1,1,1,0.42,0.64,1,0.88,none,1
TXN03836,hotel,31339,11365,1,1,1,0.49,0.42,2,0.98,none,1
TXN03837,hotel,83822,41623,1,1,1,0.54,0.74,5,0.88,none,1
TXN03838,groceries,4756,8030,1,1,1,0.36,0.97,5,0.69,budget_violation,0
TXN03839,headphones,66082,64068,1,1,1,0.98,0.63,4,0.89,none,1
TXN03840,hotel,91045,140093,1,1,1,0.81,0.86,5,0.64,budget_violation,0
TXN03841,shoes,52193,24125,1,1,1,0.56,0.87,0,0.99,none,1
TXN03842,flight,90021,28359,1,1,1,0.85,0.52,0,0.96,none,1
TXN03843,smartphone,54266,50728,1,1,1,0.32,0.47,1,0.88,none,1
TXN03844,hotel,99778,31278,1,1,1,0.49,0.72,2,0.91,none,1
TXN03845,shoes,98714,85789,1,1,1,0.32,0.81,1,0.96,none,1
TXN03846,flight,94392,50477,1,1,1,0.8,0.58,1,0.92,none,1
TXN03847,flight,34434,24581,1,1,0,0.53,0.48,0,0.69,time_violation,0
TXN03848,books,92136,50454,1,1,1,0.6,0.68,1,0.9,none,1
TXN03849,laptop,15712,14944,1,1,1,0.92,0.93,5,0.97,none,1
TXN03850,books,27829,21984,1,1,0,0.85,0.82,2,0.49,time_violation,0
TXN03851,shoes,42031,36620,1,1,1,0.8,0.73,1,0.88,none,1
TXN03852,books,95166,103708,1,1,1,0.61,0.68,0,0.26,budget_violation,0
TXN03853,hotel,84395,51812,1,1,1,0.97,0.84,1,0.81,none,1
TXN03854,hotel,75223,37407,1,1,1,0.79,0.91,1,0.93,none,1
TXN03855,shoes,42075,35414,1,1,1,0.85,0.93,4,0.84,none,1
TXN03856,shoes,64359,58234,1,1,1,0.8,0.92,5,0.45,merchant_violation,0
TXN03857,smartphone,87447,61849,0,1,1,0.53,0.56,3,0.68,category_mismatch,0
TXN03858,books,13564,7313,1,1,1,0.69,0.93,5,1.0,none,1
TXN03859,books,5917,3936,1,1,1,0.72,0.44,5,0.99,none,1
TXN03860,books,96383,36740,1,1,1,0.59,0.45,3,0.85,none,1
TXN03861,groceries,94397,92271,1,1,1,1.0,0.91,1,0.81,none,1
TXN03862,books,48610,20451,1,1,1,0.84,0.92,3,0.84,none,1
TXN03863,flight,94119,94118,1,1,0,0.77,0.98,4,0.54,time_violation,0
TXN03864,books,61095,47663,1,1,0,0.92,0.78,2,0.32,time_violation,0
TXN03865,flight,13426,12273,1,1,1,0.69,0.5,1,0.4,merchant_violation,0
TXN03866,laptop,81544,47630,1,1,1,0.81,0.49,3,0.87,none,1
TXN03867,shoes,72999,64258,1,1,1,0.75,0.62,0,0.88,none,1
TXN03868,groceries,88639,87093,1,1,1,0.84,0.4,0,0.84,none,1
TXN03869,books,2261,1864,1,1,1,0.89,0.41,0,0.96,none,1
TXN03870,books,69181,46310,1,1,1,0.66,0.84,5,0.94,none,1
TXN03871,groceries,99495,70246,1,1,1,0.41,0.7,5,0.81,none,1
TXN03872,shoes,36777,26321,1,1,1,0.77,0.81,3,0.94,none,1
TXN03873,books,54656,23130,1,1,1,0.59,0.44,3,0.96,none,1
TXN03874,hotel,45605,27780,1,1,1,0.6,0.64,5,0.86,none,1
TXN03875,headphones,66817,42477,1,1,1,0.63,0.61,0,0.3,merchant_violation,0
TXN03876,flight,18350,6288,1,1,1,0.61,0.51,4,1.0,none,1
TXN03877,shoes,8647,7191,1,1,0,0.93,0.61,2,0.68,time_violation,0
TXN03878,shoes,32656,58758,1,1,1,0.62,0.87,2,0.59,budget_violation,0
TXN03879,laptop,97002,51848,1,1,1,0.6,0.61,5,0.83,none,1
TXN03880,books,53391,29774,1,1,1,0.39,0.82,1,0.9,none,1
TXN03881,laptop,9106,5014,1,1,1,0.89,0.53,5,0.98,none,1
TXN03882,groceries,79706,34742,1,1,1,0.64,0.54,2,0.83,none,1
TXN03883,flight,92377,77719,1,1,1,0.84,0.54,1,0.98,none,1
TXN03884,shoes,66181,28482,1,1,1,0.83,0.52,0,0.85,none,1
TXN03885,shoes,95039,79526,1,1,1,0.79,0.93,0,0.91,none,1
TXN03886,hotel,19687,9364,1,1,1,0.93,0.52,3,0.8,none,1
TXN03887,shoes,26046,21915,0,1,1,0.74,0.72,4,0.31,category_mismatch,0
TXN03888,hotel,49121,41076,1,1,1,0.36,0.62,3,0.98,none,1
TXN03889,laptop,36308,22072,1,1,1,0.71,0.88,5,0.93,none,1
TXN03890,smartphone,63589,44509,1,1,1,0.57,0.41,5,0.93,none,1
TXN03891,hotel,49434,27167,1,1,1,0.51,0.9,1,0.82,none,1
TXN03892,books,88253,75375,1,1,1,0.62,0.8,3,0.86,none,1
TXN03893,flight,28034,20758,1,1,1,0.62,0.79,4,0.89,none,1
TXN03894,flight,81837,62448,0,1,1,0.69,0.78,4,0.22,category_mismatch,0
TXN03895,books,81426,51145,1,1,1,0.94,0.8,1,0.94,none,1
TXN03896,smartphone,91883,42874,1,1,1,0.37,0.71,4,0.96,none,1
TXN03897,groceries,46278,39131,1,1,1,0.78,0.84,1,0.87,none,1
TXN03898,groceries,58135,54533,1,1,1,0.75,0.64,5,0.95,none,1
TXN03899,groceries,85702,85130,1,1,1,0.65,0.68,2,0.97,none,1
TXN03900,groceries,33324,22633,1,1,1,0.73,0.93,0,0.32,merchant_violation,0
TXN03901,flight,25274,22735,1,1,1,0.57,0.49,2,0.87,none,1
TXN03902,groceries,32721,19934,1,1,1,0.44,0.81,3,0.85,none,1
TXN03903,hotel,81620,58564,1,1,1,0.31,0.73,2,0.86,none,1
TXN03904,hotel,55363,46786,1,1,1,0.76,0.52,3,0.81,none,1
TXN03905,books,29468,25612,0,1,1,0.36,0.8,5,0.6,category_mismatch,0
TXN03906,books,27741,15624,1,1,1,0.78,0.98,2,0.95,none,1
TXN03907,books,27855,24478,1,1,1,0.42,0.84,2,0.98,none,1
TXN03908,books,36114,25961,1,1,1,0.35,0.8,0,0.96,none,1
TXN03909,smartphone,5375,2750,1,1,1,0.66,0.64,5,0.8,none,1
TXN03910,books,28246,23221,1,1,1,0.59,0.58,3,0.95,none,1
TXN03911,shoes,88093,48467,1,1,1,0.55,0.96,0,0.9,none,1
TXN03912,groceries,8638,6318,1,1,1,0.32,0.52,0,0.98,none,1
TXN03913,hotel,93701,52099,1,1,1,0.96,0.46,2,0.87,none,1
TXN03914,books,33364,19782,1,1,1,0.97,0.9,2,0.98,none,1
TXN03915,shoes,91264,42316,1,1,1,0.61,0.73,0,0.95,none,1
TXN03916,flight,18140,12712,1,1,1,0.76,0.63,2,0.98,none,1
TXN03917,smartphone,73499,66106,1,1,1,0.51,0.67,0,0.5,merchant_violation,0
TXN03918,shoes,59334,40191,1,0,1,0.72,0.64,2,0.51,quantity_violation,0
TXN03919,laptop,52782,27915,1,0,1,0.47,0.71,4,0.52,quantity_violation,0
TXN03920,groceries,37755,27401,1,1,1,0.75,0.56,1,0.86,none,1
TXN03921,shoes,47966,38249,1,1,0,0.42,0.47,0,0.54,time_violation,0
TXN03922,groceries,5219,3408,1,1,1,0.34,0.71,0,0.84,none,1
TXN03923,hotel,55998,31763,1,1,1,0.3,0.58,0,0.84,none,1
TXN03924,groceries,35020,21771,1,1,1,0.81,0.75,5,0.95,none,1
TXN03925,smartphone,56840,31710,0,1,1,0.54,0.99,1,0.56,category_mismatch,0
TXN03926,groceries,92586,50533,1,1,1,0.85,0.83,5,0.99,none,1
TXN03927,smartphone,84686,63275,1,1,1,0.33,0.9,0,0.86,none,1
TXN03928,shoes,29161,26902,0,1,1,0.59,0.83,3,0.2,category_mismatch,0
TXN03929,shoes,68583,56542,1,1,1,0.84,0.42,4,0.87,none,1
TXN03930,books,26299,8102,1,1,1,0.99,0.93,0,0.84,none,1
TXN03931,hotel,47375,17352,1,1,1,0.68,0.95,4,0.81,none,1
TXN03932,smartphone,79346,70249,1,1,1,0.38,0.95,5,0.59,merchant_violation,0
TXN03933,flight,5742,3073,1,1,1,0.7,0.8,5,0.96,none,1
TXN03934,shoes,76548,46435,1,1,1,0.65,0.88,3,0.82,none,1
TXN03935,laptop,71289,57399,1,0,1,0.4,0.91,5,0.28,quantity_violation,0
TXN03936,flight,3263,3061,1,1,1,0.37,0.65,1,0.99,none,1
TXN03937,shoes,28202,9925,1,1,1,0.44,0.75,1,0.99,none,1
TXN03938,laptop,74732,67387,1,1,1,0.87,0.42,0,0.99,none,1
TXN03939,shoes,63652,22350,1,1,1,0.95,0.7,4,0.91,none,1
TXN03940,groceries,21250,10166,1,1,1,0.3,0.64,0,0.94,none,1
TXN03941,headphones,55331,45286,1,1,1,0.8,0.79,0,1.0,none,1
TXN03942,flight,10624,6834,1,1,1,0.37,0.47,4,0.89,none,1
TXN03943,smartphone,72046,111701,1,1,1,0.39,0.8,5,0.59,budget_violation,0
TXN03944,shoes,26646,18081,1,0,1,0.91,0.7,3,0.49,quantity_violation,0
TXN03945,headphones,8807,3570,1,1,1,0.38,0.57,5,0.87,none,1
TXN03946,groceries,73741,48184,1,1,1,0.72,0.91,0,0.97,none,1
TXN03947,groceries,84003,78130,1,1,0,0.33,0.57,0,0.37,time_violation,0
TXN03948,smartphone,9533,16033,1,1,1,0.85,0.4,0,0.4,budget_violation,0
TXN03949,hotel,14529,13409,1,1,1,0.84,0.55,5,0.96,none,1
TXN03950,groceries,6570,5197,1,1,1,0.78,0.7,0,0.85,none,1
TXN03951,shoes,36805,19432,1,1,1,0.5,0.93,0,0.96,none,1
TXN03952,laptop,78414,70161,1,1,1,0.53,0.95,4,0.81,none,1
TXN03953,headphones,91742,44365,1,1,1,0.58,0.76,1,0.94,none,1
TXN03954,flight,75907,48654,1,1,1,0.4,0.99,0,0.86,none,1
TXN03955,laptop,39057,24137,1,1,1,0.9,0.79,3,0.84,none,1
TXN03956,shoes,89405,60219,1,1,1,0.62,0.85,4,0.82,none,1
TXN03957,flight,26591,25768,1,1,0,0.98,0.7,4,0.69,time_violation,0
TXN03958,groceries,17182,8684,1,1,1,0.8,0.93,2,0.92,none,1
TXN03959,laptop,18662,18164,1,1,1,0.57,0.77,3,0.99,none,1
TXN03960,smartphone,16854,9621,1,1,1,0.84,0.72,3,0.8,none,1
TXN03961,shoes,41428,16125,1,1,1,0.87,0.64,4,0.92,none,1
TXN03962,groceries,64323,24922,1,1,1,0.56,0.49,3,0.95,none,1
TXN03963,hotel,6872,6259,1,0,1,0.65,0.48,0,0.56,quantity_violation,0
TXN03964,headphones,43243,42400,0,1,1,0.54,0.6,5,0.4,category_mismatch,0
TXN03965,laptop,1090,895,1,1,1,0.67,0.77,4,0.88,none,1
TXN03966,smartphone,60325,58991,1,0,1,0.34,0.86,0,0.51,quantity_violation,0
TXN03967,shoes,44313,52790,1,1,1,0.38,0.56,3,0.21,budget_violation,0
TXN03968,shoes,38769,18203,1,1,1,0.39,0.83,0,0.8,none,1
TXN03969,smartphone,20252,14278,1,1,1,0.94,0.93,1,0.95,none,1
TXN03970,hotel,92534,32625,1,1,1,0.9,0.88,4,0.99,none,1
TXN03971,books,68108,57241,0,1,1,0.74,0.93,3,0.5,category_mismatch,0
TXN03972,headphones,91331,30284,1,1,1,0.4,0.96,3,0.99,none,1
TXN03973,headphones,30895,25066,1,1,0,0.7,0.81,5,0.46,time_violation,0
TXN03974,smartphone,86608,143164,1,1,1,0.7,0.49,2,0.28,budget_violation,0
TXN03975,groceries,46063,30563,1,1,1,0.73,0.88,1,0.94,none,1
TXN03976,flight,67051,65755,1,1,1,0.84,0.92,1,0.88,none,1
TXN03977,hotel,66833,44994,1,1,1,0.44,0.85,3,0.96,none,1
TXN03978,headphones,42230,34776,1,1,1,0.39,0.59,2,0.82,none,1
TXN03979,books,69994,58099,1,1,1,0.69,0.6,1,0.85,none,1
TXN03980,flight,31199,20874,1,1,1,0.66,0.68,0,1.0,none,1
TXN03981,books,52997,29984,1,1,1,0.57,0.43,1,0.91,none,1
TXN03982,books,40220,31669,1,1,1,0.65,0.45,5,0.83,none,1
TXN03983,books,42078,36119,0,1,1,0.57,0.62,1,0.25,category_mismatch,0
TXN03984,headphones,52921,74648,1,1,1,0.51,0.94,0,0.33,budget_violation,0
TXN03985,hotel,29818,31649,1,1,1,0.57,0.57,2,0.38,budget_violation,0
TXN03986,groceries,41093,25598,1,1,1,0.49,0.52,0,0.92,none,1
TXN03987,books,13672,10643,1,1,1,0.55,0.54,1,0.98,none,1
TXN03988,books,22578,20080,1,1,1,0.63,0.46,0,0.95,none,1
TXN03989,hotel,30659,24521,1,1,1,0.56,0.83,5,0.38,merchant_violation,0
TXN03990,groceries,83168,63352,1,1,1,0.36,0.96,4,0.4,merchant_violation,0
TXN03991,headphones,16152,11525,1,1,1,0.65,0.55,3,0.89,none,1
TXN03992,shoes,68498,54228,1,0,1,0.33,0.95,1,0.26,quantity_violation,0
TXN03993,headphones,25407,16787,1,1,1,0.69,0.96,3,0.21,merchant_violation,0
TXN03994,books,28097,27714,1,1,1,0.81,0.93,4,0.84,none,1
TXN03995,groceries,73820,45907,1,1,1,0.81,0.7,0,0.89,none,1
TXN03996,shoes,53781,48496,1,1,1,0.99,0.61,0,0.8,none,1
TXN03997,books,50496,20070,1,1,1,0.9,0.73,1,0.82,none,1
TXN03998,headphones,91104,35434,1,1,1,0.71,0.96,4,0.88,none,1
TXN03999,headphones,64014,30925,1,1,1,0.61,0.66,5,0.96,none,1
TXN04000,shoes,26894,25130,1,1,1,0.81,0.62,4,1.0,none,1
TXN04001,groceries,75700,130590,1,1,1,0.58,0.98,0,0.64,budget_violation,0
TXN04002,flight,31357,19635,0,1,1,0.94,0.52,2,0.46,category_mismatch,0
TXN04003,hotel,76796,53273,1,1,1,0.38,0.71,2,1.0,none,1
TXN04004,groceries,47069,27801,1,0,1,0.32,0.63,1,0.43,quantity_violation,0
TXN04005,smartphone,63107,19770,1,1,1,0.69,0.84,1,0.96,none,1
TXN04006,hotel,83040,30425,1,1,1,0.78,0.84,4,0.87,none,1
TXN04007,flight,97745,67125,1,1,1,0.74,0.62,2,0.83,none,1
TXN04008,shoes,66488,29130,1,1,1,0.37,0.86,3,0.84,none,1
TXN04009,groceries,45099,19125,1,1,1,0.58,0.66,3,0.9,none,1
TXN04010,flight,75443,53758,1,1,1,0.45,0.87,0,0.44,merchant_violation,0
TXN04011,smartphone,77654,65392,1,1,1,1.0,0.41,4,0.93,none,1
TXN04012,hotel,24482,15765,1,1,1,0.39,0.52,4,0.8,none,1
TXN04013,books,54220,58279,1,1,1,0.35,0.53,0,0.37,budget_violation,0
TXN04014,laptop,41346,29204,0,1,1,0.48,0.77,0,0.33,category_mismatch,0
TXN04015,laptop,12407,12101,1,1,1,0.37,0.96,2,0.61,merchant_violation,0
TXN04016,laptop,41876,41312,1,1,1,0.76,0.74,0,0.87,none,1
TXN04017,books,30382,28726,1,1,1,0.57,0.77,4,0.88,none,1
TXN04018,shoes,51738,50934,1,1,1,0.71,0.64,0,0.96,none,1
TXN04019,shoes,61040,37347,1,0,1,0.42,0.62,3,0.48,quantity_violation,0
TXN04020,books,21739,20387,1,1,1,0.73,0.68,5,0.97,none,1
TXN04021,flight,48436,29582,1,1,1,0.44,0.86,3,0.89,none,1
TXN04022,smartphone,16156,8332,1,1,1,0.73,0.9,3,0.94,none,1
TXN04023,shoes,82965,67293,1,1,1,0.9,0.4,4,0.88,none,1
TXN04024,flight,54254,42399,1,1,1,0.91,0.81,3,0.95,none,1
TXN04025,laptop,69648,50387,1,1,1,0.44,0.61,3,1.0,none,1
TXN04026,books,78484,76478,0,1,1,0.94,1.0,3,0.34,category_mismatch,0
TXN04027,books,7692,4424,0,1,1,0.58,0.7,3,0.64,category_mismatch,0
TXN04028,flight,78925,71846,1,1,1,0.48,0.6,3,0.93,none,1
TXN04029,groceries,51464,44953,1,1,1,0.74,0.98,5,0.82,none,1
TXN04030,flight,83360,38931,1,1,1,0.9,0.94,2,0.93,none,1
TXN04031,headphones,34185,21217,1,0,1,0.65,0.76,0,0.48,quantity_violation,0
TXN04032,hotel,90027,60043,1,1,1,0.58,0.93,5,0.92,none,1
TXN04033,flight,4537,2902,1,0,1,0.91,0.42,3,0.46,quantity_violation,0
TXN04034,flight,31090,13651,1,1,1,0.67,0.95,4,0.84,none,1
TXN04035,smartphone,33463,18934,1,1,1,0.98,0.71,5,0.98,none,1
TXN04036,laptop,63222,33361,0,1,1,0.86,0.56,2,0.2,category_mismatch,0
TXN04037,groceries,29629,27235,1,0,1,0.52,0.43,5,0.64,quantity_violation,0
TXN04038,groceries,48312,43893,1,1,1,0.62,0.75,1,0.84,none,1
TXN04039,hotel,52716,39716,1,1,1,0.49,0.99,3,0.97,none,1
TXN04040,laptop,33458,31842,0,1,1,0.44,0.87,4,0.44,category_mismatch,0
TXN04041,smartphone,44997,38148,1,1,1,0.8,0.85,2,0.96,none,1
TXN04042,smartphone,7995,2516,1,1,1,0.74,0.66,3,0.96,none,1
TXN04043,smartphone,90399,47868,1,1,1,0.57,0.99,2,0.92,none,1
TXN04044,books,63360,39823,1,1,1,0.66,1.0,0,0.89,none,1
TXN04045,hotel,33979,24586,1,0,1,0.76,0.56,3,0.46,quantity_violation,0
TXN04046,shoes,45747,38168,1,0,1,0.84,0.81,3,0.22,quantity_violation,0
TXN04047,books,4800,4332,1,1,1,0.63,0.66,3,0.81,none,1
TXN04048,smartphone,84428,66674,1,1,1,0.78,0.47,1,0.92,none,1
TXN04049,shoes,95211,34885,1,1,1,0.45,0.47,1,0.9,none,1
TXN04050,hotel,48699,34662,1,1,1,0.98,0.98,0,0.94,none,1
TXN04051,shoes,33566,32042,1,1,1,0.61,0.6,5,0.9,none,1
TXN04052,laptop,65130,54119,1,1,1,0.74,0.85,5,0.87,none,1
TXN04053,laptop,57009,29525,1,1,0,0.62,0.52,4,0.54,time_violation,0
TXN04054,hotel,58850,28732,1,1,1,0.98,0.88,1,0.85,none,1
TXN04055,flight,61612,51135,1,0,1,0.78,0.4,2,0.64,quantity_violation,0
TXN04056,headphones,63810,96401,1,1,1,0.43,0.92,4,0.63,budget_violation,0
TXN04057,shoes,87929,75839,1,1,1,0.48,0.84,0,0.89,none,1
TXN04058,flight,98794,86942,1,1,1,0.96,1.0,0,0.91,none,1
TXN04059,flight,98312,31142,1,1,1,1.0,0.98,0,0.89,none,1
TXN04060,flight,58109,33543,1,0,1,0.73,0.87,0,0.57,quantity_violation,0
TXN04061,headphones,28095,21191,1,1,1,0.93,0.76,4,0.93,none,1
TXN04062,groceries,50951,90160,1,1,1,0.88,0.5,1,0.38,budget_violation,0
TXN04063,groceries,47219,84231,1,1,1,0.32,0.76,4,0.26,budget_violation,0
TXN04064,flight,37068,32957,1,1,1,0.86,0.81,1,0.98,none,1
TXN04065,laptop,16397,11127,1,1,1,0.37,0.99,2,0.2,merchant_violation,0
TXN04066,hotel,17780,10134,1,1,1,0.33,1.0,3,0.67,merchant_violation,0
TXN04067,headphones,8270,7543,1,1,1,0.85,0.42,1,0.98,none,1
TXN04068,laptop,46428,39668,1,0,1,0.45,0.71,3,0.58,quantity_violation,0
TXN04069,books,79643,35297,1,1,1,0.87,0.96,1,0.85,none,1
TXN04070,flight,84635,39413,1,1,1,0.88,0.62,0,0.91,none,1
TXN04071,books,20049,8650,1,1,1,0.66,0.48,2,0.97,none,1
TXN04072,flight,13906,5969,1,1,1,0.55,0.79,5,0.88,none,1
TXN04073,smartphone,45111,32219,1,1,1,0.47,0.96,0,0.92,none,1
TXN04074,flight,40758,29620,1,1,1,0.37,0.88,0,0.61,merchant_violation,0
TXN04075,hotel,68174,48379,1,1,1,0.38,0.83,2,0.95,none,1
TXN04076,headphones,86774,74271,1,1,0,0.33,0.95,0,0.42,time_violation,0
TXN04077,groceries,79074,42910,1,1,1,0.55,0.82,1,0.87,none,1
TXN04078,flight,67624,60940,1,1,1,0.66,0.83,5,0.83,none,1
TXN04079,books,44219,37026,1,1,1,0.62,0.7,3,0.85,none,1
TXN04080,headphones,49488,56646,1,1,1,0.66,0.49,2,0.57,budget_violation,0
TXN04081,shoes,64245,46962,1,1,1,0.31,0.44,2,0.97,none,1
TXN04082,flight,79622,54397,1,1,1,0.52,0.81,3,0.89,none,1
TXN04083,hotel,95323,35638,1,1,1,0.6,0.52,4,0.87,none,1
TXN04084,groceries,87375,33393,1,1,1,0.53,0.75,2,0.98,none,1
TXN04085,headphones,60035,29084,1,1,1,0.81,0.41,2,0.82,none,1
TXN04086,headphones,21059,16335,1,1,1,0.58,0.52,0,0.99,none,1
TXN04087,flight,15834,6988,1,1,1,0.37,0.94,5,0.96,none,1
TXN04088,laptop,45431,30356,1,0,1,0.47,0.57,2,0.51,quantity_violation,0
TXN04089,flight,48648,41885,1,1,1,0.97,0.65,4,0.99,none,1
TXN04090,shoes,27678,27098,1,1,1,0.76,0.82,3,0.88,none,1
TXN04091,laptop,74464,54279,1,1,1,0.83,0.58,5,0.92,none,1
TXN04092,laptop,66895,53668,1,1,1,0.51,0.45,0,0.87,none,1
TXN04093,flight,90193,47328,1,1,1,0.41,0.78,4,0.89,none,1
TXN04094,shoes,30237,17192,1,1,1,0.33,0.96,5,0.99,none,1
TXN04095,smartphone,88586,28811,1,1,1,0.7,0.98,4,1.0,none,1
TXN04096,flight,85702,84473,1,1,1,0.32,0.62,4,0.84,none,1
TXN04097,smartphone,13168,7724,0,1,1,0.41,0.57,0,0.51,category_mismatch,0
TXN04098,shoes,90911,42378,1,1,1,0.45,0.74,1,0.9,none,1
TXN04099,laptop,25240,19333,1,1,1,0.92,0.73,5,0.89,none,1
TXN04100,headphones,86836,29867,1,1,1,0.67,0.53,2,0.86,none,1
TXN04101,books,69122,61274,1,1,0,0.6,0.55,2,0.64,time_violation,0
TXN04102,headphones,97881,63572,0,1,1,0.79,0.51,1,0.57,category_mismatch,0
TXN04103,groceries,58011,33324,1,0,1,0.87,0.58,0,0.33,quantity_violation,0
TXN04104,shoes,90682,75550,1,1,1,0.72,0.66,1,0.89,none,1
TXN04105,flight,68932,50815,1,1,1,0.88,0.58,4,0.48,merchant_violation,0
TXN04106,hotel,51878,39667,1,1,1,0.51,0.97,3,0.96,none,1
TXN04107,shoes,75584,40397,1,1,1,0.36,0.6,3,0.88,none,1
TXN04108,headphones,26688,8197,1,1,1,0.41,0.63,4,0.95,none,1
TXN04109,groceries,36162,25761,1,1,1,0.57,0.8,4,0.81,none,1
TXN04110,smartphone,87676,37476,1,1,1,0.4,0.87,1,0.85,none,1
TXN04111,headphones,35903,23101,1,1,1,0.43,0.43,3,0.84,none,1
TXN04112,books,93668,45793,1,1,1,0.99,0.81,0,0.84,none,1
TXN04113,groceries,65479,52042,1,1,1,0.99,0.98,3,0.9,none,1
TXN04114,laptop,35799,18955,1,1,1,0.57,0.88,2,0.94,none,1
TXN04115,books,87847,76744,1,1,1,0.94,0.99,3,0.9,none,1
TXN04116,laptop,8092,4338,1,1,1,0.89,0.48,3,0.93,none,1
TXN04117,books,86414,64586,1,1,1,0.96,0.56,3,0.98,none,1
TXN04118,headphones,62196,34437,1,1,0,0.97,0.61,2,0.6,time_violation,0
TXN04119,headphones,6545,3559,0,1,1,0.78,0.66,2,0.43,category_mismatch,0
TXN04120,smartphone,49320,32694,0,1,1,0.74,0.46,4,0.37,category_mismatch,0
TXN04121,laptop,45607,33710,1,1,1,0.46,0.59,4,0.86,none,1
TXN04122,smartphone,83039,79403,0,1,1,0.88,0.83,4,0.63,category_mismatch,0
TXN04123,books,56484,56290,1,1,1,0.43,0.69,4,0.94,none,1
TXN04124,laptop,37588,29092,0,1,1,0.3,0.42,5,0.6,category_mismatch,0
TXN04125,smartphone,97557,32218,1,1,1,0.55,0.48,0,0.91,none,1
TXN04126,flight,61178,46374,1,1,1,0.88,0.58,3,0.87,none,1
TXN04127,laptop,44745,28241,1,1,1,0.79,0.61,4,0.89,none,1
TXN04128,smartphone,39001,35522,1,1,1,0.33,0.97,0,0.51,merchant_violation,0
TXN04129,books,96888,77867,1,1,1,0.39,0.42,0,0.8,none,1
TXN04130,headphones,19341,15353,1,1,1,0.5,0.88,1,0.61,merchant_violation,0
TXN04131,smartphone,38029,17776,1,1,1,0.88,0.43,1,0.82,none,1
TXN04132,headphones,59126,70047,1,1,1,0.6,0.61,0,0.29,budget_violation,0
TXN04133,shoes,53652,52794,1,1,0,0.54,0.41,1,0.33,time_violation,0
TXN04134,flight,44484,26454,1,1,1,0.96,0.94,5,0.85,none,1
TXN04135,books,98961,85305,1,1,0,0.38,0.4,2,0.65,time_violation,0
TXN04136,groceries,73071,43724,1,1,1,0.3,0.68,0,0.95,none,1
TXN04137,headphones,11909,4333,1,1,1,0.57,0.92,4,0.84,none,1
TXN04138,headphones,32578,27919,1,1,1,0.7,0.54,5,0.98,none,1
TXN04139,laptop,83528,40999,1,1,1,0.5,0.75,2,0.99,none,1
TXN04140,groceries,44364,15050,1,1,1,0.61,0.58,1,0.97,none,1
TXN04141,shoes,5203,3631,0,1,1,0.49,0.85,2,0.51,category_mismatch,0
TXN04142,flight,97890,113260,1,1,1,0.32,0.44,5,0.65,budget_violation,0
TXN04143,flight,94073,61438,1,1,1,0.85,0.46,4,0.84,none,1
TXN04144,hotel,52295,42169,1,1,1,0.46,0.65,1,0.8,none,1
TXN04145,books,93886,74163,1,1,1,0.44,0.82,0,0.8,none,1
TXN04146,hotel,16665,16558,1,1,1,0.46,0.96,0,0.93,none,1
TXN04147,headphones,13568,4172,1,1,1,0.98,0.56,0,0.82,none,1
TXN04148,headphones,45696,41659,1,1,1,0.42,0.94,1,0.97,none,1
TXN04149,books,13128,11662,1,1,1,0.68,0.63,0,0.89,none,1
TXN04150,books,50148,27440,1,1,1,0.97,0.54,5,0.59,merchant_violation,0
TXN04151,shoes,5001,1742,1,1,1,0.34,0.61,2,0.98,none,1
TXN04152,smartphone,50600,34597,1,1,1,0.47,0.79,3,0.92,none,1
TXN04153,groceries,38686,12362,1,1,1,0.72,0.89,5,0.86,none,1
TXN04154,groceries,46925,40402,1,1,1,0.51,1.0,2,0.97,none,1
TXN04155,flight,75833,55626,1,0,1,0.76,0.91,3,0.63,quantity_violation,0
TXN04156,laptop,76569,71567,0,1,1,0.63,0.93,2,0.41,category_mismatch,0
TXN04157,headphones,60004,42322,0,1,1,0.83,0.99,5,0.53,category_mismatch,0
TXN04158,smartphone,16896,11130,1,1,1,0.91,0.84,0,1.0,none,1
TXN04159,shoes,58148,41363,1,1,1,0.35,0.57,4,0.8,none,1
TXN04160,smartphone,86679,28976,1,1,1,0.44,0.48,5,0.88,none,1
TXN04161,headphones,70124,51254,1,1,1,0.88,0.91,0,0.24,merchant_violation,0
TXN04162,books,18580,12161,1,1,1,0.92,0.46,4,0.87,none,1
TXN04163,groceries,41096,40064,1,1,1,0.61,0.78,4,0.87,none,1
TXN04164,smartphone,78705,31836,1,1,1,0.55,0.89,0,0.99,none,1
TXN04165,flight,53595,51819,1,1,1,0.76,0.88,5,0.47,merchant_violation,0
TXN04166,headphones,47098,31954,1,1,0,0.6,0.85,5,0.46,time_violation,0
TXN04167,books,25790,9915,1,1,1,0.39,0.47,5,0.9,none,1
TXN04168,books,37982,27538,1,1,1,0.56,0.99,4,0.93,none,1
TXN04169,flight,86800,39173,1,1,1,0.46,0.63,4,0.92,none,1
TXN04170,smartphone,24257,20402,1,1,1,0.89,0.77,0,0.94,none,1
TXN04171,hotel,56808,21937,1,1,1,0.57,0.69,4,0.82,none,1
TXN04172,groceries,77712,34781,1,1,1,0.47,0.42,5,0.82,none,1
TXN04173,books,73982,60716,1,0,1,0.67,0.71,5,0.56,quantity_violation,0
TXN04174,books,50009,46085,1,0,1,0.42,0.81,0,0.27,quantity_violation,0
TXN04175,hotel,72940,34829,1,1,1,0.65,0.47,4,0.83,none,1
TXN04176,shoes,39061,15060,1,1,1,0.46,0.98,1,0.83,none,1
TXN04177,shoes,11840,7365,1,1,1,0.6,0.94,0,0.96,none,1
TXN04178,hotel,90870,80946,1,1,1,0.56,0.85,5,0.81,none,1
TXN04179,flight,64223,41517,1,1,1,0.64,0.91,0,0.89,none,1
TXN04180,shoes,10720,8238,1,1,1,0.45,0.78,1,0.87,none,1
TXN04181,smartphone,10005,6467,1,1,1,0.32,0.75,3,0.83,none,1
TXN04182,hotel,68576,47335,0,1,1,0.79,0.62,5,0.38,category_mismatch,0
TXN04183,groceries,25438,12200,1,1,1,0.44,0.46,4,0.88,none,1
TXN04184,books,1624,1097,1,1,1,0.53,0.64,2,0.85,none,1
TXN04185,hotel,35868,12277,1,1,1,0.8,0.41,1,0.97,none,1
TXN04186,books,35136,19119,1,1,1,0.89,0.49,0,0.82,none,1
TXN04187,smartphone,67182,50269,1,1,1,0.59,0.94,4,0.93,none,1
TXN04188,shoes,21397,19339,1,1,1,0.71,0.62,2,0.84,none,1
TXN04189,hotel,66902,23703,1,1,1,0.36,0.83,0,0.97,none,1
TXN04190,hotel,61038,20584,1,1,1,0.36,0.99,3,0.86,none,1
TXN04191,headphones,51377,49028,1,0,1,0.5,0.99,0,0.66,quantity_violation,0
TXN04192,smartphone,31214,14841,1,1,1,0.57,0.83,1,0.83,none,1
TXN04193,shoes,75660,69476,1,1,0,0.36,0.67,5,0.35,time_violation,0
TXN04194,hotel,51452,17670,1,1,1,0.97,0.77,2,0.97,none,1
TXN04195,hotel,62903,50606,1,1,1,0.34,0.43,1,0.99,none,1
TXN04196,smartphone,7746,7720,1,1,1,0.55,0.63,2,0.83,none,1
TXN04197,hotel,83890,30182,1,1,1,0.42,0.95,1,0.86,none,1
TXN04198,smartphone,64911,22534,1,1,1,0.66,0.94,2,0.89,none,1
TXN04199,smartphone,70308,65748,1,1,1,0.49,0.52,5,0.84,none,1
TXN04200,groceries,48140,14857,1,1,1,0.66,0.99,4,0.96,none,1
TXN04201,smartphone,44088,34725,1,1,1,0.92,0.73,3,0.93,none,1
TXN04202,smartphone,88422,55830,1,1,1,0.42,0.44,2,0.84,none,1
TXN04203,hotel,78679,130672,1,1,1,0.9,0.79,0,0.53,budget_violation,0
TXN04204,headphones,75767,54955,1,1,1,0.65,0.57,2,0.8,none,1
TXN04205,smartphone,29363,28571,1,1,1,0.79,0.64,4,0.92,none,1
TXN04206,smartphone,38291,22535,1,1,1,0.41,0.94,1,0.96,none,1
TXN04207,laptop,15165,13997,1,1,1,0.41,0.77,4,0.93,none,1
TXN04208,hotel,58126,37911,1,1,1,0.97,0.63,2,0.92,none,1
TXN04209,smartphone,91574,57173,1,1,1,0.96,0.76,1,0.93,none,1
TXN04210,books,88559,64176,1,1,1,0.37,0.65,2,0.94,none,1
TXN04211,smartphone,42072,36167,0,1,1,0.69,0.42,0,0.25,category_mismatch,0
TXN04212,laptop,68814,27262,1,1,1,0.37,0.64,4,0.95,none,1
TXN04213,shoes,38987,37702,1,0,1,0.98,0.84,1,0.64,quantity_violation,0
TXN04214,hotel,52712,38917,1,1,0,0.36,0.55,1,0.21,time_violation,0
TXN04215,headphones,42043,24362,1,0,1,0.68,0.66,0,0.61,quantity_violation,0
TXN04216,books,51445,41646,0,1,1,0.81,0.79,5,0.67,category_mismatch,0
TXN04217,books,84858,78904,1,1,1,0.8,0.95,2,0.81,none,1
TXN04218,books,64805,22845,1,1,1,0.61,0.6,2,0.97,none,1
TXN04219,laptop,3682,3127,0,1,1,0.92,0.62,0,0.21,category_mismatch,0
TXN04220,books,19958,18005,1,1,0,0.4,0.57,3,0.37,time_violation,0
TXN04221,smartphone,58261,44656,1,1,1,0.67,0.8,4,0.84,none,1
TXN04222,groceries,99625,82430,1,1,1,0.8,0.75,2,0.94,none,1
TXN04223,shoes,73817,63737,1,1,1,0.42,0.96,4,0.84,none,1
TXN04224,groceries,85948,76367,0,1,1,0.62,0.79,4,0.21,category_mismatch,0
TXN04225,laptop,36939,24975,0,1,1,0.94,0.86,1,0.24,category_mismatch,0
TXN04226,flight,76866,122532,1,1,1,0.78,0.76,5,0.24,budget_violation,0
TXN04227,shoes,42779,36788,1,1,0,0.54,0.89,5,0.2,time_violation,0
TXN04228,books,50146,38902,1,1,1,0.84,0.58,2,0.53,merchant_violation,0
TXN04229,groceries,26928,16675,1,1,1,0.65,0.82,3,0.83,none,1
TXN04230,smartphone,32153,9904,1,1,1,0.53,0.75,0,0.92,none,1
TXN04231,hotel,73410,46905,1,0,1,0.42,0.94,4,0.37,quantity_violation,0
TXN04232,smartphone,26709,23427,1,1,1,0.8,0.85,4,0.81,none,1
TXN04233,hotel,13617,6069,1,1,1,0.78,0.47,5,0.94,none,1
TXN04234,smartphone,4396,2850,1,1,1,0.54,0.8,3,0.85,none,1
TXN04235,flight,97224,93329,1,1,1,0.53,0.42,0,0.9,none,1
TXN04236,books,19659,11149,1,0,1,0.91,0.69,4,0.59,quantity_violation,0
TXN04237,books,6182,2714,1,1,1,0.97,0.81,1,0.93,none,1
TXN04238,smartphone,19340,11776,1,1,1,0.92,0.92,4,0.93,none,1
TXN04239,shoes,47308,24365,1,1,1,0.61,0.81,5,0.86,none,1
TXN04240,headphones,16729,12055,0,1,1,0.52,0.75,1,0.58,category_mismatch,0
TXN04241,books,29502,23694,1,0,1,0.97,0.54,0,0.65,quantity_violation,0
TXN04242,groceries,22230,7506,1,1,1,0.6,0.86,4,0.98,none,1
TXN04243,laptop,4506,2468,1,1,1,0.86,0.55,3,0.35,merchant_violation,0
TXN04244,flight,94750,164701,1,1,1,0.39,0.7,2,0.24,budget_violation,0
TXN04245,hotel,4111,2521,1,1,1,0.39,0.56,3,0.81,none,1
TXN04246,books,70855,60565,1,1,1,0.43,0.86,2,0.91,none,1
TXN04247,books,2408,2363,0,1,1,0.5,0.79,5,0.45,category_mismatch,0
TXN04248,shoes,95927,54184,1,0,1,0.33,0.62,0,0.6,quantity_violation,0
TXN04249,hotel,52786,80327,1,1,1,0.38,0.47,2,0.38,budget_violation,0
TXN04250,books,75871,25274,1,1,1,0.63,0.99,1,0.94,none,1
TXN04251,headphones,89999,64046,1,0,1,0.9,0.82,1,0.53,quantity_violation,0
TXN04252,books,50515,17868,1,1,1,0.67,0.86,4,0.99,none,1
TXN04253,books,94757,84740,1,1,1,0.62,0.65,5,0.89,none,1
TXN04254,flight,9331,6833,1,1,0,0.35,0.87,4,0.47,time_violation,0
TXN04255,shoes,81573,60780,1,1,1,0.41,0.57,3,0.84,none,1
TXN04256,hotel,48349,31888,1,0,1,0.82,0.65,4,0.6,quantity_violation,0
TXN04257,smartphone,85567,52997,1,1,1,0.81,0.57,4,0.91,none,1
TXN04258,laptop,66356,46788,1,1,1,0.58,0.59,5,0.81,none,1
TXN04259,smartphone,46591,40226,1,1,1,0.66,0.77,4,0.82,none,1
TXN04260,flight,32250,25935,1,1,1,0.32,0.94,2,0.92,none,1
TXN04261,shoes,77484,120542,1,1,1,0.52,0.42,3,0.31,budget_violation,0
TXN04262,flight,56112,17164,1,1,1,0.98,0.84,5,0.81,none,1
TXN04263,flight,26849,20397,1,1,1,0.43,0.81,2,0.87,none,1
TXN04264,flight,95239,43174,1,1,1,0.52,0.57,0,0.89,none,1
TXN04265,groceries,60773,59398,1,1,1,0.91,0.72,4,0.99,none,1
TXN04266,headphones,85455,69299,1,1,1,0.98,0.88,0,0.95,none,1
TXN04267,books,19328,5922,1,1,1,0.49,0.86,4,0.86,none,1
TXN04268,smartphone,17357,8791,1,1,1,0.37,0.67,5,0.9,none,1
TXN04269,laptop,37633,66400,1,1,1,0.99,0.73,3,0.44,budget_violation,0
TXN04270,groceries,34700,14027,1,1,1,0.6,0.86,2,0.96,none,1
TXN04271,books,8771,6087,1,1,1,0.59,0.45,0,1.0,none,1
TXN04272,books,62105,28670,1,1,1,0.41,0.68,0,0.94,none,1
TXN04273,hotel,30377,9732,1,1,1,0.47,0.58,3,0.93,none,1
TXN04274,books,87149,62791,1,1,1,0.87,0.44,1,0.93,none,1
TXN04275,laptop,35181,16158,1,1,1,0.99,0.88,3,0.92,none,1
TXN04276,headphones,35225,24711,1,1,1,0.5,0.41,4,0.82,none,1
TXN04277,shoes,8757,7740,1,1,0,0.5,0.48,0,0.61,time_violation,0
TXN04278,flight,91353,51167,1,1,1,0.66,0.47,3,0.87,none,1
TXN04279,smartphone,63210,40177,0,1,1,0.93,0.68,1,0.56,category_mismatch,0
TXN04280,headphones,47412,40975,1,1,1,0.63,0.42,5,0.87,none,1
TXN04281,groceries,19097,17430,1,1,1,0.77,0.52,0,0.96,none,1
TXN04282,hotel,15315,5811,1,1,1,0.89,0.94,5,0.83,none,1
TXN04283,groceries,2517,1191,1,1,1,0.58,0.75,0,0.96,none,1
TXN04284,flight,17855,11291,1,0,1,0.75,0.65,3,0.53,quantity_violation,0
TXN04285,shoes,99076,86335,1,1,1,0.69,0.8,2,0.95,none,1
TXN04286,smartphone,17212,6472,1,1,1,0.78,0.8,4,0.91,none,1
TXN04287,hotel,36407,21449,1,1,1,0.79,0.72,2,0.86,none,1
TXN04288,books,42514,17343,1,1,1,0.67,0.83,4,0.87,none,1
TXN04289,smartphone,36351,25677,1,1,1,0.9,0.59,0,0.84,none,1
TXN04290,shoes,18506,12680,1,1,1,0.46,0.61,0,0.55,merchant_violation,0
TXN04291,flight,85520,44053,1,1,1,0.32,0.88,2,0.22,merchant_violation,0
TXN04292,books,94856,34301,1,1,1,0.78,0.94,3,0.96,none,1
TXN04293,flight,34980,30632,1,1,1,0.94,0.61,2,0.94,none,1
TXN04294,books,65532,31270,1,1,1,0.85,0.56,3,0.85,none,1
TXN04295,shoes,5446,2710,1,1,1,0.34,0.66,3,0.91,none,1
TXN04296,headphones,52140,29352,1,1,0,0.82,0.67,2,0.6,time_violation,0
TXN04297,books,61638,52368,1,1,1,0.87,0.74,5,0.97,none,1
TXN04298,groceries,3712,1476,1,1,1,0.32,0.91,0,0.89,none,1
TXN04299,flight,34198,18739,1,1,1,0.44,0.66,0,0.95,none,1
TXN04300,laptop,76170,55615,1,1,1,0.99,0.53,5,0.95,none,1
TXN04301,books,5073,2030,1,1,1,0.97,0.62,0,0.94,none,1
TXN04302,hotel,27383,24286,1,1,0,0.45,0.62,5,0.61,time_violation,0
TXN04303,hotel,33312,23926,1,1,1,0.95,0.56,2,0.99,none,1
TXN04304,books,73982,30236,1,1,1,0.95,0.66,3,0.92,none,1
TXN04305,hotel,75699,36622,1,1,1,0.95,0.58,5,0.95,none,1
TXN04306,flight,94225,83851,1,1,1,0.81,0.93,1,0.89,none,1
TXN04307,shoes,96112,80784,1,0,1,0.9,0.88,3,0.56,quantity_violation,0
TXN04308,shoes,18396,17517,1,1,1,0.5,0.41,1,0.92,none,1
TXN04309,shoes,52660,49498,1,1,1,0.63,0.46,3,0.98,none,1
TXN04310,hotel,94125,93112,1,0,1,0.49,0.95,2,0.53,quantity_violation,0
TXN04311,smartphone,11586,7133,1,1,0,0.36,0.47,0,0.38,time_violation,0
TXN04312,headphones,93713,36724,1,1,1,0.8,0.5,3,0.95,none,1
TXN04313,hotel,90020,64036,1,1,1,0.42,0.97,4,1.0,none,1
TXN04314,headphones,58980,54848,1,1,1,0.64,0.88,1,0.84,none,1
TXN04315,shoes,42726,19308,1,1,1,0.83,0.89,3,0.84,none,1
TXN04316,headphones,94775,92346,1,1,1,0.73,0.86,4,0.84,none,1
TXN04317,flight,16688,11509,0,1,1,0.64,0.85,0,0.33,category_mismatch,0
TXN04318,hotel,92345,89527,1,1,1,0.7,0.87,2,0.84,none,1
TXN04319,books,9950,5467,1,1,1,0.47,0.98,2,0.84,none,1
TXN04320,shoes,9584,4364,1,1,1,0.77,0.74,2,0.81,none,1
TXN04321,shoes,31531,28220,1,1,1,0.93,0.46,1,0.92,none,1
TXN04322,shoes,37065,30373,1,1,1,0.66,0.43,1,0.94,none,1
TXN04323,books,88797,49831,1,1,1,0.75,0.94,0,0.91,none,1
TXN04324,groceries,72317,21708,1,1,1,0.34,0.49,0,0.91,none,1
TXN04325,books,12192,11712,1,1,1,0.38,0.75,2,0.87,none,1
TXN04326,shoes,79146,62507,1,1,1,0.7,0.86,1,0.85,none,1
TXN04327,smartphone,43972,41107,1,1,1,0.93,0.71,3,0.99,none,1
TXN04328,smartphone,61325,52291,1,1,1,0.32,0.5,0,0.96,none,1
TXN04329,laptop,57878,53258,1,1,1,0.5,0.44,2,0.8,none,1
TXN04330,hotel,16959,16160,1,1,1,0.33,0.71,4,0.88,none,1
TXN04331,flight,68590,43843,1,1,1,0.54,0.72,0,0.92,none,1
TXN04332,smartphone,40801,20713,1,1,1,0.88,0.66,1,0.88,none,1
TXN04333,hotel,89756,54905,1,1,1,0.65,0.97,0,0.91,none,1
TXN04334,smartphone,38753,15269,1,1,1,0.52,0.98,1,0.93,none,1
TXN04335,hotel,87786,29161,1,1,1,0.97,0.56,3,0.83,none,1
TXN04336,books,51602,49771,0,1,1,0.72,0.52,4,0.65,category_mismatch,0
TXN04337,smartphone,56803,53679,1,1,1,0.8,0.93,3,0.85,none,1
TXN04338,laptop,58883,45643,1,1,1,0.77,0.82,4,0.9,none,1
TXN04339,flight,70848,34681,1,1,1,0.35,0.85,0,0.88,none,1
TXN04340,groceries,60995,60070,1,1,1,0.5,0.45,3,0.92,none,1
TXN04341,books,71513,37324,1,1,1,0.62,0.43,1,0.86,none,1
TXN04342,shoes,15354,7464,1,1,1,0.77,0.76,1,0.99,none,1
TXN04343,hotel,33354,20245,1,1,1,0.31,0.66,2,0.81,none,1
TXN04344,shoes,51984,44771,1,1,1,0.89,0.62,4,0.84,none,1
TXN04345,groceries,92388,36742,1,1,1,0.34,0.98,1,0.93,none,1
TXN04346,headphones,62554,60973,1,1,1,0.84,0.47,2,0.88,none,1
TXN04347,books,25194,10279,1,1,1,0.47,0.42,2,0.89,none,1
TXN04348,flight,77936,44496,0,1,1,0.51,0.6,3,0.39,category_mismatch,0
TXN04349,laptop,77065,62174,1,1,1,0.3,0.92,3,0.96,none,1
TXN04350,shoes,54380,18071,1,1,1,0.97,0.42,2,0.81,none,1
TXN04351,shoes,84476,64029,1,1,1,0.39,0.71,3,0.95,none,1
TXN04352,hotel,81810,59021,1,1,1,0.9,0.92,3,0.96,none,1
TXN04353,laptop,97517,32225,1,1,1,0.33,0.7,3,0.82,none,1
TXN04354,hotel,32406,16711,1,1,0,0.34,0.57,4,0.24,time_violation,0
TXN04355,books,41484,20683,1,1,1,0.57,0.66,5,0.95,none,1
TXN04356,groceries,32242,25528,1,1,1,0.61,0.92,2,0.98,none,1
TXN04357,books,40459,33068,1,1,1,0.48,0.62,4,0.89,none,1
TXN04358,smartphone,69619,60026,1,1,1,0.52,0.56,3,0.45,merchant_violation,0
TXN04359,shoes,83282,132780,1,1,1,0.72,0.7,1,0.41,budget_violation,0
TXN04360,hotel,90921,32505,1,1,1,0.41,0.52,1,0.92,none,1
TXN04361,headphones,17078,14513,1,1,1,0.31,0.82,0,0.84,none,1
TXN04362,headphones,87745,44103,1,1,1,0.49,0.71,2,0.88,none,1
TXN04363,books,10315,9070,1,1,1,0.49,0.84,3,0.93,none,1
TXN04364,groceries,52195,36998,1,0,1,0.71,0.54,0,0.65,quantity_violation,0
TXN04365,groceries,90865,46984,1,1,1,0.61,0.64,5,0.99,none,1
TXN04366,groceries,49816,40037,1,1,1,0.57,0.92,3,0.99,none,1
TXN04367,laptop,74680,22844,1,1,1,0.77,0.96,5,0.83,none,1
TXN04368,groceries,41743,21892,1,1,1,0.43,0.69,0,0.86,none,1
TXN04369,books,70365,52818,1,1,1,1.0,0.68,2,0.57,merchant_violation,0
TXN04370,headphones,22838,35746,1,1,1,0.69,0.82,3,0.65,budget_violation,0
TXN04371,headphones,78976,49532,1,1,1,0.78,0.79,3,0.96,none,1
TXN04372,hotel,5548,3161,1,1,0,0.59,0.98,1,0.49,time_violation,0
TXN04373,shoes,22263,8045,1,1,1,0.47,0.52,4,0.94,none,1
TXN04374,shoes,32695,30333,1,1,1,0.38,0.47,4,0.85,none,1
TXN04375,laptop,53492,34835,1,1,1,0.53,0.71,2,0.87,none,1
TXN04376,hotel,47593,26279,1,1,0,0.35,0.52,4,0.43,time_violation,0
TXN04377,hotel,46408,44903,1,1,1,0.45,0.44,3,0.99,none,1
TXN04378,shoes,86218,68873,1,1,1,0.36,0.54,2,0.99,none,1
TXN04379,groceries,81953,74883,1,1,1,0.76,0.52,4,0.94,none,1
TXN04380,flight,94138,63640,1,1,1,0.77,0.44,5,0.91,none,1
TXN04381,headphones,43863,25043,1,1,1,0.33,0.47,4,0.95,none,1
TXN04382,smartphone,97333,47169,1,1,1,0.6,0.76,5,0.89,none,1
TXN04383,headphones,78582,50447,1,1,1,0.6,0.92,0,0.44,merchant_violation,0
TXN04384,books,26066,18121,1,1,1,0.89,0.93,0,0.82,none,1
TXN04385,laptop,18185,17300,1,1,1,0.89,0.89,4,0.95,none,1
TXN04386,flight,95410,86318,1,1,1,0.89,0.51,5,0.89,none,1
TXN04387,smartphone,17856,14614,1,0,1,0.7,0.78,2,0.57,quantity_violation,0
TXN04388,groceries,23481,20448,1,1,1,0.81,0.65,1,0.83,none,1
TXN04389,smartphone,52208,30574,1,1,1,0.74,0.54,1,1.0,none,1
TXN04390,flight,5780,2899,1,1,1,0.81,0.63,2,0.85,none,1
TXN04391,smartphone,37243,57071,1,1,1,0.52,0.97,4,0.58,budget_violation,0
TXN04392,hotel,9591,8879,1,1,1,0.34,0.93,4,0.86,none,1
TXN04393,flight,7457,4163,1,1,1,0.83,0.85,1,0.95,none,1
TXN04394,shoes,25129,22577,1,1,1,0.75,0.93,4,0.96,none,1
TXN04395,laptop,19312,24655,1,1,1,0.85,0.45,4,0.21,budget_violation,0
TXN04396,books,13608,5738,1,1,1,0.77,0.82,1,0.99,none,1
TXN04397,headphones,65089,48826,1,1,1,0.64,0.61,2,0.89,none,1
TXN04398,smartphone,58353,43059,1,0,1,0.46,0.59,4,0.66,quantity_violation,0
TXN04399,hotel,62361,26553,1,1,1,0.57,0.66,2,0.98,none,1
TXN04400,shoes,77034,67211,1,1,1,0.39,0.56,3,0.55,merchant_violation,0
TXN04401,headphones,10040,9574,1,1,1,0.37,0.93,1,0.93,none,1
TXN04402,laptop,58234,54002,1,1,1,0.68,0.77,2,0.45,merchant_violation,0
TXN04403,hotel,59518,26821,1,1,1,0.92,0.74,1,0.92,none,1
TXN04404,laptop,29973,11340,1,1,1,0.72,0.49,3,0.87,none,1
TXN04405,shoes,75364,41739,1,1,1,0.62,0.95,2,0.96,none,1
TXN04406,smartphone,97914,97082,0,1,1,0.32,0.96,3,0.63,category_mismatch,0
TXN04407,flight,79386,126053,1,1,1,0.88,0.51,2,0.64,budget_violation,0
TXN04408,groceries,36002,32828,0,1,1,0.82,0.74,3,0.49,category_mismatch,0
TXN04409,hotel,20314,30951,1,1,1,0.62,0.49,3,0.4,budget_violation,0
TXN04410,shoes,42830,22420,1,1,1,0.74,0.94,3,0.66,merchant_violation,0
TXN04411,flight,88641,30090,1,1,1,0.94,0.51,2,0.84,none,1
TXN04412,laptop,6714,6241,1,1,1,0.77,0.53,1,0.87,none,1
TXN04413,groceries,85592,81507,1,1,1,0.92,0.57,2,0.91,none,1
TXN04414,smartphone,63840,62688,1,0,1,0.76,0.54,2,0.6,quantity_violation,0
TXN04415,shoes,29864,27176,1,0,1,0.55,0.87,5,0.41,quantity_violation,0
TXN04416,hotel,9527,7850,1,1,1,0.81,0.6,3,0.86,none,1
TXN04417,shoes,42101,34918,1,1,1,0.87,0.71,0,0.96,none,1
TXN04418,books,52889,30179,1,1,1,0.79,0.74,4,0.88,none,1
TXN04419,groceries,2652,2261,0,1,1,0.61,0.59,1,0.48,category_mismatch,0
TXN04420,groceries,97569,79881,1,0,1,0.36,0.74,1,0.69,quantity_violation,0
TXN04421,headphones,43738,29271,1,0,1,0.64,0.75,2,0.62,quantity_violation,0
TXN04422,shoes,60396,27836,1,1,1,0.58,0.43,0,0.86,none,1
TXN04423,groceries,41224,33367,0,1,1,0.63,0.73,1,0.6,category_mismatch,0
TXN04424,headphones,24453,9779,1,1,1,0.31,0.87,2,0.93,none,1
TXN04425,headphones,41815,32190,1,1,1,0.72,0.5,5,0.87,none,1
TXN04426,smartphone,94886,72771,1,1,1,0.95,0.74,1,0.91,none,1
TXN04427,laptop,61406,47516,1,1,1,0.77,0.89,1,0.92,none,1
TXN04428,books,71581,54506,1,1,1,0.76,0.85,3,0.89,none,1
TXN04429,laptop,7592,4606,1,1,1,0.41,0.58,3,1.0,none,1
TXN04430,groceries,80634,55912,1,1,1,0.6,0.81,0,0.94,none,1
TXN04431,hotel,28572,18682,1,1,1,0.92,0.85,5,0.8,none,1
TXN04432,flight,44960,24005,1,1,1,0.74,0.5,3,0.96,none,1
TXN04433,groceries,50849,45519,1,1,1,0.45,0.95,1,0.87,none,1
TXN04434,headphones,64942,55779,1,0,1,0.92,0.95,5,0.5,quantity_violation,0
TXN04435,headphones,63072,51047,1,1,1,0.49,0.51,5,0.94,none,1
TXN04436,hotel,84628,59924,1,1,0,0.37,0.61,2,0.5,time_violation,0
TXN04437,groceries,12394,12223,1,1,1,0.91,0.64,4,0.96,none,1
TXN04438,groceries,97839,76977,1,1,1,0.97,0.97,4,0.99,none,1
TXN04439,hotel,33844,33488,1,1,1,0.92,0.85,5,0.99,none,1
TXN04440,flight,11929,7146,1,1,1,0.8,0.65,0,0.85,none,1
TXN04441,hotel,36792,36332,1,1,1,0.46,0.79,0,0.47,merchant_violation,0
TXN04442,laptop,16899,13837,1,1,1,0.49,0.65,0,0.96,none,1
TXN04443,shoes,65744,47449,1,1,1,0.85,0.78,4,0.91,none,1
TXN04444,laptop,12935,11818,1,1,1,0.41,0.88,0,0.88,none,1
TXN04445,smartphone,66689,28427,1,1,1,0.3,0.49,4,0.82,none,1
TXN04446,headphones,29344,18227,0,1,1,0.88,0.78,5,0.31,category_mismatch,0
TXN04447,smartphone,39153,28016,1,1,1,0.42,0.5,0,0.84,none,1
TXN04448,smartphone,72993,43687,1,1,1,0.43,0.9,1,0.92,none,1
TXN04449,laptop,33097,24590,1,1,0,0.52,0.94,5,0.54,time_violation,0
TXN04450,laptop,92639,142860,1,1,1,0.75,0.85,0,0.68,budget_violation,0
TXN04451,groceries,45925,42182,1,1,1,0.87,0.5,2,0.97,none,1
TXN04452,shoes,34708,29463,1,1,1,0.66,0.87,0,0.87,none,1
TXN04453,smartphone,41975,27377,1,1,0,0.73,0.47,5,0.23,time_violation,0
TXN04454,books,2414,1850,0,1,1,0.43,0.42,2,0.23,category_mismatch,0
TXN04455,shoes,87086,69955,1,1,1,0.31,0.92,5,0.84,none,1
TXN04456,smartphone,24425,10195,1,1,1,0.57,0.81,0,0.87,none,1
TXN04457,shoes,24324,35507,1,1,1,0.4,0.84,2,0.29,budget_violation,0
TXN04458,books,51381,42531,0,1,1,0.33,0.5,1,0.26,category_mismatch,0
TXN04459,groceries,62252,50292,1,1,1,0.42,0.97,5,0.84,none,1
TXN04460,groceries,65763,24402,1,1,1,0.83,0.64,4,0.82,none,1
TXN04461,groceries,62378,51111,1,1,1,0.59,0.48,4,0.8,none,1
TXN04462,flight,13563,8884,1,1,1,0.91,0.85,3,0.89,none,1
TXN04463,laptop,23365,18380,1,1,1,0.36,0.81,2,0.3,merchant_violation,0
TXN04464,laptop,38082,11742,1,1,1,0.85,0.45,4,0.86,none,1
TXN04465,smartphone,8949,2856,1,1,1,0.53,0.59,4,0.85,none,1
TXN04466,flight,22471,13235,1,1,1,0.64,0.44,3,0.9,none,1
TXN04467,groceries,60255,20164,1,1,1,0.3,0.79,1,1.0,none,1
TXN04468,books,52472,48032,1,0,1,0.54,0.71,2,0.36,quantity_violation,0
TXN04469,laptop,12037,4988,1,1,1,0.42,0.78,3,0.85,none,1
TXN04470,headphones,72892,82976,1,1,1,0.78,0.94,1,0.21,budget_violation,0
TXN04471,smartphone,12795,4404,1,1,1,0.44,0.42,1,0.97,none,1
TXN04472,laptop,10567,7582,1,1,1,0.55,0.51,0,0.88,none,1
TXN04473,smartphone,9669,7219,1,1,1,0.88,0.91,3,0.96,none,1
TXN04474,smartphone,61409,39041,1,1,0,0.55,0.89,3,0.48,time_violation,0
TXN04475,groceries,26590,9644,1,1,1,0.93,0.87,2,0.97,none,1
TXN04476,books,97767,31057,1,1,1,0.74,0.73,0,0.99,none,1
TXN04477,smartphone,76700,86275,1,1,1,0.83,0.91,2,0.55,budget_violation,0
TXN04478,books,92121,55943,1,1,1,0.93,0.75,2,0.83,none,1
TXN04479,groceries,97704,50757,1,1,0,0.41,0.46,3,0.35,time_violation,0
TXN04480,smartphone,64330,40315,1,1,1,0.86,0.48,1,0.93,none,1
TXN04481,laptop,33975,18516,1,1,1,0.46,0.67,1,0.89,none,1
TXN04482,headphones,43283,35057,1,1,1,0.34,0.95,5,0.92,none,1
TXN04483,headphones,70745,55026,1,1,1,0.85,0.62,4,0.45,merchant_violation,0
TXN04484,books,23465,21434,1,1,1,0.43,0.78,2,0.94,none,1
TXN04485,laptop,22418,10726,1,1,1,0.93,0.77,4,0.9,none,1
TXN04486,groceries,26617,22888,1,1,1,0.52,0.63,4,0.86,none,1
TXN04487,headphones,89778,63731,1,1,1,0.46,0.83,3,0.96,none,1
TXN04488,flight,18153,13105,1,1,1,0.69,0.73,5,0.89,none,1
TXN04489,headphones,21384,11407,1,1,1,0.99,0.54,1,0.97,none,1
TXN04490,laptop,52174,17716,1,1,1,0.37,0.65,1,0.85,none,1
TXN04491,laptop,16294,8895,0,1,1,0.58,0.52,5,0.69,category_mismatch,0
TXN04492,headphones,55473,49917,0,1,1,0.67,0.65,1,0.3,category_mismatch,0
TXN04493,books,5214,3555,1,0,1,0.86,0.47,5,0.67,quantity_violation,0
TXN04494,shoes,36506,34819,1,1,1,0.36,0.46,2,0.85,none,1
TXN04495,hotel,39407,20992,1,1,1,0.75,0.5,0,0.93,none,1
TXN04496,hotel,24544,20562,1,1,1,0.56,0.7,2,0.81,none,1
TXN04497,smartphone,17124,10026,1,1,1,0.83,0.79,1,0.98,none,1
TXN04498,groceries,38784,36426,1,1,1,0.99,0.5,3,0.56,merchant_violation,0
TXN04499,flight,29102,21396,1,1,1,0.67,0.7,5,0.91,none,1
TXN04500,smartphone,48203,52824,1,1,1,0.52,0.47,2,0.69,budget_violation,0
TXN04501,smartphone,70341,52056,1,0,1,0.7,0.95,1,0.22,quantity_violation,0
TXN04502,books,74099,64471,1,0,1,1.0,0.42,4,0.25,quantity_violation,0
TXN04503,hotel,54018,50391,1,1,1,0.47,0.69,5,0.94,none,1
TXN04504,groceries,23018,18905,1,1,1,0.99,0.78,2,0.93,none,1
TXN04505,laptop,56807,46605,1,1,1,0.57,0.84,3,0.96,none,1
TXN04506,groceries,32764,30771,1,1,1,0.72,0.93,1,0.96,none,1
TXN04507,smartphone,69009,49576,1,1,1,0.79,0.42,2,0.8,none,1
TXN04508,smartphone,35899,19564,1,1,1,0.31,0.46,1,0.86,none,1
TXN04509,headphones,96308,34379,1,1,1,0.33,0.95,0,0.84,none,1
TXN04510,books,22634,19645,1,1,1,0.68,0.87,4,0.99,none,1
TXN04511,headphones,15787,5400,1,1,1,0.57,0.45,5,0.94,none,1
TXN04512,hotel,19482,17442,1,1,1,0.73,0.86,4,0.92,none,1
TXN04513,books,67224,27881,1,1,1,0.95,0.79,2,0.82,none,1
TXN04514,hotel,18880,28909,1,1,1,0.46,0.69,1,0.55,budget_violation,0
TXN04515,groceries,9877,5410,1,1,1,0.56,0.71,2,0.95,none,1
TXN04516,hotel,60894,46388,1,1,1,0.79,0.53,3,0.94,none,1
TXN04517,headphones,78730,51741,1,0,1,0.63,0.68,4,0.52,quantity_violation,0
TXN04518,shoes,52111,16212,1,1,1,0.52,0.78,0,0.87,none,1
TXN04519,shoes,80330,44317,1,1,1,0.3,0.57,1,0.48,merchant_violation,0
TXN04520,shoes,45695,27579,1,1,1,0.32,0.48,2,0.95,none,1
TXN04521,groceries,82129,46661,1,1,1,0.8,0.91,3,0.84,none,1
TXN04522,hotel,89671,84476,1,1,1,0.31,0.69,0,0.96,none,1
TXN04523,smartphone,8463,4779,1,0,1,0.42,0.48,2,0.62,quantity_violation,0
TXN04524,hotel,14603,13340,1,1,1,0.39,0.57,4,0.86,none,1
TXN04525,flight,80500,42274,1,1,1,0.56,0.6,2,0.93,none,1
TXN04526,books,60396,58079,1,1,1,0.53,0.89,5,0.98,none,1
TXN04527,flight,43302,19765,1,1,1,0.91,0.55,5,0.96,none,1
TXN04528,flight,96344,39336,1,1,1,0.35,0.5,2,0.99,none,1
TXN04529,hotel,55959,39999,1,1,1,0.75,0.45,3,0.96,none,1
TXN04530,headphones,21682,15443,1,1,1,0.74,0.51,2,0.91,none,1
TXN04531,groceries,43959,19619,1,1,1,0.74,0.7,5,0.97,none,1
TXN04532,laptop,19639,16347,0,1,1,0.54,0.42,0,0.23,category_mismatch,0
TXN04533,hotel,12754,10205,1,1,1,0.96,0.57,3,0.91,none,1
TXN04534,flight,62575,28469,1,1,1,0.79,0.6,5,1.0,none,1
TXN04535,books,50167,26768,1,1,1,0.73,0.65,2,0.83,none,1
TXN04536,groceries,99020,52458,1,0,1,0.55,0.41,1,0.3,quantity_violation,0
TXN04537,groceries,10991,8233,1,1,1,0.65,0.67,4,0.29,merchant_violation,0
TXN04538,groceries,46787,43285,1,1,1,0.43,0.53,4,0.81,none,1
TXN04539,smartphone,94309,32646,1,1,1,0.36,0.93,3,0.81,none,1
TXN04540,shoes,27520,22472,1,1,1,0.77,0.44,2,0.86,none,1
TXN04541,smartphone,70355,33408,1,1,1,0.76,0.92,0,0.93,none,1
TXN04542,laptop,83635,36753,1,1,1,0.46,0.95,4,0.81,none,1
TXN04543,headphones,90673,29195,1,1,1,0.47,0.65,5,1.0,none,1
TXN04544,groceries,66361,56286,1,1,1,0.62,0.91,2,0.95,none,1
TXN04545,books,50476,27459,1,1,1,0.53,0.93,1,0.85,none,1
TXN04546,smartphone,81397,73469,1,1,1,0.48,0.61,5,0.94,none,1
TXN04547,smartphone,7622,4589,1,1,1,0.52,0.52,0,0.47,merchant_violation,0
TXN04548,headphones,26184,11311,1,1,1,0.96,0.45,2,0.94,none,1
TXN04549,smartphone,41806,27759,1,1,1,0.54,0.87,3,0.8,none,1
TXN04550,groceries,33820,30442,0,1,1,0.6,0.63,2,0.56,category_mismatch,0
TXN04551,flight,83869,68977,1,1,1,0.51,0.89,3,0.89,none,1
TXN04552,smartphone,56058,38889,1,1,1,0.47,0.99,5,0.83,none,1
TXN04553,books,33669,21579,1,1,1,0.61,0.6,3,0.66,merchant_violation,0
TXN04554,flight,22984,9432,1,1,1,0.82,0.86,2,0.9,none,1
TXN04555,shoes,60500,22878,1,1,1,0.56,0.51,2,0.91,none,1
TXN04556,smartphone,78560,69060,1,1,1,0.71,0.98,4,0.87,none,1
TXN04557,smartphone,51343,27400,1,1,1,0.71,0.85,5,0.92,none,1
TXN04558,flight,52587,26569,1,1,1,0.51,0.55,2,0.83,none,1
TXN04559,laptop,4954,2897,1,0,1,0.91,0.99,5,0.46,quantity_violation,0
TXN04560,books,71561,34274,1,1,1,0.92,0.87,4,0.92,none,1
TXN04561,books,79527,66416,1,1,1,0.39,0.81,3,0.89,none,1
TXN04562,laptop,99121,76853,1,1,1,0.46,0.69,5,0.99,none,1
TXN04563,laptop,98373,83502,1,1,1,0.34,0.81,5,0.24,merchant_violation,0
TXN04564,books,94203,58467,1,1,0,0.79,0.65,5,0.32,time_violation,0
TXN04565,groceries,13811,6992,1,0,1,0.64,0.77,5,0.57,quantity_violation,0
TXN04566,groceries,36152,19035,1,1,1,0.42,0.61,5,0.84,none,1
TXN04567,shoes,17449,14449,1,1,1,0.64,0.94,2,0.98,none,1
TXN04568,flight,90136,68551,1,1,0,0.66,0.61,5,0.43,time_violation,0
TXN04569,flight,48815,37789,1,1,1,0.36,0.65,4,1.0,none,1
TXN04570,hotel,6655,3955,1,1,1,0.82,0.63,3,0.93,none,1
TXN04571,flight,75537,39242,1,1,1,0.79,0.47,0,0.84,none,1
TXN04572,flight,55437,23901,1,1,1,0.48,0.62,0,0.9,none,1
TXN04573,flight,52763,18317,1,1,1,0.39,0.97,5,0.94,none,1
TXN04574,books,97872,67593,1,1,1,0.83,0.93,4,0.9,none,1
TXN04575,hotel,69890,57838,1,1,1,0.66,0.76,3,0.95,none,1
TXN04576,smartphone,75927,34708,1,1,1,0.54,0.7,0,0.85,none,1
TXN04577,shoes,51945,45791,1,1,1,0.43,0.86,4,0.95,none,1
TXN04578,groceries,33825,59395,1,1,1,0.39,0.57,4,0.66,budget_violation,0
TXN04579,laptop,15496,6859,1,1,1,0.38,0.76,4,0.97,none,1
TXN04580,groceries,32944,25614,1,1,1,0.31,0.71,5,0.87,none,1
TXN04581,groceries,1580,639,1,1,1,0.43,0.65,2,0.88,none,1
TXN04582,shoes,85039,54699,1,1,1,0.56,0.77,2,0.83,none,1
TXN04583,hotel,9504,8933,1,0,1,0.89,0.83,1,0.63,quantity_violation,0
TXN04584,headphones,62443,54712,0,1,1,0.52,0.71,5,0.42,category_mismatch,0
TXN04585,groceries,28134,14838,1,1,1,0.78,0.54,2,0.97,none,1
TXN04586,smartphone,16195,12686,1,1,1,0.41,0.98,4,0.8,none,1
TXN04587,groceries,89158,63113,1,1,1,0.65,0.99,1,0.93,none,1
TXN04588,flight,27197,26583,1,1,1,0.91,0.83,0,0.93,none,1
TXN04589,headphones,66865,41900,1,1,1,0.86,0.42,1,0.93,none,1
TXN04590,groceries,51454,29565,1,1,1,0.8,0.77,3,0.84,none,1
TXN04591,smartphone,86202,84118,1,1,0,0.53,0.71,2,0.21,time_violation,0
TXN04592,shoes,90636,30315,1,1,1,0.42,0.8,2,1.0,none,1
TXN04593,laptop,30480,13810,1,1,1,0.74,0.52,5,0.82,none,1
TXN04594,shoes,21355,17462,1,1,1,0.39,0.81,5,0.87,none,1
TXN04595,books,13863,7480,1,1,1,0.87,0.9,5,0.85,none,1
TXN04596,flight,53796,37055,1,1,1,0.62,0.44,5,0.97,none,1
TXN04597,groceries,44222,28569,1,1,1,0.68,0.44,2,0.28,merchant_violation,0
TXN04598,shoes,67542,28264,1,1,1,0.3,0.83,2,0.82,none,1
TXN04599,books,58896,28727,1,1,1,0.36,0.64,0,0.88,none,1
TXN04600,flight,58732,31860,1,1,1,0.66,1.0,1,0.94,none,1
TXN04601,groceries,15224,11552,1,1,1,0.76,0.83,4,0.93,none,1
TXN04602,laptop,18175,12601,1,1,1,0.48,0.87,1,0.93,none,1
TXN04603,hotel,98039,60844,1,1,1,0.88,0.99,3,0.82,none,1
TXN04604,shoes,72084,43672,1,1,1,0.74,0.41,5,0.99,none,1
TXN04605,laptop,93672,83889,1,1,1,0.79,0.76,5,0.88,none,1
TXN04606,books,68576,53637,0,1,1,0.76,0.84,2,0.68,category_mismatch,0
TXN04607,shoes,51282,48542,1,1,1,0.71,0.57,1,0.93,none,1
TXN04608,laptop,55403,38413,1,1,1,0.53,0.54,0,0.94,none,1
TXN04609,books,71111,40384,1,1,0,0.77,0.42,1,0.66,time_violation,0
TXN04610,shoes,73165,27081,1,1,1,0.35,0.41,4,0.92,none,1
TXN04611,groceries,63486,28815,1,1,1,0.41,0.41,5,0.89,none,1
TXN04612,hotel,33796,33486,1,1,1,0.56,0.65,0,0.89,none,1
TXN04613,smartphone,76930,23214,1,1,1,0.58,0.91,3,0.96,none,1
TXN04614,shoes,78195,49639,1,1,1,0.52,0.63,3,0.84,none,1
TXN04615,shoes,10947,8845,1,1,1,0.3,0.97,2,0.85,none,1
TXN04616,groceries,73057,47239,1,1,1,0.98,0.83,0,0.95,none,1
TXN04617,groceries,70966,47210,0,1,1,0.99,0.48,4,0.6,category_mismatch,0
TXN04618,groceries,55994,55558,1,0,1,0.84,0.94,5,0.22,quantity_violation,0
TXN04619,flight,68591,115717,1,1,1,0.85,0.63,2,0.5,budget_violation,0
TXN04620,books,97117,107096,1,1,1,0.71,0.43,0,0.43,budget_violation,0
TXN04621,flight,34768,32764,1,1,1,0.8,0.78,5,0.9,none,1
TXN04622,shoes,53675,24818,1,1,1,0.7,0.98,4,0.92,none,1
TXN04623,smartphone,28612,18854,1,1,1,0.7,0.7,4,0.31,merchant_violation,0
TXN04624,smartphone,27362,14915,1,1,1,0.39,0.8,5,0.85,none,1
TXN04625,headphones,47984,17873,1,1,1,0.98,0.75,0,0.84,none,1
TXN04626,flight,79795,65718,1,1,1,0.7,0.5,4,0.86,none,1
TXN04627,headphones,42092,30938,1,1,1,0.82,0.75,5,0.94,none,1
TXN04628,headphones,33362,26582,1,1,1,0.78,0.99,3,0.97,none,1
TXN04629,laptop,83936,34894,1,1,1,0.81,0.75,2,0.98,none,1
TXN04630,smartphone,27478,24235,1,1,1,0.31,0.53,4,0.96,none,1
TXN04631,books,73104,47034,1,1,0,0.77,0.79,0,0.46,time_violation,0
TXN04632,shoes,54407,45280,1,1,1,0.74,0.92,3,0.55,merchant_violation,0
TXN04633,headphones,51440,24158,1,1,1,0.42,0.4,0,0.87,none,1
TXN04634,hotel,74300,41504,1,0,1,0.46,0.92,0,0.61,quantity_violation,0
TXN04635,groceries,8402,7397,1,1,1,0.58,0.67,0,0.92,none,1
TXN04636,headphones,5373,1834,1,1,1,0.41,0.98,3,0.86,none,1
TXN04637,books,36365,29532,1,1,1,0.94,0.54,0,0.3,merchant_violation,0
TXN04638,laptop,50554,33916,1,1,1,0.38,0.92,1,0.85,none,1
TXN04639,books,87820,49583,1,1,1,0.54,0.93,0,0.84,none,1
TXN04640,groceries,37936,22380,1,1,1,0.96,0.82,0,0.94,none,1
TXN04641,hotel,42465,37486,1,0,1,0.55,0.83,2,0.54,quantity_violation,0
TXN04642,headphones,43354,35868,1,1,0,0.96,0.74,0,0.55,time_violation,0
TXN04643,flight,14661,5455,1,1,1,0.38,0.84,3,0.98,none,1
TXN04644,shoes,72230,25439,1,1,1,0.62,0.57,3,0.9,none,1
TXN04645,laptop,86066,65643,1,1,1,0.83,0.91,4,0.8,none,1
TXN04646,shoes,67060,66707,1,1,1,0.9,0.53,3,0.86,none,1
TXN04647,laptop,24262,12713,1,1,1,0.97,0.43,5,0.86,none,1
TXN04648,flight,50390,46714,0,1,1,0.84,0.75,1,0.35,category_mismatch,0
TXN04649,flight,19141,13897,1,0,1,0.54,0.59,2,0.56,quantity_violation,0
TXN04650,headphones,53747,27076,1,1,1,0.75,0.88,2,0.7,merchant_violation,0
TXN04651,headphones,61815,95740,1,1,1,0.82,0.63,1,0.56,budget_violation,0
TXN04652,groceries,77022,74789,1,1,1,0.48,0.65,1,0.99,none,1
TXN04653,shoes,83915,37458,1,1,1,0.69,0.79,2,0.89,none,1
TXN04654,books,99579,42798,1,1,1,0.67,0.74,1,0.98,none,1
TXN04655,headphones,24442,23610,1,1,1,0.36,0.88,1,0.99,none,1
TXN04656,shoes,19284,15196,1,1,1,0.91,0.86,3,0.84,none,1
TXN04657,shoes,90810,82390,1,1,1,0.37,0.7,2,0.87,none,1
TXN04658,hotel,9444,6885,1,1,1,0.52,0.94,1,0.82,none,1
TXN04659,laptop,7706,4184,1,1,1,0.46,0.52,1,0.9,none,1
TXN04660,groceries,63238,59161,1,0,1,0.31,0.99,4,0.61,quantity_violation,0
TXN04661,groceries,48223,28868,1,1,1,0.86,0.75,3,0.93,none,1
TXN04662,smartphone,26519,14050,1,0,1,0.59,0.91,3,0.65,quantity_violation,0
TXN04663,flight,51585,33480,0,1,1,0.57,0.81,4,0.61,category_mismatch,0
TXN04664,headphones,28643,26509,0,1,1,0.68,0.51,4,0.6,category_mismatch,0
TXN04665,hotel,52781,48167,1,1,1,0.45,0.53,3,0.84,none,1
TXN04666,laptop,73628,83004,1,1,1,0.41,0.64,1,0.46,budget_violation,0
TXN04667,laptop,31882,25209,1,1,1,0.58,0.77,4,0.97,none,1
TXN04668,hotel,88489,61913,1,1,1,0.74,0.66,1,0.85,none,1
TXN04669,shoes,90104,98735,1,1,1,0.97,0.46,3,0.32,budget_violation,0
TXN04670,groceries,57561,43866,0,1,1,0.55,0.59,0,0.35,category_mismatch,0
TXN04671,laptop,70916,43797,1,1,1,0.94,0.91,3,0.83,none,1
TXN04672,flight,10955,4084,1,1,1,0.3,0.59,3,0.82,none,1
TXN04673,groceries,96828,57147,1,1,1,0.33,0.8,0,0.84,none,1
TXN04674,groceries,1803,917,1,1,1,0.37,0.56,5,0.37,merchant_violation,0
TXN04675,smartphone,95248,83289,1,1,1,0.93,0.57,0,0.88,none,1
TXN04676,books,72524,37974,1,1,1,0.63,0.96,1,0.98,none,1
TXN04677,groceries,46763,44686,0,1,1,0.49,0.94,4,0.49,category_mismatch,0
TXN04678,flight,35875,32036,1,1,1,0.31,0.45,0,0.93,none,1
TXN04679,laptop,91048,38247,1,1,1,0.66,0.41,1,0.93,none,1
TXN04680,laptop,46358,38213,1,1,1,0.89,0.66,0,0.85,none,1
TXN04681,flight,31668,24065,1,1,1,0.84,0.7,0,0.85,none,1
TXN04682,flight,47770,56274,1,1,1,0.94,0.92,5,0.28,budget_violation,0
TXN04683,headphones,21527,16227,0,1,1,0.77,0.73,2,0.59,category_mismatch,0
TXN04684,headphones,7233,6521,1,1,1,0.78,0.48,3,0.97,none,1
TXN04685,laptop,16754,6878,1,1,1,0.73,0.5,0,0.97,none,1
TXN04686,laptop,63551,62966,1,1,1,0.4,0.85,4,0.81,none,1
TXN04687,hotel,32275,22033,0,1,1,0.82,0.5,2,0.5,category_mismatch,0
TXN04688,headphones,32419,21204,1,1,1,0.5,0.43,5,0.97,none,1
TXN04689,books,85195,40878,1,1,1,0.72,0.76,1,0.97,none,1
TXN04690,flight,97649,42355,1,1,1,0.99,0.71,5,0.85,none,1
TXN04691,smartphone,38680,29348,1,1,1,0.88,0.75,0,0.9,none,1
TXN04692,laptop,44607,36924,1,1,1,0.49,0.8,3,0.93,none,1
TXN04693,flight,77618,43385,1,0,1,0.39,0.53,3,0.29,quantity_violation,0
TXN04694,laptop,81516,52534,1,0,1,0.63,0.81,4,0.25,quantity_violation,0
TXN04695,smartphone,62822,58239,1,0,1,0.31,0.52,2,0.38,quantity_violation,0
TXN04696,hotel,70462,54392,1,1,1,0.64,0.52,2,0.96,none,1
TXN04697,groceries,54065,16405,1,1,1,0.39,0.64,5,0.81,none,1
TXN04698,hotel,62599,31508,0,1,1,0.37,0.4,3,0.46,category_mismatch,0
TXN04699,shoes,66676,36599,1,1,1,0.9,0.87,5,0.99,none,1
TXN04700,hotel,1622,1146,1,1,1,0.84,0.47,0,0.83,none,1
TXN04701,flight,64327,36114,1,1,1,0.78,0.66,4,0.86,none,1
TXN04702,laptop,29446,10867,1,1,1,0.44,0.68,0,0.89,none,1
TXN04703,headphones,35291,24260,1,1,1,0.47,0.55,3,0.98,none,1
TXN04704,headphones,80929,77915,1,1,1,0.46,0.77,0,0.84,none,1
TXN04705,flight,32500,12836,1,1,1,0.79,0.91,0,0.9,none,1
TXN04706,flight,25668,23571,1,1,1,0.92,0.57,0,0.25,merchant_violation,0
TXN04707,hotel,82186,52778,1,1,1,0.8,0.67,2,0.85,none,1
TXN04708,books,27437,20795,1,1,1,0.9,0.42,4,0.99,none,1
TXN04709,laptop,76487,47511,1,1,1,0.35,0.59,3,1.0,none,1
TXN04710,flight,76361,47000,1,1,1,0.73,0.46,0,0.93,none,1
TXN04711,hotel,3783,1679,1,1,1,0.93,0.72,5,0.92,none,1
TXN04712,laptop,69011,21678,1,1,1,0.87,0.82,3,0.99,none,1
TXN04713,flight,57271,28322,1,1,1,0.45,0.68,5,0.98,none,1
TXN04714,smartphone,90745,77595,1,1,1,0.62,0.67,0,0.94,none,1
TXN04715,groceries,76520,43696,1,1,1,0.65,0.51,3,0.85,none,1
TXN04716,smartphone,16560,15392,1,1,1,0.61,0.73,5,0.41,merchant_violation,0
TXN04717,smartphone,20056,17377,1,1,1,0.79,0.73,0,0.91,none,1
TXN04718,headphones,77919,32443,1,1,1,0.64,0.74,5,0.97,none,1
TXN04719,flight,86003,84080,1,1,1,0.71,0.77,3,0.21,merchant_violation,0
TXN04720,hotel,14096,7659,1,1,1,1.0,0.87,2,0.84,none,1
TXN04721,shoes,9088,4495,1,1,1,0.62,0.65,0,0.91,none,1
TXN04722,flight,75119,48512,1,1,1,0.65,0.47,4,0.97,none,1
TXN04723,hotel,72753,64981,1,1,1,0.49,0.58,0,0.81,none,1
TXN04724,hotel,5746,3210,1,1,1,0.33,0.54,0,0.81,none,1
TXN04725,groceries,41940,13766,1,1,1,0.84,0.76,1,0.92,none,1
TXN04726,headphones,24129,15739,1,1,1,0.93,0.85,2,0.83,none,1
TXN04727,shoes,98339,84137,1,1,1,0.7,0.84,1,0.65,merchant_violation,0
TXN04728,flight,16061,12036,1,1,1,0.72,0.81,3,0.88,none,1
TXN04729,flight,37157,35587,1,1,1,0.66,0.9,4,0.94,none,1
TXN04730,shoes,88402,30662,1,1,1,0.34,0.82,1,0.99,none,1
TXN04731,headphones,47478,33854,1,1,1,0.86,0.82,3,0.89,none,1
TXN04732,flight,26564,8006,1,1,1,0.74,0.69,1,0.94,none,1
TXN04733,hotel,9030,3706,1,1,1,0.56,0.88,0,0.86,none,1
TXN04734,shoes,14055,8120,1,1,1,0.65,0.61,3,0.96,none,1
TXN04735,laptop,58385,54921,0,1,1,0.7,0.82,5,0.43,category_mismatch,0
TXN04736,books,57357,28944,1,0,1,0.91,0.86,1,0.7,quantity_violation,0
TXN04737,books,21615,15676,1,1,1,0.32,0.58,4,0.91,none,1
TXN04738,smartphone,64842,37935,1,1,1,0.58,0.96,1,0.97,none,1
TXN04739,books,5541,3634,1,0,1,0.97,0.64,1,0.49,quantity_violation,0
TXN04740,flight,67882,40369,1,1,1,0.92,0.48,3,0.81,none,1
TXN04741,hotel,51325,50923,1,1,1,0.66,0.99,0,0.94,none,1
TXN04742,groceries,82311,106198,1,1,1,0.86,0.61,5,0.61,budget_violation,0
TXN04743,groceries,9476,14935,1,1,1,0.91,0.68,0,0.63,budget_violation,0
TXN04744,headphones,89082,61639,1,1,0,0.6,0.98,2,0.53,time_violation,0
TXN04745,flight,31711,13481,1,1,1,0.41,0.98,0,0.94,none,1
TXN04746,groceries,75081,45936,1,0,1,0.42,0.98,5,0.42,quantity_violation,0
TXN04747,smartphone,62126,19160,1,1,1,0.69,0.44,4,0.81,none,1
TXN04748,flight,60386,73531,1,1,1,0.84,0.67,4,0.58,budget_violation,0
TXN04749,groceries,39877,35191,1,1,1,0.39,0.47,0,0.81,none,1
TXN04750,laptop,97347,54103,1,1,1,0.65,0.62,1,0.92,none,1
TXN04751,flight,5734,3853,1,1,1,0.92,0.56,0,0.83,none,1
TXN04752,shoes,46045,32723,1,1,1,0.89,0.98,4,0.92,none,1
TXN04753,headphones,42676,30628,1,1,1,0.91,0.55,3,0.8,none,1
TXN04754,groceries,85955,45681,1,0,1,0.36,0.88,4,0.64,quantity_violation,0
TXN04755,books,92067,32489,1,1,1,0.71,0.68,4,0.85,none,1
TXN04756,flight,29557,21492,0,1,1,0.44,0.86,2,0.6,category_mismatch,0
TXN04757,flight,70462,54137,1,1,1,0.74,0.7,5,0.83,none,1
TXN04758,shoes,36237,13133,1,1,1,0.49,0.63,2,0.83,none,1
TXN04759,groceries,44959,25345,0,1,1,0.77,0.56,3,0.22,category_mismatch,0
TXN04760,smartphone,1316,1112,1,1,1,0.42,0.83,0,0.51,merchant_violation,0
TXN04761,hotel,6709,4621,1,1,1,0.92,0.79,1,0.89,none,1
TXN04762,hotel,73588,69328,1,1,1,0.75,0.89,0,0.96,none,1
TXN04763,groceries,68544,42831,1,1,1,0.81,0.71,0,0.36,merchant_violation,0
TXN04764,laptop,44214,41399,1,1,1,0.66,0.73,2,0.8,none,1
TXN04765,shoes,38043,12082,1,1,1,1.0,0.73,5,0.82,none,1
TXN04766,laptop,45446,43819,1,1,1,0.45,0.97,4,0.94,none,1
TXN04767,groceries,78504,58433,1,1,1,0.97,0.87,0,0.82,none,1
TXN04768,groceries,75500,23814,1,1,1,0.4,0.78,1,0.98,none,1
TXN04769,hotel,57382,50531,1,1,1,0.84,0.49,0,0.83,none,1
TXN04770,flight,75184,32562,1,1,1,0.84,0.43,2,0.92,none,1
TXN04771,hotel,77649,62667,1,1,1,0.72,0.91,3,0.8,none,1
TXN04772,headphones,1063,1693,1,1,1,0.48,0.66,3,0.68,budget_violation,0
TXN04773,flight,65937,60015,1,1,1,0.83,0.63,3,0.97,none,1
TXN04774,smartphone,28666,23271,1,1,1,0.89,0.58,4,0.48,merchant_violation,0
TXN04775,groceries,39102,22622,1,1,1,0.55,0.72,1,0.98,none,1
TXN04776,flight,25907,10132,1,1,1,0.39,0.54,3,1.0,none,1
TXN04777,hotel,96350,66174,1,1,1,0.64,0.55,1,0.88,none,1
TXN04778,shoes,88752,49244,1,1,1,0.89,0.87,3,0.85,none,1
TXN04779,groceries,16541,5116,1,1,1,0.53,0.7,4,0.85,none,1
TXN04780,laptop,68905,56277,1,0,1,0.95,0.9,5,0.52,quantity_violation,0
TXN04781,flight,75003,49274,1,1,1,0.71,0.41,4,0.88,none,1
TXN04782,groceries,81376,67717,1,0,1,0.72,0.89,3,0.42,quantity_violation,0
TXN04783,headphones,19200,11865,1,1,1,0.86,0.68,1,0.65,merchant_violation,0
TXN04784,smartphone,70785,60298,1,1,1,1.0,0.98,5,0.7,merchant_violation,0
TXN04785,laptop,22102,18751,1,1,1,0.88,0.91,4,0.8,none,1
TXN04786,books,66160,90332,1,1,1,0.69,0.62,0,0.27,budget_violation,0
TXN04787,groceries,87578,43822,1,1,1,0.62,0.87,5,0.84,none,1
TXN04788,smartphone,85218,69081,0,1,1,0.32,0.53,1,0.57,category_mismatch,0
TXN04789,smartphone,70283,53702,1,1,1,0.6,0.68,4,0.93,none,1
TXN04790,groceries,56316,54727,1,1,1,0.48,0.69,5,0.83,none,1
TXN04791,laptop,94379,33564,1,1,1,0.91,0.58,4,0.85,none,1
TXN04792,hotel,33361,29768,1,1,1,0.42,0.41,0,0.93,none,1
TXN04793,books,62443,53082,1,1,1,0.83,0.79,1,0.97,none,1
TXN04794,hotel,19673,15654,0,1,1,0.96,0.48,2,0.26,category_mismatch,0
TXN04795,books,63507,27118,1,1,1,0.62,0.62,5,0.87,none,1
TXN04796,headphones,14978,9957,1,1,1,0.91,0.51,0,0.99,none,1
TXN04797,hotel,69987,69755,1,1,1,0.46,0.63,4,0.85,none,1
TXN04798,groceries,94258,60554,1,1,1,0.88,0.92,1,0.96,none,1
TXN04799,laptop,99052,49501,1,1,1,0.53,0.81,5,0.98,none,1
TXN04800,shoes,49300,42107,1,1,1,0.52,0.85,0,0.98,none,1
TXN04801,shoes,90452,60454,1,1,1,0.47,0.79,0,0.83,none,1
TXN04802,flight,41696,37381,1,1,1,0.8,0.82,3,0.92,none,1
TXN04803,hotel,54937,33598,1,1,1,0.62,0.8,0,0.9,none,1
TXN04804,groceries,29213,24024,1,1,1,0.35,0.53,4,0.87,none,1
TXN04805,hotel,84520,71810,1,1,1,0.39,0.98,0,0.94,none,1
TXN04806,flight,99084,45653,1,1,1,0.74,0.98,0,0.82,none,1
TXN04807,hotel,61375,48208,1,1,0,0.4,0.8,4,0.66,time_violation,0
TXN04808,groceries,47278,45946,1,1,1,0.91,0.81,4,0.24,merchant_violation,0
TXN04809,books,73608,30001,1,1,1,0.91,0.48,0,0.91,none,1
TXN04810,smartphone,4046,1489,1,1,1,0.48,0.7,3,0.93,none,1
TXN04811,laptop,52788,68168,1,1,1,0.53,0.6,2,0.63,budget_violation,0
TXN04812,laptop,75063,45917,1,1,1,0.74,0.87,0,0.93,none,1
TXN04813,laptop,1205,893,1,1,1,0.55,0.82,1,0.85,none,1
TXN04814,headphones,64408,59890,1,1,1,0.51,0.99,5,0.92,none,1
TXN04815,groceries,56514,43033,1,1,1,0.73,0.89,1,0.97,none,1
TXN04816,flight,16068,11415,1,1,1,0.41,0.6,1,0.93,none,1
TXN04817,hotel,27957,12986,1,1,1,0.46,0.66,2,0.94,none,1
TXN04818,books,66235,31493,1,1,1,0.81,0.89,3,0.96,none,1
TXN04819,flight,70734,37196,1,1,1,0.44,0.44,2,0.94,none,1
TXN04820,books,79546,111581,1,1,1,0.63,0.78,5,0.51,budget_violation,0
TXN04821,laptop,55124,43998,1,1,1,0.64,0.56,3,0.4,merchant_violation,0
TXN04822,groceries,80199,70797,1,1,1,0.49,0.49,5,0.82,none,1
TXN04823,smartphone,99395,49983,1,1,1,0.46,0.63,4,0.93,none,1
TXN04824,shoes,97383,65649,0,1,1,0.44,0.96,4,0.39,category_mismatch,0
TXN04825,headphones,48501,29674,1,1,1,0.82,0.63,1,0.86,none,1
TXN04826,laptop,63200,52550,1,1,1,0.82,0.8,1,0.9,none,1
TXN04827,shoes,86519,75114,1,1,1,0.89,0.56,5,0.88,none,1
TXN04828,smartphone,25040,9057,1,1,1,0.73,0.78,4,0.84,none,1
TXN04829,groceries,88841,33326,1,1,1,0.7,0.51,3,0.87,none,1
TXN04830,hotel,34510,51326,1,1,1,0.34,0.76,2,0.4,budget_violation,0
TXN04831,groceries,29535,10135,1,1,1,0.58,0.63,5,0.99,none,1
TXN04832,laptop,48015,27473,1,1,1,0.34,0.71,5,0.99,none,1
TXN04833,laptop,40381,26288,1,1,1,0.36,0.84,2,0.95,none,1
TXN04834,shoes,91154,75114,1,1,1,1.0,0.78,4,0.88,none,1
TXN04835,headphones,64272,59180,1,1,1,0.84,0.76,4,0.95,none,1
TXN04836,groceries,58759,46295,1,1,1,0.53,0.58,4,0.92,none,1
TXN04837,laptop,63154,53472,0,1,1,0.94,0.63,4,0.67,category_mismatch,0
TXN04838,flight,39330,16839,1,1,1,0.88,0.69,0,0.93,none,1
TXN04839,shoes,29428,25830,1,1,1,0.45,0.48,4,0.91,none,1
TXN04840,books,35317,14466,1,1,1,0.47,0.85,4,0.86,none,1
TXN04841,flight,66499,52217,1,1,1,0.82,0.99,4,0.85,none,1
TXN04842,flight,9273,5074,1,1,1,0.59,0.45,3,0.93,none,1
TXN04843,flight,45039,18446,1,1,1,0.45,0.62,1,0.94,none,1
TXN04844,flight,73924,23513,1,1,1,0.99,0.66,0,0.96,none,1
TXN04845,headphones,20377,18519,1,1,1,0.42,0.96,1,0.87,none,1
TXN04846,headphones,72194,48298,1,1,1,0.65,0.62,1,0.87,none,1
TXN04847,groceries,40363,16534,1,1,1,0.67,0.59,5,0.9,none,1
TXN04848,groceries,37304,19572,1,1,1,0.62,0.49,4,0.85,none,1
TXN04849,laptop,17109,16500,1,1,1,0.81,0.43,4,0.81,none,1
TXN04850,books,42430,21951,1,1,1,0.95,0.61,0,0.95,none,1
TXN04851,flight,72163,93093,1,1,1,0.31,0.4,5,0.48,budget_violation,0
TXN04852,groceries,64764,55865,1,1,1,0.48,0.7,0,0.92,none,1
TXN04853,books,70650,57290,1,1,1,0.97,0.63,3,0.96,none,1
TXN04854,hotel,51942,24390,1,1,1,0.45,0.58,3,0.89,none,1
TXN04855,groceries,30998,24444,1,1,0,0.9,0.49,5,0.42,time_violation,0
TXN04856,headphones,66797,87416,1,1,1,0.43,0.69,1,0.47,budget_violation,0
TXN04857,books,33096,17380,1,0,1,0.97,0.47,2,0.2,quantity_violation,0
TXN04858,laptop,34095,28165,1,1,1,0.32,0.69,5,0.91,none,1
TXN04859,headphones,79010,77014,1,0,1,0.64,0.54,3,0.39,quantity_violation,0
TXN04860,flight,77100,42140,1,1,1,0.83,0.69,5,0.32,merchant_violation,0
TXN04861,groceries,48820,40167,1,1,0,0.67,0.71,2,0.45,time_violation,0
TXN04862,flight,86797,53543,1,1,1,0.47,0.88,4,0.91,none,1
TXN04863,hotel,35595,28687,1,1,1,0.95,0.44,3,0.85,none,1
TXN04864,flight,24735,11765,1,1,1,0.63,0.57,3,0.93,none,1
TXN04865,smartphone,19560,14818,1,0,1,0.61,0.63,0,0.59,quantity_violation,0
TXN04866,smartphone,72864,64326,1,1,1,0.63,0.62,4,0.97,none,1
TXN04867,shoes,17624,15329,1,1,1,0.33,0.87,0,0.86,none,1
TXN04868,laptop,42902,59145,1,1,1,0.57,0.73,2,0.22,budget_violation,0
TXN04869,smartphone,75927,73100,1,0,1,0.5,0.48,5,0.57,quantity_violation,0
TXN04870,books,14519,6270,1,1,1,0.46,0.96,0,0.95,none,1
TXN04871,groceries,45070,42304,1,0,1,0.44,0.83,4,0.67,quantity_violation,0
TXN04872,flight,77718,24410,1,1,1,0.58,0.89,4,0.84,none,1
TXN04873,smartphone,78910,23678,1,1,1,0.64,0.69,5,0.87,none,1
TXN04874,books,67092,46053,1,1,1,0.84,0.87,1,0.89,none,1
TXN04875,groceries,33446,24342,1,1,0,0.71,0.89,5,0.32,time_violation,0
TXN04876,groceries,51439,35927,1,1,1,0.76,1.0,4,0.96,none,1
TXN04877,flight,2459,2035,1,1,1,0.78,0.58,2,0.93,none,1
TXN04878,books,93308,53982,1,1,0,0.73,0.98,5,0.21,time_violation,0
TXN04879,smartphone,3256,2372,1,1,1,0.8,0.81,1,0.88,none,1
TXN04880,headphones,59804,32410,1,1,1,0.57,0.41,4,0.86,none,1
TXN04881,smartphone,97709,63502,1,1,1,0.35,0.67,1,0.92,none,1
TXN04882,books,22573,17534,1,0,1,0.8,0.75,4,0.43,quantity_violation,0
TXN04883,laptop,67325,34531,1,1,1,0.65,0.83,1,0.94,none,1
TXN04884,laptop,48784,32654,1,1,0,0.74,0.49,4,0.31,time_violation,0
TXN04885,flight,5356,4384,1,1,1,0.98,0.61,1,0.97,none,1
TXN04886,groceries,80430,34357,1,1,1,0.85,0.72,2,0.88,none,1
TXN04887,shoes,73455,23481,1,1,1,0.95,0.69,4,0.99,none,1
TXN04888,shoes,59955,52158,1,1,1,0.84,0.47,5,0.91,none,1
TXN04889,hotel,12071,17015,1,1,1,0.3,0.93,5,0.3,budget_violation,0
TXN04890,laptop,70360,31734,1,1,1,0.59,0.56,4,0.84,none,1
TXN04891,groceries,68618,40921,1,1,1,0.41,0.72,3,0.87,none,1
TXN04892,groceries,7019,4438,1,1,1,0.56,0.96,4,0.87,none,1
TXN04893,shoes,97339,83081,1,1,1,0.5,0.89,2,0.99,none,1
TXN04894,books,64096,25099,1,1,1,0.98,0.58,1,0.87,none,1
TXN04895,smartphone,4380,4110,1,1,1,0.86,0.72,1,0.84,none,1
TXN04896,books,67040,59805,1,0,1,0.74,0.43,0,0.28,quantity_violation,0
TXN04897,smartphone,3151,1134,1,1,1,0.34,0.68,2,0.92,none,1
TXN04898,smartphone,54224,36118,1,1,1,0.38,0.86,0,0.82,none,1
TXN04899,flight,83534,50597,1,1,1,0.46,0.57,5,0.86,none,1
TXN04900,flight,6903,4610,1,0,1,0.51,0.97,4,0.49,quantity_violation,0
TXN04901,headphones,83076,48541,1,1,1,0.92,0.77,0,0.99,none,1
TXN04902,groceries,41654,21469,1,1,1,0.47,0.66,2,0.95,none,1
TXN04903,laptop,89833,54401,1,1,0,0.45,0.58,1,0.64,time_violation,0
TXN04904,hotel,48555,31900,1,1,1,0.82,0.69,4,0.95,none,1
TXN04905,shoes,46806,43791,1,0,1,0.77,0.56,5,0.52,quantity_violation,0
TXN04906,groceries,53609,41270,1,1,1,0.32,0.42,0,0.85,none,1
TXN04907,shoes,78555,62611,1,1,1,0.31,0.82,5,0.91,none,1
TXN04908,groceries,65987,58696,1,1,1,0.37,0.41,4,0.88,none,1
TXN04909,books,7675,4999,1,1,1,0.61,0.44,0,0.99,none,1
TXN04910,smartphone,53166,51649,1,1,1,0.94,0.46,0,0.85,none,1
TXN04911,hotel,50771,39375,1,1,1,0.68,0.62,0,0.88,none,1
TXN04912,flight,35224,20061,1,1,1,0.41,0.66,0,0.83,none,1
TXN04913,flight,29709,11558,1,1,1,0.58,0.7,3,0.83,none,1
TXN04914,headphones,77546,50305,1,1,1,0.82,0.75,2,0.9,none,1
TXN04915,flight,5866,4350,1,1,1,0.75,0.77,3,0.82,none,1
TXN04916,shoes,86462,76692,1,0,1,0.37,0.65,2,0.29,quantity_violation,0
TXN04917,smartphone,35741,29986,1,1,1,0.61,0.94,2,0.81,none,1
TXN04918,hotel,35405,19790,1,1,1,0.6,0.57,2,0.94,none,1
TXN04919,headphones,79590,46947,1,1,1,0.72,0.84,2,0.85,none,1
TXN04920,smartphone,29730,25938,1,1,1,0.69,0.55,4,0.9,none,1
TXN04921,groceries,18699,16928,0,1,1,0.87,0.67,4,0.4,category_mismatch,0
TXN04922,flight,97461,88531,0,1,1,0.77,0.4,3,0.34,category_mismatch,0
TXN04923,smartphone,41762,37226,1,1,1,0.93,0.4,1,0.89,none,1
TXN04924,smartphone,25947,12913,1,1,1,0.53,0.6,0,0.91,none,1
TXN04925,headphones,57392,50607,1,1,1,0.45,0.55,0,0.97,none,1
TXN04926,flight,46177,68421,1,1,1,0.55,0.96,5,0.38,budget_violation,0
TXN04927,headphones,64077,35719,1,1,1,0.93,0.7,0,0.9,none,1
TXN04928,hotel,85833,81186,1,1,1,0.79,0.66,3,0.81,none,1
TXN04929,groceries,25660,40265,1,1,1,0.43,0.77,3,0.46,budget_violation,0
TXN04930,smartphone,97115,39429,1,1,1,0.63,0.67,1,0.83,none,1
TXN04931,groceries,17433,16406,1,1,1,0.6,0.57,4,0.87,none,1
TXN04932,smartphone,77104,38939,1,1,1,0.57,0.98,5,0.94,none,1
TXN04933,hotel,77489,76167,1,1,1,0.5,0.76,1,0.96,none,1
TXN04934,shoes,55667,41530,1,1,1,0.65,0.99,5,0.95,none,1
TXN04935,groceries,54591,43482,1,1,1,0.72,0.93,5,0.87,none,1
TXN04936,groceries,86083,52286,1,1,1,0.65,0.86,0,0.84,none,1
TXN04937,groceries,17179,13706,1,1,1,0.44,0.46,3,0.92,none,1
TXN04938,flight,32893,30939,1,1,1,0.69,0.72,1,0.84,none,1
TXN04939,flight,88129,71354,1,1,1,0.66,0.46,3,0.86,none,1
TXN04940,laptop,21646,16643,0,1,1,0.91,0.92,1,0.45,category_mismatch,0
TXN04941,flight,26421,16857,1,0,1,0.92,0.94,4,0.44,quantity_violation,0
TXN04942,smartphone,48117,23195,1,1,1,0.36,0.59,0,0.8,none,1
TXN04943,groceries,56876,52497,1,1,0,0.46,0.63,0,0.34,time_violation,0
TXN04944,laptop,19500,19347,1,1,1,0.42,0.49,3,0.91,none,1
TXN04945,headphones,19953,19383,1,1,1,0.37,0.87,5,0.83,none,1
TXN04946,groceries,85046,56868,0,1,1,0.97,0.48,0,0.46,category_mismatch,0
TXN04947,laptop,11143,7087,1,1,1,0.73,0.75,5,0.8,none,1
TXN04948,headphones,93942,62604,1,1,1,0.33,1.0,3,0.93,none,1
TXN04949,headphones,56397,33436,1,1,1,0.56,0.99,1,0.88,none,1
TXN04950,smartphone,52292,45319,1,1,1,0.95,0.47,0,0.89,none,1
TXN04951,shoes,62740,21189,1,1,1,0.78,0.67,2,0.95,none,1
TXN04952,laptop,26560,19174,1,1,1,0.97,0.42,0,0.87,none,1
TXN04953,groceries,24210,7933,1,1,1,0.31,0.51,5,0.99,none,1
TXN04954,books,38410,20298,1,1,1,0.76,0.77,5,0.91,none,1
TXN04955,headphones,9272,5694,1,1,0,0.38,0.6,1,0.28,time_violation,0
TXN04956,shoes,23665,19767,1,1,0,0.42,0.86,2,0.22,time_violation,0
TXN04957,hotel,78680,60833,1,1,1,0.69,0.97,2,0.9,none,1
TXN04958,flight,39225,56068,1,1,1,0.58,0.59,4,0.33,budget_violation,0
TXN04959,laptop,8527,6313,1,1,1,0.88,0.5,2,0.95,none,1
TXN04960,shoes,53400,38397,1,1,1,0.67,0.69,2,0.87,none,1
TXN04961,flight,85977,66380,1,0,1,0.68,0.62,0,0.64,quantity_violation,0
TXN04962,books,98999,31872,1,1,1,0.71,0.84,0,0.89,none,1
TXN04963,headphones,13450,4767,1,1,1,0.46,0.62,4,0.94,none,1
TXN04964,laptop,38060,21123,0,1,1,0.83,0.8,4,0.41,category_mismatch,0
TXN04965,laptop,16142,11345,1,0,1,0.36,0.77,1,0.69,quantity_violation,0
TXN04966,shoes,43844,25569,1,1,0,0.42,0.98,0,0.54,time_violation,0
TXN04967,shoes,11126,9126,1,1,1,0.39,0.63,1,0.85,none,1
TXN04968,groceries,13385,13073,1,1,1,0.43,0.4,3,0.24,merchant_violation,0
TXN04969,books,16869,11934,1,1,1,0.52,0.95,2,0.81,none,1
TXN04970,smartphone,80131,56160,1,1,1,0.32,0.44,5,0.8,none,1
TXN04971,flight,55141,47341,1,1,1,0.46,0.61,3,1.0,none,1
TXN04972,flight,79394,50041,1,1,1,0.6,0.62,2,0.82,none,1
TXN04973,laptop,20670,17867,1,1,1,0.98,0.87,3,0.9,none,1
TXN04974,smartphone,8120,4292,1,1,1,0.6,0.5,4,0.83,none,1
TXN04975,shoes,49015,29811,1,1,1,0.5,0.8,4,0.81,none,1
TXN04976,books,12200,5296,1,1,1,0.39,0.7,5,0.92,none,1
TXN04977,books,91976,77067,1,1,1,0.41,0.99,2,0.91,none,1
TXN04978,smartphone,53565,36835,1,1,1,0.47,0.69,0,0.86,none,1
TXN04979,smartphone,13270,11434,0,1,1,0.38,0.58,4,0.36,category_mismatch,0
TXN04980,flight,41023,24930,1,1,1,0.35,0.8,1,0.89,none,1
TXN04981,books,94579,89441,1,1,1,0.3,0.65,4,0.36,merchant_violation,0
TXN04982,flight,86806,64044,1,0,1,0.87,0.52,0,0.65,quantity_violation,0
TXN04983,smartphone,65608,61307,1,1,1,0.62,0.63,1,0.93,none,1
TXN04984,laptop,15857,11511,0,1,1,0.67,0.91,5,0.68,category_mismatch,0
TXN04985,smartphone,60647,59579,0,1,1,0.63,0.63,3,0.33,category_mismatch,0
TXN04986,laptop,9342,7155,1,1,1,0.9,0.96,2,0.86,none,1
TXN04987,headphones,53272,42443,1,1,1,0.91,0.73,1,0.97,none,1
TXN04988,smartphone,17118,8492,1,1,1,0.49,0.81,2,0.99,none,1
TXN04989,smartphone,17004,11198,1,1,0,0.5,0.64,3,0.27,time_violation,0
TXN04990,headphones,17636,27038,1,1,1,0.93,0.93,1,0.57,budget_violation,0
TXN04991,smartphone,56407,27255,1,1,1,0.34,0.71,4,0.96,none,1
TXN04992,smartphone,83301,60757,1,1,1,0.47,0.95,3,0.88,none,1
TXN04993,headphones,9471,6124,1,1,1,0.6,0.59,1,0.82,none,1
TXN04994,groceries,99574,70333,1,1,1,0.52,0.66,2,0.93,none,1
TXN04995,hotel,14552,10737,0,1,1,1.0,0.79,1,0.52,category_mismatch,0
TXN04996,hotel,84986,78132,1,1,1,0.47,0.46,5,0.8,none,1
TXN04997,books,72214,56237,1,1,1,0.75,0.72,4,0.97,none,1
TXN04998,flight,60358,20368,1,1,1,0.69,0.86,1,1.0,none,1
TXN04999,hotel,14956,7865,1,1,1,0.9,0.57,2,0.9,none,1
TXN05000,books,32515,22290,0,1,1,0.76,0.79,4,0.43,category_mismatch,0
